{"event":"start","pid":80526,"configuration":"Config { mode: \"saturation\", sessions: 64, active: 16, seconds: 1, warmup: 1, rate: 0, chunk: 4093, producer_bytes: 8589934592, observers: 1, cols: 80, rows: 24, raw: false }","measurement_clock":"monotonic","fixture_threads_per_child":2,"fixture_control_fds_per_child":2,"fixture_output_fds_per_child":1,"transient_cancel_sessions":1}
{"event":"checkpoint","phase":"baseline","rust_requested_live":10514,"rust_requested_peak":10770,"rust_allocations":50}
{"event":"runtime_options","value":"RuntimeOptions { max_sessions: 65, max_observers: 2048, replay_bytes: 68157440, output_page_bytes: 16384, input_bytes: 4194304, input_slots: 512, projection: ProjectionLimits { journal_bytes: 16777216, journal_slots: 4096, transfer_observers: 2048, staging_bytes: 67108864, staging_slots: 16384, resident_bytes: 1073741824, checkpoint_bytes: 536870912, stored_bytes: 1073741824, stored_slots: 4096, view_bytes: 134217728, request_slots: 4096 } }"}
{"event":"checkpoint","phase":"runtime","rust_requested_live":896077,"rust_requested_peak":896077,"rust_allocations":196}
{"event":"child","producer":0,"pid":80534}
{"event":"child","producer":1,"pid":80538}
{"event":"child","producer":2,"pid":80542}
{"event":"child","producer":3,"pid":80546}
{"event":"child","producer":4,"pid":80550}
{"event":"child","producer":5,"pid":80554}
{"event":"child","producer":6,"pid":80558}
{"event":"child","producer":7,"pid":80562}
{"event":"child","producer":8,"pid":80566}
{"event":"child","producer":9,"pid":80570}
{"event":"child","producer":10,"pid":80574}
{"event":"child","producer":11,"pid":80578}
{"event":"child","producer":12,"pid":80582}
{"event":"child","producer":13,"pid":80586}
{"event":"child","producer":14,"pid":80590}
{"event":"child","producer":15,"pid":80594}
{"event":"child","producer":16,"pid":80598}
{"event":"child","producer":17,"pid":80602}
{"event":"child","producer":18,"pid":80606}
{"event":"child","producer":19,"pid":80610}
{"event":"child","producer":20,"pid":80614}
{"event":"child","producer":21,"pid":80618}
{"event":"child","producer":22,"pid":80622}
{"event":"child","producer":23,"pid":80626}
{"event":"child","producer":24,"pid":80630}
{"event":"child","producer":25,"pid":80634}
{"event":"child","producer":26,"pid":80638}
{"event":"child","producer":27,"pid":80642}
{"event":"child","producer":28,"pid":80646}
{"event":"child","producer":29,"pid":80650}
{"event":"child","producer":30,"pid":80654}
{"event":"child","producer":31,"pid":80658}
{"event":"child","producer":32,"pid":80662}
{"event":"child","producer":33,"pid":80666}
{"event":"child","producer":34,"pid":80670}
{"event":"child","producer":35,"pid":80674}
{"event":"child","producer":36,"pid":80678}
{"event":"child","producer":37,"pid":80682}
{"event":"child","producer":38,"pid":80686}
{"event":"child","producer":39,"pid":80690}
{"event":"child","producer":40,"pid":80694}
{"event":"child","producer":41,"pid":80698}
{"event":"child","producer":42,"pid":80702}
{"event":"child","producer":43,"pid":80706}
{"event":"child","producer":44,"pid":80710}
{"event":"child","producer":45,"pid":80714}
{"event":"child","producer":46,"pid":80718}
{"event":"child","producer":47,"pid":80722}
{"event":"child","producer":48,"pid":80726}
{"event":"child","producer":49,"pid":80730}
{"event":"child","producer":50,"pid":80734}
{"event":"child","producer":51,"pid":80738}
{"event":"child","producer":52,"pid":80742}
{"event":"child","producer":53,"pid":80746}
{"event":"child","producer":54,"pid":80750}
{"event":"child","producer":55,"pid":80754}
{"event":"child","producer":56,"pid":80758}
{"event":"child","producer":57,"pid":80762}
{"event":"child","producer":58,"pid":80766}
{"event":"child","producer":59,"pid":80770}
{"event":"child","producer":60,"pid":80774}
{"event":"child","producer":61,"pid":80778}
{"event":"child","producer":62,"pid":80782}
{"event":"child","producer":63,"pid":80786}
{"event":"budget","phase":"ready","name":"observers","used":64,"limit":2048}
{"event":"budget","phase":"ready","name":"replay_capacity","used":0,"limit":68157440}
{"event":"budget","phase":"ready","name":"input_bytes","used":0,"limit":4194304}
{"event":"budget","phase":"ready","name":"input_slots","used":0,"limit":512}
{"event":"budget","phase":"ready","name":"journal_bytes","used":0,"limit":16777216}
{"event":"budget","phase":"ready","name":"journal_slots","used":0,"limit":4096}
{"event":"budget","phase":"ready","name":"transfer_observers","used":0,"limit":2048}
{"event":"budget","phase":"ready","name":"staging_bytes","used":0,"limit":67108864}
{"event":"budget","phase":"ready","name":"staging_slots","used":0,"limit":16384}
{"event":"budget","phase":"ready","name":"native_reservations","used":536870912,"limit":1073741824}
{"event":"budget","phase":"ready","name":"checkpoint_buffers","used":0,"limit":536870912}
{"event":"budget","phase":"ready","name":"stored_bytes","used":0,"limit":1073741824}
{"event":"budget","phase":"ready","name":"stored_slots","used":0,"limit":4096}
{"event":"budget","phase":"ready","name":"views","used":0,"limit":134217728}
{"event":"budget","phase":"ready","name":"requests","used":0,"limit":4096}
{"event":"checkpoint","phase":"ready","rust_requested_live":4023417,"rust_requested_peak":4023417,"rust_allocations":6494}
{"event":"producer_start","producer":0,"phase":0,"unix_ns":1788899159115522000}
{"event":"producer_start","producer":4,"phase":0,"unix_ns":1788899159113777000}
{"event":"producer_start","producer":7,"phase":0,"unix_ns":1788899159115511000}
{"event":"producer_start","producer":11,"phase":0,"unix_ns":1788899159115507000}
{"event":"producer_start","producer":16,"phase":0,"unix_ns":1788899159115496000}
{"event":"producer_start","producer":19,"phase":0,"unix_ns":1788899159113770000}
{"event":"producer_start","producer":22,"phase":0,"unix_ns":1788899159115496000}
{"event":"producer_start","producer":28,"phase":0,"unix_ns":1788899159115485000}
{"event":"producer_start","producer":30,"phase":0,"unix_ns":1788899159113769000}
{"event":"producer_start","producer":33,"phase":0,"unix_ns":1788899159115472000}
{"event":"producer_start","producer":35,"phase":0,"unix_ns":1788899159113769000}
{"event":"producer_start","producer":39,"phase":0,"unix_ns":1788899159115489000}
{"event":"producer_start","producer":41,"phase":0,"unix_ns":1788899159113771000}
{"event":"producer_start","producer":45,"phase":0,"unix_ns":1788899159115511000}
{"event":"producer_start","producer":50,"phase":0,"unix_ns":1788899159115490000}
{"event":"producer_start","producer":53,"phase":0,"unix_ns":1788899159116787000}
{"event":"producer_start","producer":55,"phase":0,"unix_ns":1788899159115473000}
{"event":"producer_start","producer":58,"phase":0,"unix_ns":1788899159115484000}
{"event":"producer_start","producer":1,"phase":0,"unix_ns":1788899159118992000}
{"event":"producer_start","producer":5,"phase":0,"unix_ns":1788899159117962000}
{"event":"producer_start","producer":6,"phase":0,"unix_ns":1788899159120420000}
{"event":"producer_start","producer":8,"phase":0,"unix_ns":1788899159118965000}
{"event":"producer_start","producer":12,"phase":0,"unix_ns":1788899159118978000}
{"event":"producer_start","producer":13,"phase":0,"unix_ns":1788899159116779000}
{"event":"producer_start","producer":14,"phase":0,"unix_ns":1788899159121201000}
{"event":"producer_start","producer":15,"phase":0,"unix_ns":1788899159118992000}
{"event":"producer_start","producer":17,"phase":0,"unix_ns":1788899159121194000}
{"event":"producer_start","producer":18,"phase":0,"unix_ns":1788899159120411000}
{"event":"producer_start","producer":20,"phase":0,"unix_ns":1788899159118954000}
{"event":"producer_start","producer":21,"phase":0,"unix_ns":1788899159121180000}
{"event":"producer_start","producer":24,"phase":0,"unix_ns":1788899159116759000}
{"event":"producer_start","producer":25,"phase":0,"unix_ns":1788899159118939000}
{"event":"producer_start","producer":26,"phase":0,"unix_ns":1788899159120403000}
{"event":"producer_start","producer":27,"phase":0,"unix_ns":1788899159121188000}
{"event":"producer_start","producer":29,"phase":0,"unix_ns":1788899159121179000}
{"event":"producer_start","producer":32,"phase":0,"unix_ns":1788899159121184000}
{"event":"producer_start","producer":34,"phase":0,"unix_ns":1788899159118964000}
{"event":"producer_start","producer":36,"phase":0,"unix_ns":1788899159121200000}
{"event":"producer_start","producer":37,"phase":0,"unix_ns":1788899159120393000}
{"event":"producer_start","producer":40,"phase":0,"unix_ns":1788899159118974000}
{"event":"producer_start","producer":42,"phase":0,"unix_ns":1788899159116768000}
{"event":"producer_start","producer":43,"phase":0,"unix_ns":1788899159120408000}
{"event":"producer_start","producer":44,"phase":0,"unix_ns":1788899159121149000}
{"event":"producer_start","producer":46,"phase":0,"unix_ns":1788899159118965000}
{"event":"producer_start","producer":47,"phase":0,"unix_ns":1788899159116793000}
{"event":"producer_start","producer":48,"phase":0,"unix_ns":1788899159121190000}
{"event":"producer_start","producer":51,"phase":0,"unix_ns":1788899159118931000}
{"event":"producer_start","producer":52,"phase":0,"unix_ns":1788899159118910000}
{"event":"producer_start","producer":54,"phase":0,"unix_ns":1788899159120394000}
{"event":"producer_start","producer":56,"phase":0,"unix_ns":1788899159121182000}
{"event":"producer_start","producer":57,"phase":0,"unix_ns":1788899159118903000}
{"event":"producer_start","producer":59,"phase":0,"unix_ns":1788899159121218000}
{"event":"producer_start","producer":60,"phase":0,"unix_ns":1788899159121186000}
{"event":"producer_start","producer":61,"phase":0,"unix_ns":1788899159121209000}
{"event":"producer_start","producer":62,"phase":0,"unix_ns":1788899159118923000}
{"event":"producer_start","producer":63,"phase":0,"unix_ns":1788899159121173000}
{"event":"producer_start","producer":2,"phase":0,"unix_ns":1788899159121207000}
{"event":"producer_start","producer":3,"phase":0,"unix_ns":1788899159122336000}
{"event":"producer_start","producer":9,"phase":0,"unix_ns":1788899159121197000}
{"event":"producer_start","producer":10,"phase":0,"unix_ns":1788899159122948000}
{"event":"producer_start","producer":23,"phase":0,"unix_ns":1788899159122944000}
{"event":"producer_start","producer":31,"phase":0,"unix_ns":1788899159122327000}
{"event":"producer_start","producer":38,"phase":0,"unix_ns":1788899159122333000}
{"event":"producer_start","producer":49,"phase":0,"unix_ns":1788899159122924000}
{"event":"budget","phase":"under_load","name":"observers","used":65,"limit":2048}
{"event":"budget","phase":"under_load","name":"replay_capacity","used":16777216,"limit":68157440}
{"event":"budget","phase":"under_load","name":"input_bytes","used":0,"limit":4194304}
{"event":"budget","phase":"under_load","name":"input_slots","used":0,"limit":512}
{"event":"budget","phase":"under_load","name":"journal_bytes","used":0,"limit":16777216}
{"event":"budget","phase":"under_load","name":"journal_slots","used":0,"limit":4096}
{"event":"budget","phase":"under_load","name":"transfer_observers","used":0,"limit":2048}
{"event":"budget","phase":"under_load","name":"staging_bytes","used":4186782,"limit":67108864}
{"event":"budget","phase":"under_load","name":"staging_slots","used":4090,"limit":16384}
{"event":"budget","phase":"under_load","name":"native_reservations","used":536870912,"limit":1073741824}
{"event":"budget","phase":"under_load","name":"checkpoint_buffers","used":0,"limit":536870912}
{"event":"budget","phase":"under_load","name":"stored_bytes","used":0,"limit":1073741824}
{"event":"budget","phase":"under_load","name":"stored_slots","used":0,"limit":4096}
{"event":"budget","phase":"under_load","name":"views","used":28672,"limit":134217728}
{"event":"budget","phase":"under_load","name":"requests","used":0,"limit":4096}
{"event":"producer_end","producer":0,"phase":0,"elapsed_ns":1000011000,"phase_bytes":4321616,"start_monotonic_ns":435525323423000,"end_monotonic_ns":435526323434000}
{"event":"producer_writes","producer":0,"phase":0,"write_syscall_ns":20845972,"max_write_ns":273542,"eagain_count":4233,"partial_write_count":4212,"byte_cap":8589934592,"cap_exhausted":false}
{"event":"producer_end","producer":1,"phase":0,"elapsed_ns":1000009000,"phase_bytes":4287026,"start_monotonic_ns":435525326892000,"end_monotonic_ns":435526326901000}
{"event":"producer_writes","producer":1,"phase":0,"write_syscall_ns":20022374,"max_write_ns":103750,"eagain_count":4227,"partial_write_count":4186,"byte_cap":8589934592,"cap_exhausted":false}
{"event":"producer_end","producer":2,"phase":0,"elapsed_ns":1000022000,"phase_bytes":4297879,"start_monotonic_ns":435525329106000,"end_monotonic_ns":435526329128000}
{"event":"producer_writes","producer":2,"phase":0,"write_syscall_ns":20427843,"max_write_ns":282750,"eagain_count":4221,"partial_write_count":4192,"byte_cap":8589934592,"cap_exhausted":false}
{"event":"producer_end","producer":3,"phase":0,"elapsed_ns":1000025000,"phase_bytes":4263314,"start_monotonic_ns":435525330239000,"end_monotonic_ns":435526330264000}
{"event":"producer_writes","producer":3,"phase":0,"write_syscall_ns":20503298,"max_write_ns":242083,"eagain_count":4189,"partial_write_count":4157,"byte_cap":8589934592,"cap_exhausted":false}
{"event":"producer_end","producer":4,"phase":0,"elapsed_ns":1000016000,"phase_bytes":4257747,"start_monotonic_ns":435525321691000,"end_monotonic_ns":435526321707000}
{"event":"producer_writes","producer":4,"phase":0,"write_syscall_ns":20635039,"max_write_ns":225125,"eagain_count":4169,"partial_write_count":4136,"byte_cap":8589934592,"cap_exhausted":false}
{"event":"producer_end","producer":5,"phase":0,"elapsed_ns":1000015000,"phase_bytes":4212838,"start_monotonic_ns":435525325864000,"end_monotonic_ns":435526325879000}
{"event":"producer_writes","producer":5,"phase":0,"write_syscall_ns":20232081,"max_write_ns":195042,"eagain_count":4115,"partial_write_count":4087,"byte_cap":8589934592,"cap_exhausted":false}
{"event":"producer_end","producer":6,"phase":0,"elapsed_ns":1000020000,"phase_bytes":4201496,"start_monotonic_ns":435525328321000,"end_monotonic_ns":435526328341000}
{"event":"producer_writes","producer":6,"phase":0,"write_syscall_ns":20330147,"max_write_ns":107125,"eagain_count":4139,"partial_write_count":4096,"byte_cap":8589934592,"cap_exhausted":false}
{"event":"producer_end","producer":7,"phase":0,"elapsed_ns":1000038000,"phase_bytes":4145526,"start_monotonic_ns":435525323418000,"end_monotonic_ns":435526323456000}
{"event":"producer_writes","producer":7,"phase":0,"write_syscall_ns":20720962,"max_write_ns":237333,"eagain_count":4090,"partial_write_count":4045,"byte_cap":8589934592,"cap_exhausted":false}
{"event":"producer_end","producer":8,"phase":0,"elapsed_ns":1000014000,"phase_bytes":4162864,"start_monotonic_ns":435525326867000,"end_monotonic_ns":435526326881000}
{"event":"producer_writes","producer":8,"phase":0,"write_syscall_ns":20649660,"max_write_ns":277125,"eagain_count":4100,"partial_write_count":4062,"byte_cap":8589934592,"cap_exhausted":false}
{"event":"producer_end","producer":9,"phase":0,"elapsed_ns":1000010000,"phase_bytes":4162913,"start_monotonic_ns":435525329098000,"end_monotonic_ns":435526329108000}
{"event":"producer_writes","producer":9,"phase":0,"write_syscall_ns":20958612,"max_write_ns":204959,"eagain_count":4092,"partial_write_count":4062,"byte_cap":8589934592,"cap_exhausted":false}
{"event":"producer_end","producer":10,"phase":0,"elapsed_ns":1000009000,"phase_bytes":4181735,"start_monotonic_ns":435525330851000,"end_monotonic_ns":435526330860000}
{"event":"producer_writes","producer":10,"phase":0,"write_syscall_ns":21098327,"max_write_ns":283750,"eagain_count":4107,"partial_write_count":4077,"byte_cap":8589934592,"cap_exhausted":false}
{"event":"producer_end","producer":11,"phase":0,"elapsed_ns":1000021000,"phase_bytes":4136463,"start_monotonic_ns":435525323411000,"end_monotonic_ns":435526323432000}
{"event":"producer_writes","producer":11,"phase":0,"write_syscall_ns":21048797,"max_write_ns":283209,"eagain_count":4066,"partial_write_count":4030,"byte_cap":8589934592,"cap_exhausted":false}
{"event":"producer_end","producer":12,"phase":0,"elapsed_ns":1000015000,"phase_bytes":4151611,"start_monotonic_ns":435525326881000,"end_monotonic_ns":435526326896000}
{"event":"producer_writes","producer":12,"phase":0,"write_syscall_ns":20708148,"max_write_ns":262208,"eagain_count":4071,"partial_write_count":4043,"byte_cap":8589934592,"cap_exhausted":false}
{"event":"producer_end","producer":13,"phase":0,"elapsed_ns":1000024000,"phase_bytes":4145343,"start_monotonic_ns":435525324680000,"end_monotonic_ns":435526324704000}
{"event":"producer_writes","producer":13,"phase":0,"write_syscall_ns":21213655,"max_write_ns":303500,"eagain_count":4088,"partial_write_count":4043,"byte_cap":8589934592,"cap_exhausted":false}
{"event":"producer_end","producer":14,"phase":0,"elapsed_ns":1000023000,"phase_bytes":4162097,"start_monotonic_ns":435525329103000,"end_monotonic_ns":435526329126000}
{"event":"producer_writes","producer":14,"phase":0,"write_syscall_ns":21484512,"max_write_ns":484917,"eagain_count":4097,"partial_write_count":4052,"byte_cap":8589934592,"cap_exhausted":false}
{"event":"producer_end","producer":15,"phase":0,"elapsed_ns":1000026000,"phase_bytes":4143287,"start_monotonic_ns":435525326894000,"end_monotonic_ns":435526326920000}
{"event":"producer_writes","producer":15,"phase":0,"write_syscall_ns":20184008,"max_write_ns":132958,"eagain_count":4065,"partial_write_count":4036,"byte_cap":8589934592,"cap_exhausted":false}
{"event":"producer_end","producer":16,"phase":0,"elapsed_ns":1000355000,"phase_bytes":0,"start_monotonic_ns":435525323397000,"end_monotonic_ns":435526323752000}
{"event":"producer_writes","producer":16,"phase":0,"write_syscall_ns":0,"max_write_ns":0,"eagain_count":0,"partial_write_count":0,"byte_cap":8589934592,"cap_exhausted":false}
{"event":"producer_end","producer":17,"phase":0,"elapsed_ns":1004043000,"phase_bytes":0,"start_monotonic_ns":435525329096000,"end_monotonic_ns":435526333139000}
{"event":"producer_writes","producer":17,"phase":0,"write_syscall_ns":0,"max_write_ns":0,"eagain_count":0,"partial_write_count":0,"byte_cap":8589934592,"cap_exhausted":false}
{"event":"producer_end","producer":18,"phase":0,"elapsed_ns":1000803000,"phase_bytes":0,"start_monotonic_ns":435525328312000,"end_monotonic_ns":435526329115000}
{"event":"producer_writes","producer":18,"phase":0,"write_syscall_ns":0,"max_write_ns":0,"eagain_count":0,"partial_write_count":0,"byte_cap":8589934592,"cap_exhausted":false}
{"event":"producer_end","producer":19,"phase":0,"elapsed_ns":1000898000,"phase_bytes":0,"start_monotonic_ns":435525321671000,"end_monotonic_ns":435526322569000}
{"event":"producer_writes","producer":19,"phase":0,"write_syscall_ns":0,"max_write_ns":0,"eagain_count":0,"partial_write_count":0,"byte_cap":8589934592,"cap_exhausted":false}
{"event":"producer_end","producer":20,"phase":0,"elapsed_ns":1003317000,"phase_bytes":0,"start_monotonic_ns":435525326855000,"end_monotonic_ns":435526330172000}
{"event":"producer_writes","producer":20,"phase":0,"write_syscall_ns":0,"max_write_ns":0,"eagain_count":0,"partial_write_count":0,"byte_cap":8589934592,"cap_exhausted":false}
{"event":"producer_end","producer":21,"phase":0,"elapsed_ns":1000029000,"phase_bytes":0,"start_monotonic_ns":435525329079000,"end_monotonic_ns":435526329108000}
{"event":"producer_writes","producer":21,"phase":0,"write_syscall_ns":0,"max_write_ns":0,"eagain_count":0,"partial_write_count":0,"byte_cap":8589934592,"cap_exhausted":false}
{"event":"producer_end","producer":22,"phase":0,"elapsed_ns":1000038000,"phase_bytes":0,"start_monotonic_ns":435525323397000,"end_monotonic_ns":435526323435000}
{"event":"producer_writes","producer":22,"phase":0,"write_syscall_ns":0,"max_write_ns":0,"eagain_count":0,"partial_write_count":0,"byte_cap":8589934592,"cap_exhausted":false}
{"event":"producer_end","producer":23,"phase":0,"elapsed_ns":1002292000,"phase_bytes":0,"start_monotonic_ns":435525330843000,"end_monotonic_ns":435526333135000}
{"event":"producer_writes","producer":23,"phase":0,"write_syscall_ns":0,"max_write_ns":0,"eagain_count":0,"partial_write_count":0,"byte_cap":8589934592,"cap_exhausted":false}
{"event":"producer_end","producer":24,"phase":0,"elapsed_ns":1000048000,"phase_bytes":0,"start_monotonic_ns":435525324658000,"end_monotonic_ns":435526324706000}
{"event":"producer_writes","producer":24,"phase":0,"write_syscall_ns":0,"max_write_ns":0,"eagain_count":0,"partial_write_count":0,"byte_cap":8589934592,"cap_exhausted":false}
{"event":"producer_end","producer":25,"phase":0,"elapsed_ns":1002274000,"phase_bytes":0,"start_monotonic_ns":435525326838000,"end_monotonic_ns":435526329112000}
{"event":"producer_writes","producer":25,"phase":0,"write_syscall_ns":0,"max_write_ns":0,"eagain_count":0,"partial_write_count":0,"byte_cap":8589934592,"cap_exhausted":false}
{"event":"producer_end","producer":26,"phase":0,"elapsed_ns":1002147000,"phase_bytes":0,"start_monotonic_ns":435525328306000,"end_monotonic_ns":435526330453000}
{"event":"producer_writes","producer":26,"phase":0,"write_syscall_ns":0,"max_write_ns":0,"eagain_count":0,"partial_write_count":0,"byte_cap":8589934592,"cap_exhausted":false}
{"event":"producer_end","producer":27,"phase":0,"elapsed_ns":1001365000,"phase_bytes":0,"start_monotonic_ns":435525329087000,"end_monotonic_ns":435526330452000}
{"event":"producer_writes","producer":27,"phase":0,"write_syscall_ns":0,"max_write_ns":0,"eagain_count":0,"partial_write_count":0,"byte_cap":8589934592,"cap_exhausted":false}
{"event":"producer_end","producer":28,"phase":0,"elapsed_ns":1000370000,"phase_bytes":0,"start_monotonic_ns":435525323384000,"end_monotonic_ns":435526323754000}
{"event":"producer_writes","producer":28,"phase":0,"write_syscall_ns":0,"max_write_ns":0,"eagain_count":0,"partial_write_count":0,"byte_cap":8589934592,"cap_exhausted":false}
{"event":"producer_end","producer":29,"phase":0,"elapsed_ns":1001371000,"phase_bytes":0,"start_monotonic_ns":435525329078000,"end_monotonic_ns":435526330449000}
{"event":"producer_writes","producer":29,"phase":0,"write_syscall_ns":0,"max_write_ns":0,"eagain_count":0,"partial_write_count":0,"byte_cap":8589934592,"cap_exhausted":false}
{"event":"producer_end","producer":30,"phase":0,"elapsed_ns":1000297000,"phase_bytes":0,"start_monotonic_ns":435525321669000,"end_monotonic_ns":435526321966000}
{"event":"producer_writes","producer":30,"phase":0,"write_syscall_ns":0,"max_write_ns":0,"eagain_count":0,"partial_write_count":0,"byte_cap":8589934592,"cap_exhausted":false}
{"event":"producer_end","producer":31,"phase":0,"elapsed_ns":1000153000,"phase_bytes":0,"start_monotonic_ns":435525330226000,"end_monotonic_ns":435526330379000}
{"event":"producer_writes","producer":31,"phase":0,"write_syscall_ns":0,"max_write_ns":0,"eagain_count":0,"partial_write_count":0,"byte_cap":8589934592,"cap_exhausted":false}
{"event":"producer_end","producer":32,"phase":0,"elapsed_ns":1000045000,"phase_bytes":0,"start_monotonic_ns":435525329084000,"end_monotonic_ns":435526329129000}
{"event":"producer_writes","producer":32,"phase":0,"write_syscall_ns":0,"max_write_ns":0,"eagain_count":0,"partial_write_count":0,"byte_cap":8589934592,"cap_exhausted":false}
{"event":"producer_end","producer":33,"phase":0,"elapsed_ns":1002628000,"phase_bytes":0,"start_monotonic_ns":435525323380000,"end_monotonic_ns":435526326008000}
{"event":"producer_writes","producer":33,"phase":0,"write_syscall_ns":0,"max_write_ns":0,"eagain_count":0,"partial_write_count":0,"byte_cap":8589934592,"cap_exhausted":false}
{"event":"producer_end","producer":34,"phase":0,"elapsed_ns":1001660000,"phase_bytes":0,"start_monotonic_ns":435525326867000,"end_monotonic_ns":435526328527000}
{"event":"producer_writes","producer":34,"phase":0,"write_syscall_ns":0,"max_write_ns":0,"eagain_count":0,"partial_write_count":0,"byte_cap":8589934592,"cap_exhausted":false}
{"event":"producer_end","producer":35,"phase":0,"elapsed_ns":1000036000,"phase_bytes":0,"start_monotonic_ns":435525321669000,"end_monotonic_ns":435526321705000}
{"event":"producer_writes","producer":35,"phase":0,"write_syscall_ns":0,"max_write_ns":0,"eagain_count":0,"partial_write_count":0,"byte_cap":8589934592,"cap_exhausted":false}
{"event":"producer_end","producer":36,"phase":0,"elapsed_ns":1000458000,"phase_bytes":0,"start_monotonic_ns":435525329098000,"end_monotonic_ns":435526329556000}
{"event":"producer_writes","producer":36,"phase":0,"write_syscall_ns":0,"max_write_ns":0,"eagain_count":0,"partial_write_count":0,"byte_cap":8589934592,"cap_exhausted":false}
{"event":"producer_end","producer":37,"phase":0,"elapsed_ns":1000819000,"phase_bytes":0,"start_monotonic_ns":435525328293000,"end_monotonic_ns":435526329112000}
{"event":"producer_writes","producer":37,"phase":0,"write_syscall_ns":0,"max_write_ns":0,"eagain_count":0,"partial_write_count":0,"byte_cap":8589934592,"cap_exhausted":false}
{"event":"producer_end","producer":38,"phase":0,"elapsed_ns":1000137000,"phase_bytes":0,"start_monotonic_ns":435525330234000,"end_monotonic_ns":435526330371000}
{"event":"producer_writes","producer":38,"phase":0,"write_syscall_ns":0,"max_write_ns":0,"eagain_count":0,"partial_write_count":0,"byte_cap":8589934592,"cap_exhausted":false}
{"event":"producer_end","producer":39,"phase":0,"elapsed_ns":1000333000,"phase_bytes":0,"start_monotonic_ns":435525323390000,"end_monotonic_ns":435526323723000}
{"event":"producer_writes","producer":39,"phase":0,"write_syscall_ns":0,"max_write_ns":0,"eagain_count":0,"partial_write_count":0,"byte_cap":8589934592,"cap_exhausted":false}
{"event":"producer_end","producer":40,"phase":0,"elapsed_ns":1000590000,"phase_bytes":0,"start_monotonic_ns":435525326874000,"end_monotonic_ns":435526327464000}
{"event":"producer_writes","producer":40,"phase":0,"write_syscall_ns":0,"max_write_ns":0,"eagain_count":0,"partial_write_count":0,"byte_cap":8589934592,"cap_exhausted":false}
{"event":"producer_end","producer":41,"phase":0,"elapsed_ns":1000432000,"phase_bytes":0,"start_monotonic_ns":435525321673000,"end_monotonic_ns":435526322105000}
{"event":"producer_writes","producer":41,"phase":0,"write_syscall_ns":0,"max_write_ns":0,"eagain_count":0,"partial_write_count":0,"byte_cap":8589934592,"cap_exhausted":false}
{"event":"producer_end","producer":42,"phase":0,"elapsed_ns":1000094000,"phase_bytes":0,"start_monotonic_ns":435525324667000,"end_monotonic_ns":435526324761000}
{"event":"producer_writes","producer":42,"phase":0,"write_syscall_ns":0,"max_write_ns":0,"eagain_count":0,"partial_write_count":0,"byte_cap":8589934592,"cap_exhausted":false}
{"event":"producer_end","producer":43,"phase":0,"elapsed_ns":1000072000,"phase_bytes":0,"start_monotonic_ns":435525328308000,"end_monotonic_ns":435526328380000}
{"event":"producer_writes","producer":43,"phase":0,"write_syscall_ns":0,"max_write_ns":0,"eagain_count":0,"partial_write_count":0,"byte_cap":8589934592,"cap_exhausted":false}
{"event":"producer_end","producer":44,"phase":0,"elapsed_ns":1001121000,"phase_bytes":0,"start_monotonic_ns":435525329052000,"end_monotonic_ns":435526330173000}
{"event":"producer_writes","producer":44,"phase":0,"write_syscall_ns":0,"max_write_ns":0,"eagain_count":0,"partial_write_count":0,"byte_cap":8589934592,"cap_exhausted":false}
{"event":"producer_end","producer":45,"phase":0,"elapsed_ns":1000333000,"phase_bytes":0,"start_monotonic_ns":435525323412000,"end_monotonic_ns":435526323745000}
{"event":"producer_writes","producer":45,"phase":0,"write_syscall_ns":0,"max_write_ns":0,"eagain_count":0,"partial_write_count":0,"byte_cap":8589934592,"cap_exhausted":false}
{"event":"producer_end","producer":46,"phase":0,"elapsed_ns":1002895000,"phase_bytes":0,"start_monotonic_ns":435525326865000,"end_monotonic_ns":435526329760000}
{"event":"producer_writes","producer":46,"phase":0,"write_syscall_ns":0,"max_write_ns":0,"eagain_count":0,"partial_write_count":0,"byte_cap":8589934592,"cap_exhausted":false}
{"event":"producer_end","producer":47,"phase":0,"elapsed_ns":1003189000,"phase_bytes":0,"start_monotonic_ns":435525324693000,"end_monotonic_ns":435526327882000}
{"event":"producer_writes","producer":47,"phase":0,"write_syscall_ns":0,"max_write_ns":0,"eagain_count":0,"partial_write_count":0,"byte_cap":8589934592,"cap_exhausted":false}
{"event":"producer_end","producer":48,"phase":0,"elapsed_ns":1001357000,"phase_bytes":0,"start_monotonic_ns":435525329090000,"end_monotonic_ns":435526330447000}
{"event":"producer_writes","producer":48,"phase":0,"write_syscall_ns":0,"max_write_ns":0,"eagain_count":0,"partial_write_count":0,"byte_cap":8589934592,"cap_exhausted":false}
{"event":"producer_end","producer":50,"phase":0,"elapsed_ns":1000386000,"phase_bytes":0,"start_monotonic_ns":435525323391000,"end_monotonic_ns":435526323777000}
{"event":"producer_writes","producer":50,"phase":0,"write_syscall_ns":0,"max_write_ns":0,"eagain_count":0,"partial_write_count":0,"byte_cap":8589934592,"cap_exhausted":false}
{"event":"producer_end","producer":51,"phase":0,"elapsed_ns":1000579000,"phase_bytes":0,"start_monotonic_ns":435525326830000,"end_monotonic_ns":435526327409000}
{"event":"producer_writes","producer":51,"phase":0,"write_syscall_ns":0,"max_write_ns":0,"eagain_count":0,"partial_write_count":0,"byte_cap":8589934592,"cap_exhausted":false}
{"event":"producer_end","producer":52,"phase":0,"elapsed_ns":1000037000,"phase_bytes":0,"start_monotonic_ns":435525326811000,"end_monotonic_ns":435526326848000}
{"event":"producer_writes","producer":52,"phase":0,"write_syscall_ns":0,"max_write_ns":0,"eagain_count":0,"partial_write_count":0,"byte_cap":8589934592,"cap_exhausted":false}
{"event":"producer_end","producer":53,"phase":0,"elapsed_ns":1000836000,"phase_bytes":0,"start_monotonic_ns":435525324689000,"end_monotonic_ns":435526325525000}
{"event":"producer_writes","producer":53,"phase":0,"write_syscall_ns":0,"max_write_ns":0,"eagain_count":0,"partial_write_count":0,"byte_cap":8589934592,"cap_exhausted":false}
{"event":"producer_end","producer":54,"phase":0,"elapsed_ns":1000065000,"phase_bytes":0,"start_monotonic_ns":435525328296000,"end_monotonic_ns":435526328361000}
{"event":"producer_writes","producer":54,"phase":0,"write_syscall_ns":0,"max_write_ns":0,"eagain_count":0,"partial_write_count":0,"byte_cap":8589934592,"cap_exhausted":false}
{"event":"producer_end","producer":55,"phase":0,"elapsed_ns":1000066000,"phase_bytes":0,"start_monotonic_ns":435525323373000,"end_monotonic_ns":435526323439000}
{"event":"producer_writes","producer":55,"phase":0,"write_syscall_ns":0,"max_write_ns":0,"eagain_count":0,"partial_write_count":0,"byte_cap":8589934592,"cap_exhausted":false}
{"event":"producer_end","producer":56,"phase":0,"elapsed_ns":1000029000,"phase_bytes":0,"start_monotonic_ns":435525329081000,"end_monotonic_ns":435526329110000}
{"event":"producer_writes","producer":56,"phase":0,"write_syscall_ns":0,"max_write_ns":0,"eagain_count":0,"partial_write_count":0,"byte_cap":8589934592,"cap_exhausted":false}
{"event":"producer_end","producer":57,"phase":0,"elapsed_ns":1000061000,"phase_bytes":0,"start_monotonic_ns":435525326801000,"end_monotonic_ns":435526326862000}
{"event":"producer_writes","producer":57,"phase":0,"write_syscall_ns":0,"max_write_ns":0,"eagain_count":0,"partial_write_count":0,"byte_cap":8589934592,"cap_exhausted":false}
{"event":"producer_end","producer":58,"phase":0,"elapsed_ns":1000415000,"phase_bytes":0,"start_monotonic_ns":435525323384000,"end_monotonic_ns":435526323799000}
{"event":"producer_writes","producer":58,"phase":0,"write_syscall_ns":0,"max_write_ns":0,"eagain_count":0,"partial_write_count":0,"byte_cap":8589934592,"cap_exhausted":false}
{"event":"producer_end","producer":59,"phase":0,"elapsed_ns":1000242000,"phase_bytes":0,"start_monotonic_ns":435525329118000,"end_monotonic_ns":435526329360000}
{"event":"producer_writes","producer":59,"phase":0,"write_syscall_ns":0,"max_write_ns":0,"eagain_count":0,"partial_write_count":0,"byte_cap":8589934592,"cap_exhausted":false}
{"event":"producer_end","producer":60,"phase":0,"elapsed_ns":1001296000,"phase_bytes":0,"start_monotonic_ns":435525329085000,"end_monotonic_ns":435526330381000}
{"event":"producer_writes","producer":60,"phase":0,"write_syscall_ns":0,"max_write_ns":0,"eagain_count":0,"partial_write_count":0,"byte_cap":8589934592,"cap_exhausted":false}
{"event":"producer_end","producer":61,"phase":0,"elapsed_ns":1000263000,"phase_bytes":0,"start_monotonic_ns":435525329108000,"end_monotonic_ns":435526329371000}
{"event":"producer_writes","producer":61,"phase":0,"write_syscall_ns":0,"max_write_ns":0,"eagain_count":0,"partial_write_count":0,"byte_cap":8589934592,"cap_exhausted":false}
{"event":"producer_end","producer":62,"phase":0,"elapsed_ns":1002309000,"phase_bytes":0,"start_monotonic_ns":435525326821000,"end_monotonic_ns":435526329130000}
{"event":"producer_writes","producer":62,"phase":0,"write_syscall_ns":0,"max_write_ns":0,"eagain_count":0,"partial_write_count":0,"byte_cap":8589934592,"cap_exhausted":false}
{"event":"producer_end","producer":63,"phase":0,"elapsed_ns":1000714000,"phase_bytes":0,"start_monotonic_ns":435525329072000,"end_monotonic_ns":435526329786000}
{"event":"producer_writes","producer":63,"phase":0,"write_syscall_ns":0,"max_write_ns":0,"eagain_count":0,"partial_write_count":0,"byte_cap":8589934592,"cap_exhausted":false}
{"event":"producer_end","producer":49,"phase":0,"elapsed_ns":1004856000,"phase_bytes":0,"start_monotonic_ns":435525330825000,"end_monotonic_ns":435526335681000}
{"event":"producer_writes","producer":49,"phase":0,"write_syscall_ns":0,"max_write_ns":0,"eagain_count":0,"partial_write_count":0,"byte_cap":8589934592,"cap_exhausted":false}
{"event":"producer_done","phase":0,"producer":0,"bytes_total":4321616,"query_replies":1056,"write_blocked_ns":972688851,"max_backpressure_wait_ns":3086334,"write_calls":9500,"phase_bytes":4321616,"producer_bytes_per_second":4321568.46274691}
{"event":"producer_done","phase":0,"producer":1,"bytes_total":4287026,"query_replies":1047,"write_blocked_ns":973619869,"max_backpressure_wait_ns":2550250,"write_calls":9460,"phase_bytes":4287026,"producer_bytes_per_second":4286987.417113246}
{"event":"producer_done","phase":0,"producer":2,"bytes_total":4297879,"query_replies":1050,"write_blocked_ns":973397217,"max_backpressure_wait_ns":2971625,"write_calls":9463,"phase_bytes":4297879,"producer_bytes_per_second":4297784.448742128}
{"event":"producer_done","phase":0,"producer":3,"bytes_total":4263314,"query_replies":1041,"write_blocked_ns":973395920,"max_backpressure_wait_ns":3027042,"write_calls":9387,"phase_bytes":4263314,"producer_bytes_per_second":4263207.419814505}
{"event":"producer_done","phase":0,"producer":4,"bytes_total":4257747,"query_replies":1040,"write_blocked_ns":973162593,"max_backpressure_wait_ns":3013583,"write_calls":9345,"phase_bytes":4257747,"producer_bytes_per_second":4257678.8771379655}
{"event":"producer_done","phase":0,"producer":5,"bytes_total":4212838,"query_replies":1029,"write_blocked_ns":973575407,"max_backpressure_wait_ns":2972000,"write_calls":9231,"phase_bytes":4212838,"producer_bytes_per_second":4212774.808377874}
{"event":"producer_done","phase":0,"producer":6,"bytes_total":4201496,"query_replies":1026,"write_blocked_ns":973485227,"max_backpressure_wait_ns":3046500,"write_calls":9261,"phase_bytes":4201496,"producer_bytes_per_second":4201411.9717605645}
{"event":"producer_done","phase":0,"producer":7,"bytes_total":4145526,"query_replies":1013,"write_blocked_ns":973220558,"max_backpressure_wait_ns":3003333,"write_calls":9147,"phase_bytes":4145526,"producer_bytes_per_second":4145368.475997912}
{"event":"producer_done","phase":0,"producer":8,"bytes_total":4162864,"query_replies":1017,"write_blocked_ns":973297831,"max_backpressure_wait_ns":3055291,"write_calls":9179,"phase_bytes":4162864,"producer_bytes_per_second":4162805.7207199098}
{"event":"producer_done","phase":0,"producer":9,"bytes_total":4162913,"query_replies":1017,"write_blocked_ns":972949304,"max_backpressure_wait_ns":3089625,"write_calls":9171,"phase_bytes":4162913,"producer_bytes_per_second":4162871.371286287}
{"event":"producer_done","phase":0,"producer":10,"bytes_total":4181735,"query_replies":1021,"write_blocked_ns":972793912,"max_backpressure_wait_ns":3495625,"write_calls":9205,"phase_bytes":4181735,"producer_bytes_per_second":4181697.3647237173}
{"event":"producer_done","phase":0,"producer":11,"bytes_total":4136463,"query_replies":1010,"write_blocked_ns":972845470,"max_backpressure_wait_ns":3179333,"write_calls":9106,"phase_bytes":4136463,"producer_bytes_per_second":4136376.136101142}
{"event":"producer_done","phase":0,"producer":12,"bytes_total":4151611,"query_replies":1014,"write_blocked_ns":973069544,"max_backpressure_wait_ns":3141542,"write_calls":9128,"phase_bytes":4151611,"producer_bytes_per_second":4151548.7267690985}
{"event":"producer_done","phase":0,"producer":13,"bytes_total":4145343,"query_replies":1013,"write_blocked_ns":972711012,"max_backpressure_wait_ns":3296708,"write_calls":9143,"phase_bytes":4145343,"producer_bytes_per_second":4145243.5141556603}
{"event":"producer_done","phase":0,"producer":14,"bytes_total":4162097,"query_replies":1017,"write_blocked_ns":972307338,"max_backpressure_wait_ns":3335375,"write_calls":9165,"phase_bytes":4162097,"producer_bytes_per_second":4162001.2739706985}
{"event":"producer_done","phase":0,"producer":15,"bytes_total":4143287,"query_replies":1012,"write_blocked_ns":973874045,"max_backpressure_wait_ns":3308875,"write_calls":9113,"phase_bytes":4143287,"producer_bytes_per_second":4143179.2773387893}
{"event":"producer_done","phase":0,"producer":16,"bytes_total":0,"query_replies":0,"write_blocked_ns":0,"max_backpressure_wait_ns":0,"write_calls":0,"phase_bytes":0,"producer_bytes_per_second":0}
{"event":"producer_done","phase":0,"producer":17,"bytes_total":0,"query_replies":0,"write_blocked_ns":0,"max_backpressure_wait_ns":0,"write_calls":0,"phase_bytes":0,"producer_bytes_per_second":0}
{"event":"producer_done","phase":0,"producer":18,"bytes_total":0,"query_replies":0,"write_blocked_ns":0,"max_backpressure_wait_ns":0,"write_calls":0,"phase_bytes":0,"producer_bytes_per_second":0}
{"event":"producer_done","phase":0,"producer":19,"bytes_total":0,"query_replies":0,"write_blocked_ns":0,"max_backpressure_wait_ns":0,"write_calls":0,"phase_bytes":0,"producer_bytes_per_second":0}
{"event":"producer_done","phase":0,"producer":20,"bytes_total":0,"query_replies":0,"write_blocked_ns":0,"max_backpressure_wait_ns":0,"write_calls":0,"phase_bytes":0,"producer_bytes_per_second":0}
{"event":"producer_done","phase":0,"producer":21,"bytes_total":0,"query_replies":0,"write_blocked_ns":0,"max_backpressure_wait_ns":0,"write_calls":0,"phase_bytes":0,"producer_bytes_per_second":0}
{"event":"producer_done","phase":0,"producer":22,"bytes_total":0,"query_replies":0,"write_blocked_ns":0,"max_backpressure_wait_ns":0,"write_calls":0,"phase_bytes":0,"producer_bytes_per_second":0}
{"event":"producer_done","phase":0,"producer":23,"bytes_total":0,"query_replies":0,"write_blocked_ns":0,"max_backpressure_wait_ns":0,"write_calls":0,"phase_bytes":0,"producer_bytes_per_second":0}
{"event":"producer_done","phase":0,"producer":24,"bytes_total":0,"query_replies":0,"write_blocked_ns":0,"max_backpressure_wait_ns":0,"write_calls":0,"phase_bytes":0,"producer_bytes_per_second":0}
{"event":"producer_done","phase":0,"producer":25,"bytes_total":0,"query_replies":0,"write_blocked_ns":0,"max_backpressure_wait_ns":0,"write_calls":0,"phase_bytes":0,"producer_bytes_per_second":0}
{"event":"producer_done","phase":0,"producer":26,"bytes_total":0,"query_replies":0,"write_blocked_ns":0,"max_backpressure_wait_ns":0,"write_calls":0,"phase_bytes":0,"producer_bytes_per_second":0}
{"event":"producer_done","phase":0,"producer":27,"bytes_total":0,"query_replies":0,"write_blocked_ns":0,"max_backpressure_wait_ns":0,"write_calls":0,"phase_bytes":0,"producer_bytes_per_second":0}
{"event":"producer_done","phase":0,"producer":28,"bytes_total":0,"query_replies":0,"write_blocked_ns":0,"max_backpressure_wait_ns":0,"write_calls":0,"phase_bytes":0,"producer_bytes_per_second":0}
{"event":"producer_done","phase":0,"producer":29,"bytes_total":0,"query_replies":0,"write_blocked_ns":0,"max_backpressure_wait_ns":0,"write_calls":0,"phase_bytes":0,"producer_bytes_per_second":0}
{"event":"producer_done","phase":0,"producer":30,"bytes_total":0,"query_replies":0,"write_blocked_ns":0,"max_backpressure_wait_ns":0,"write_calls":0,"phase_bytes":0,"producer_bytes_per_second":0}
{"event":"producer_done","phase":0,"producer":31,"bytes_total":0,"query_replies":0,"write_blocked_ns":0,"max_backpressure_wait_ns":0,"write_calls":0,"phase_bytes":0,"producer_bytes_per_second":0}
{"event":"producer_done","phase":0,"producer":32,"bytes_total":0,"query_replies":0,"write_blocked_ns":0,"max_backpressure_wait_ns":0,"write_calls":0,"phase_bytes":0,"producer_bytes_per_second":0}
{"event":"producer_done","phase":0,"producer":33,"bytes_total":0,"query_replies":0,"write_blocked_ns":0,"max_backpressure_wait_ns":0,"write_calls":0,"phase_bytes":0,"producer_bytes_per_second":0}
{"event":"producer_done","phase":0,"producer":34,"bytes_total":0,"query_replies":0,"write_blocked_ns":0,"max_backpressure_wait_ns":0,"write_calls":0,"phase_bytes":0,"producer_bytes_per_second":0}
{"event":"producer_done","phase":0,"producer":35,"bytes_total":0,"query_replies":0,"write_blocked_ns":0,"max_backpressure_wait_ns":0,"write_calls":0,"phase_bytes":0,"producer_bytes_per_second":0}
{"event":"producer_done","phase":0,"producer":36,"bytes_total":0,"query_replies":0,"write_blocked_ns":0,"max_backpressure_wait_ns":0,"write_calls":0,"phase_bytes":0,"producer_bytes_per_second":0}
{"event":"producer_done","phase":0,"producer":37,"bytes_total":0,"query_replies":0,"write_blocked_ns":0,"max_backpressure_wait_ns":0,"write_calls":0,"phase_bytes":0,"producer_bytes_per_second":0}
{"event":"producer_done","phase":0,"producer":38,"bytes_total":0,"query_replies":0,"write_blocked_ns":0,"max_backpressure_wait_ns":0,"write_calls":0,"phase_bytes":0,"producer_bytes_per_second":0}
{"event":"producer_done","phase":0,"producer":39,"bytes_total":0,"query_replies":0,"write_blocked_ns":0,"max_backpressure_wait_ns":0,"write_calls":0,"phase_bytes":0,"producer_bytes_per_second":0}
{"event":"producer_done","phase":0,"producer":40,"bytes_total":0,"query_replies":0,"write_blocked_ns":0,"max_backpressure_wait_ns":0,"write_calls":0,"phase_bytes":0,"producer_bytes_per_second":0}
{"event":"producer_done","phase":0,"producer":41,"bytes_total":0,"query_replies":0,"write_blocked_ns":0,"max_backpressure_wait_ns":0,"write_calls":0,"phase_bytes":0,"producer_bytes_per_second":0}
{"event":"producer_done","phase":0,"producer":42,"bytes_total":0,"query_replies":0,"write_blocked_ns":0,"max_backpressure_wait_ns":0,"write_calls":0,"phase_bytes":0,"producer_bytes_per_second":0}
{"event":"producer_done","phase":0,"producer":43,"bytes_total":0,"query_replies":0,"write_blocked_ns":0,"max_backpressure_wait_ns":0,"write_calls":0,"phase_bytes":0,"producer_bytes_per_second":0}
{"event":"producer_done","phase":0,"producer":44,"bytes_total":0,"query_replies":0,"write_blocked_ns":0,"max_backpressure_wait_ns":0,"write_calls":0,"phase_bytes":0,"producer_bytes_per_second":0}
{"event":"producer_done","phase":0,"producer":45,"bytes_total":0,"query_replies":0,"write_blocked_ns":0,"max_backpressure_wait_ns":0,"write_calls":0,"phase_bytes":0,"producer_bytes_per_second":0}
{"event":"producer_done","phase":0,"producer":46,"bytes_total":0,"query_replies":0,"write_blocked_ns":0,"max_backpressure_wait_ns":0,"write_calls":0,"phase_bytes":0,"producer_bytes_per_second":0}
{"event":"producer_done","phase":0,"producer":47,"bytes_total":0,"query_replies":0,"write_blocked_ns":0,"max_backpressure_wait_ns":0,"write_calls":0,"phase_bytes":0,"producer_bytes_per_second":0}
{"event":"producer_done","phase":0,"producer":48,"bytes_total":0,"query_replies":0,"write_blocked_ns":0,"max_backpressure_wait_ns":0,"write_calls":0,"phase_bytes":0,"producer_bytes_per_second":0}
{"event":"producer_done","phase":0,"producer":49,"bytes_total":0,"query_replies":0,"write_blocked_ns":0,"max_backpressure_wait_ns":0,"write_calls":0,"phase_bytes":0,"producer_bytes_per_second":0}
{"event":"producer_done","phase":0,"producer":50,"bytes_total":0,"query_replies":0,"write_blocked_ns":0,"max_backpressure_wait_ns":0,"write_calls":0,"phase_bytes":0,"producer_bytes_per_second":0}
{"event":"producer_done","phase":0,"producer":51,"bytes_total":0,"query_replies":0,"write_blocked_ns":0,"max_backpressure_wait_ns":0,"write_calls":0,"phase_bytes":0,"producer_bytes_per_second":0}
{"event":"producer_done","phase":0,"producer":52,"bytes_total":0,"query_replies":0,"write_blocked_ns":0,"max_backpressure_wait_ns":0,"write_calls":0,"phase_bytes":0,"producer_bytes_per_second":0}
{"event":"producer_done","phase":0,"producer":53,"bytes_total":0,"query_replies":0,"write_blocked_ns":0,"max_backpressure_wait_ns":0,"write_calls":0,"phase_bytes":0,"producer_bytes_per_second":0}
{"event":"producer_done","phase":0,"producer":54,"bytes_total":0,"query_replies":0,"write_blocked_ns":0,"max_backpressure_wait_ns":0,"write_calls":0,"phase_bytes":0,"producer_bytes_per_second":0}
{"event":"producer_done","phase":0,"producer":55,"bytes_total":0,"query_replies":0,"write_blocked_ns":0,"max_backpressure_wait_ns":0,"write_calls":0,"phase_bytes":0,"producer_bytes_per_second":0}
{"event":"producer_done","phase":0,"producer":56,"bytes_total":0,"query_replies":0,"write_blocked_ns":0,"max_backpressure_wait_ns":0,"write_calls":0,"phase_bytes":0,"producer_bytes_per_second":0}
{"event":"producer_done","phase":0,"producer":57,"bytes_total":0,"query_replies":0,"write_blocked_ns":0,"max_backpressure_wait_ns":0,"write_calls":0,"phase_bytes":0,"producer_bytes_per_second":0}
{"event":"producer_done","phase":0,"producer":58,"bytes_total":0,"query_replies":0,"write_blocked_ns":0,"max_backpressure_wait_ns":0,"write_calls":0,"phase_bytes":0,"producer_bytes_per_second":0}
{"event":"producer_done","phase":0,"producer":59,"bytes_total":0,"query_replies":0,"write_blocked_ns":0,"max_backpressure_wait_ns":0,"write_calls":0,"phase_bytes":0,"producer_bytes_per_second":0}
{"event":"producer_done","phase":0,"producer":60,"bytes_total":0,"query_replies":0,"write_blocked_ns":0,"max_backpressure_wait_ns":0,"write_calls":0,"phase_bytes":0,"producer_bytes_per_second":0}
{"event":"producer_done","phase":0,"producer":61,"bytes_total":0,"query_replies":0,"write_blocked_ns":0,"max_backpressure_wait_ns":0,"write_calls":0,"phase_bytes":0,"producer_bytes_per_second":0}
{"event":"producer_done","phase":0,"producer":62,"bytes_total":0,"query_replies":0,"write_blocked_ns":0,"max_backpressure_wait_ns":0,"write_calls":0,"phase_bytes":0,"producer_bytes_per_second":0}
{"event":"producer_done","phase":0,"producer":63,"bytes_total":0,"query_replies":0,"write_blocked_ns":0,"max_backpressure_wait_ns":0,"write_calls":0,"phase_bytes":0,"producer_bytes_per_second":0}
{"event":"checkpoint","phase":"measurement_start","rust_requested_live":20838297,"rust_requested_peak":20838297,"rust_allocations":324365}
{"event":"producer_start","producer":0,"phase":1,"unix_ns":1788899160523316000}
{"event":"producer_start","producer":2,"phase":1,"unix_ns":1788899160520825000}
{"event":"producer_start","producer":3,"phase":1,"unix_ns":1788899160523209000}
{"event":"producer_start","producer":4,"phase":1,"unix_ns":1788899160523309000}
{"event":"producer_start","producer":5,"phase":1,"unix_ns":1788899160520713000}
{"event":"producer_start","producer":8,"phase":1,"unix_ns":1788899160520785000}
{"event":"producer_start","producer":9,"phase":1,"unix_ns":1788899160523156000}
{"event":"producer_start","producer":11,"phase":1,"unix_ns":1788899160520642000}
{"event":"producer_start","producer":12,"phase":1,"unix_ns":1788899160522923000}
{"event":"producer_start","producer":14,"phase":1,"unix_ns":1788899160520794000}
{"event":"producer_start","producer":15,"phase":1,"unix_ns":1788899160523117000}
{"event":"producer_start","producer":17,"phase":1,"unix_ns":1788899160520764000}
{"event":"producer_start","producer":18,"phase":1,"unix_ns":1788899160524265000}
{"event":"producer_start","producer":19,"phase":1,"unix_ns":1788899160523025000}
{"event":"producer_start","producer":20,"phase":1,"unix_ns":1788899160520768000}
{"event":"producer_start","producer":21,"phase":1,"unix_ns":1788899160524154000}
{"event":"producer_start","producer":22,"phase":1,"unix_ns":1788899160522995000}
{"event":"producer_start","producer":23,"phase":1,"unix_ns":1788899160520656000}
{"event":"producer_start","producer":25,"phase":1,"unix_ns":1788899160522931000}
{"event":"producer_start","producer":26,"phase":1,"unix_ns":1788899160520721000}
{"event":"producer_start","producer":27,"phase":1,"unix_ns":1788899160524249000}
{"event":"producer_start","producer":28,"phase":1,"unix_ns":1788899160523078000}
{"event":"producer_start","producer":30,"phase":1,"unix_ns":1788899160520822000}
{"event":"producer_start","producer":31,"phase":1,"unix_ns":1788899160523186000}
{"event":"producer_start","producer":32,"phase":1,"unix_ns":1788899160524198000}
{"event":"producer_start","producer":33,"phase":1,"unix_ns":1788899160520730000}
{"event":"producer_start","producer":35,"phase":1,"unix_ns":1788899160524087000}
{"event":"producer_start","producer":36,"phase":1,"unix_ns":1788899160523067000}
{"event":"producer_start","producer":37,"phase":1,"unix_ns":1788899160520662000}
{"event":"producer_start","producer":38,"phase":1,"unix_ns":1788899160524080000}
{"event":"producer_start","producer":39,"phase":1,"unix_ns":1788899160523137000}
{"event":"producer_start","producer":40,"phase":1,"unix_ns":1788899160523302000}
{"event":"producer_start","producer":41,"phase":1,"unix_ns":1788899160524211000}
{"event":"producer_start","producer":42,"phase":1,"unix_ns":1788899160520818000}
{"event":"producer_start","producer":43,"phase":1,"unix_ns":1788899160522918000}
{"event":"producer_start","producer":44,"phase":1,"unix_ns":1788899160524141000}
{"event":"producer_start","producer":46,"phase":1,"unix_ns":1788899160523288000}
{"event":"producer_start","producer":47,"phase":1,"unix_ns":1788899160524150000}
{"event":"producer_start","producer":49,"phase":1,"unix_ns":1788899160523123000}
{"event":"producer_start","producer":50,"phase":1,"unix_ns":1788899160523278000}
{"event":"producer_start","producer":52,"phase":1,"unix_ns":1788899160520646000}
{"event":"producer_start","producer":53,"phase":1,"unix_ns":1788899160523059000}
{"event":"producer_start","producer":54,"phase":1,"unix_ns":1788899160524264000}
{"event":"producer_start","producer":55,"phase":1,"unix_ns":1788899160520640000}
{"event":"producer_start","producer":56,"phase":1,"unix_ns":1788899160522981000}
{"event":"producer_start","producer":57,"phase":1,"unix_ns":1788899160523272000}
{"event":"producer_start","producer":58,"phase":1,"unix_ns":1788899160520717000}
{"event":"producer_start","producer":59,"phase":1,"unix_ns":1788899160523029000}
{"event":"producer_start","producer":60,"phase":1,"unix_ns":1788899160523213000}
{"event":"producer_start","producer":61,"phase":1,"unix_ns":1788899160524267000}
{"event":"producer_start","producer":62,"phase":1,"unix_ns":1788899160523075000}
{"event":"producer_start","producer":63,"phase":1,"unix_ns":1788899160523231000}
{"event":"producer_start","producer":1,"phase":1,"unix_ns":1788899160524321000}
{"event":"producer_start","producer":6,"phase":1,"unix_ns":1788899160525914000}
{"event":"producer_start","producer":7,"phase":1,"unix_ns":1788899160524286000}
{"event":"producer_start","producer":10,"phase":1,"unix_ns":1788899160525878000}
{"event":"producer_start","producer":13,"phase":1,"unix_ns":1788899160525808000}
{"event":"producer_start","producer":16,"phase":1,"unix_ns":1788899160525867000}
{"event":"producer_start","producer":24,"phase":1,"unix_ns":1788899160525894000}
{"event":"producer_start","producer":29,"phase":1,"unix_ns":1788899160525906000}
{"event":"producer_start","producer":34,"phase":1,"unix_ns":1788899160525891000}
{"event":"producer_start","producer":45,"phase":1,"unix_ns":1788899160525821000}
{"event":"producer_start","producer":48,"phase":1,"unix_ns":1788899160525860000}
{"event":"producer_start","producer":51,"phase":1,"unix_ns":1788899160525827000}
{"event":"budget","phase":"under_load","name":"observers","used":65,"limit":2048}
{"event":"budget","phase":"under_load","name":"replay_capacity","used":16777216,"limit":68157440}
{"event":"budget","phase":"under_load","name":"input_bytes","used":0,"limit":4194304}
{"event":"budget","phase":"under_load","name":"input_slots","used":0,"limit":512}
{"event":"budget","phase":"under_load","name":"journal_bytes","used":0,"limit":16777216}
{"event":"budget","phase":"under_load","name":"journal_slots","used":0,"limit":4096}
{"event":"budget","phase":"under_load","name":"transfer_observers","used":0,"limit":2048}
{"event":"budget","phase":"under_load","name":"staging_bytes","used":4183037,"limit":67108864}
{"event":"budget","phase":"under_load","name":"staging_slots","used":4089,"limit":16384}
{"event":"budget","phase":"under_load","name":"native_reservations","used":536870912,"limit":1073741824}
{"event":"budget","phase":"under_load","name":"checkpoint_buffers","used":0,"limit":536870912}
{"event":"budget","phase":"under_load","name":"stored_bytes","used":0,"limit":1073741824}
{"event":"budget","phase":"under_load","name":"stored_slots","used":0,"limit":4096}
{"event":"budget","phase":"under_load","name":"views","used":16384,"limit":134217728}
{"event":"budget","phase":"under_load","name":"requests","used":0,"limit":4096}
{"event":"producer_end","producer":0,"phase":1,"elapsed_ns":1000009000,"phase_bytes":4220991,"start_monotonic_ns":435526731220000,"end_monotonic_ns":435527731229000}
{"event":"producer_writes","producer":0,"phase":1,"write_syscall_ns":19417953,"max_write_ns":395917,"eagain_count":4110,"partial_write_count":4088,"byte_cap":8589934592,"cap_exhausted":false}
{"event":"producer_end","producer":1,"phase":1,"elapsed_ns":1000018000,"phase_bytes":4163659,"start_monotonic_ns":435526732222000,"end_monotonic_ns":435527732240000}
{"event":"producer_writes","producer":1,"phase":1,"write_syscall_ns":21751369,"max_write_ns":187500,"eagain_count":4086,"partial_write_count":4054,"byte_cap":8589934592,"cap_exhausted":false}
{"event":"producer_end","producer":2,"phase":1,"elapsed_ns":1000014000,"phase_bytes":4170770,"start_monotonic_ns":435526728729000,"end_monotonic_ns":435527728743000}
{"event":"producer_writes","producer":2,"phase":1,"write_syscall_ns":20440492,"max_write_ns":414083,"eagain_count":4094,"partial_write_count":4065,"byte_cap":8589934592,"cap_exhausted":false}
{"event":"producer_end","producer":3,"phase":1,"elapsed_ns":1000021000,"phase_bytes":4114738,"start_monotonic_ns":435526731111000,"end_monotonic_ns":435527731132000}
{"event":"producer_writes","producer":3,"phase":1,"write_syscall_ns":19869800,"max_write_ns":552500,"eagain_count":4037,"partial_write_count":4009,"byte_cap":8589934592,"cap_exhausted":false}
{"event":"producer_end","producer":4,"phase":1,"elapsed_ns":1000010000,"phase_bytes":4114905,"start_monotonic_ns":435526731211000,"end_monotonic_ns":435527731221000}
{"event":"producer_writes","producer":4,"phase":1,"write_syscall_ns":20863310,"max_write_ns":580500,"eagain_count":4049,"partial_write_count":4007,"byte_cap":8589934592,"cap_exhausted":false}
{"event":"producer_end","producer":5,"phase":1,"elapsed_ns":1000017000,"phase_bytes":4149527,"start_monotonic_ns":435526728616000,"end_monotonic_ns":435527728633000}
{"event":"producer_writes","producer":5,"phase":1,"write_syscall_ns":22201865,"max_write_ns":207542,"eagain_count":4089,"partial_write_count":4048,"byte_cap":8589934592,"cap_exhausted":false}
{"event":"producer_end","producer":6,"phase":1,"elapsed_ns":1000013000,"phase_bytes":4140260,"start_monotonic_ns":435526733816000,"end_monotonic_ns":435527733829000}
{"event":"producer_writes","producer":6,"phase":1,"write_syscall_ns":21101267,"max_write_ns":88042,"eagain_count":4071,"partial_write_count":4036,"byte_cap":8589934592,"cap_exhausted":false}
{"event":"producer_end","producer":7,"phase":1,"elapsed_ns":1000012000,"phase_bytes":4103663,"start_monotonic_ns":435526732188000,"end_monotonic_ns":435527732200000}
{"event":"producer_writes","producer":7,"phase":1,"write_syscall_ns":22939597,"max_write_ns":429375,"eagain_count":4041,"partial_write_count":4003,"byte_cap":8589934592,"cap_exhausted":false}
{"event":"producer_end","producer":8,"phase":1,"elapsed_ns":1000013000,"phase_bytes":4089186,"start_monotonic_ns":435526728689000,"end_monotonic_ns":435527728702000}
{"event":"producer_writes","producer":8,"phase":1,"write_syscall_ns":22012225,"max_write_ns":658333,"eagain_count":4026,"partial_write_count":3988,"byte_cap":8589934592,"cap_exhausted":false}
{"event":"producer_end","producer":9,"phase":1,"elapsed_ns":1000026000,"phase_bytes":4065928,"start_monotonic_ns":435526731059000,"end_monotonic_ns":435527731085000}
{"event":"producer_writes","producer":9,"phase":1,"write_syscall_ns":21068820,"max_write_ns":395542,"eagain_count":4001,"partial_write_count":3963,"byte_cap":8589934592,"cap_exhausted":false}
{"event":"producer_end","producer":10,"phase":1,"elapsed_ns":1000029000,"phase_bytes":4093087,"start_monotonic_ns":435526733780000,"end_monotonic_ns":435527733809000}
{"event":"producer_writes","producer":10,"phase":1,"write_syscall_ns":22023784,"max_write_ns":545083,"eagain_count":4022,"partial_write_count":3988,"byte_cap":8589934592,"cap_exhausted":false}
{"event":"producer_end","producer":11,"phase":1,"elapsed_ns":1000007000,"phase_bytes":4073712,"start_monotonic_ns":435526728547000,"end_monotonic_ns":435527728554000}
{"event":"producer_writes","producer":11,"phase":1,"write_syscall_ns":22174115,"max_write_ns":759417,"eagain_count":4000,"partial_write_count":3967,"byte_cap":8589934592,"cap_exhausted":false}
{"event":"producer_end","producer":12,"phase":1,"elapsed_ns":1000013000,"phase_bytes":4056313,"start_monotonic_ns":435526730827000,"end_monotonic_ns":435527730840000}
{"event":"producer_writes","producer":12,"phase":1,"write_syscall_ns":21705693,"max_write_ns":277959,"eagain_count":3994,"partial_write_count":3952,"byte_cap":8589934592,"cap_exhausted":false}
{"event":"producer_end","producer":13,"phase":1,"elapsed_ns":1000027000,"phase_bytes":4079953,"start_monotonic_ns":435526733710000,"end_monotonic_ns":435527733737000}
{"event":"producer_writes","producer":13,"phase":1,"write_syscall_ns":19820192,"max_write_ns":101959,"eagain_count":4018,"partial_write_count":3980,"byte_cap":8589934592,"cap_exhausted":false}
{"event":"producer_end","producer":14,"phase":1,"elapsed_ns":1000019000,"phase_bytes":4064855,"start_monotonic_ns":435526728698000,"end_monotonic_ns":435527728717000}
{"event":"producer_writes","producer":14,"phase":1,"write_syscall_ns":22219574,"max_write_ns":301083,"eagain_count":4000,"partial_write_count":3965,"byte_cap":8589934592,"cap_exhausted":false}
{"event":"producer_end","producer":15,"phase":1,"elapsed_ns":1000013000,"phase_bytes":4076753,"start_monotonic_ns":435526731020000,"end_monotonic_ns":435527731033000}
{"event":"producer_writes","producer":15,"phase":1,"write_syscall_ns":22722867,"max_write_ns":477375,"eagain_count":4006,"partial_write_count":3975,"byte_cap":8589934592,"cap_exhausted":false}
{"event":"producer_end","producer":16,"phase":1,"elapsed_ns":1000068000,"phase_bytes":0,"start_monotonic_ns":435526733769000,"end_monotonic_ns":435527733837000}
{"event":"producer_writes","producer":16,"phase":1,"write_syscall_ns":0,"max_write_ns":0,"eagain_count":0,"partial_write_count":0,"byte_cap":8589934592,"cap_exhausted":false}
{"event":"producer_end","producer":17,"phase":1,"elapsed_ns":1001283000,"phase_bytes":0,"start_monotonic_ns":435526728667000,"end_monotonic_ns":435527729950000}
{"event":"producer_writes","producer":17,"phase":1,"write_syscall_ns":0,"max_write_ns":0,"eagain_count":0,"partial_write_count":0,"byte_cap":8589934592,"cap_exhausted":false}
{"event":"producer_end","producer":18,"phase":1,"elapsed_ns":1000761000,"phase_bytes":0,"start_monotonic_ns":435526732167000,"end_monotonic_ns":435527732928000}
{"event":"producer_writes","producer":18,"phase":1,"write_syscall_ns":0,"max_write_ns":0,"eagain_count":0,"partial_write_count":0,"byte_cap":8589934592,"cap_exhausted":false}
{"event":"producer_end","producer":19,"phase":1,"elapsed_ns":1000024000,"phase_bytes":0,"start_monotonic_ns":435526730930000,"end_monotonic_ns":435527730954000}
{"event":"producer_writes","producer":19,"phase":1,"write_syscall_ns":0,"max_write_ns":0,"eagain_count":0,"partial_write_count":0,"byte_cap":8589934592,"cap_exhausted":false}
{"event":"producer_end","producer":20,"phase":1,"elapsed_ns":1000464000,"phase_bytes":0,"start_monotonic_ns":435526728672000,"end_monotonic_ns":435527729136000}
{"event":"producer_writes","producer":20,"phase":1,"write_syscall_ns":0,"max_write_ns":0,"eagain_count":0,"partial_write_count":0,"byte_cap":8589934592,"cap_exhausted":false}
{"event":"producer_end","producer":21,"phase":1,"elapsed_ns":1001785000,"phase_bytes":0,"start_monotonic_ns":435526732057000,"end_monotonic_ns":435527733842000}
{"event":"producer_writes","producer":21,"phase":1,"write_syscall_ns":0,"max_write_ns":0,"eagain_count":0,"partial_write_count":0,"byte_cap":8589934592,"cap_exhausted":false}
{"event":"producer_end","producer":22,"phase":1,"elapsed_ns":1000028000,"phase_bytes":0,"start_monotonic_ns":435526730898000,"end_monotonic_ns":435527730926000}
{"event":"producer_writes","producer":22,"phase":1,"write_syscall_ns":0,"max_write_ns":0,"eagain_count":0,"partial_write_count":0,"byte_cap":8589934592,"cap_exhausted":false}
{"event":"producer_end","producer":23,"phase":1,"elapsed_ns":1002554000,"phase_bytes":0,"start_monotonic_ns":435526728564000,"end_monotonic_ns":435527731118000}
{"event":"producer_writes","producer":23,"phase":1,"write_syscall_ns":0,"max_write_ns":0,"eagain_count":0,"partial_write_count":0,"byte_cap":8589934592,"cap_exhausted":false}
{"event":"producer_end","producer":24,"phase":1,"elapsed_ns":1000369000,"phase_bytes":0,"start_monotonic_ns":435526733795000,"end_monotonic_ns":435527734164000}
{"event":"producer_writes","producer":24,"phase":1,"write_syscall_ns":0,"max_write_ns":0,"eagain_count":0,"partial_write_count":0,"byte_cap":8589934592,"cap_exhausted":false}
{"event":"producer_end","producer":25,"phase":1,"elapsed_ns":1000332000,"phase_bytes":0,"start_monotonic_ns":435526730834000,"end_monotonic_ns":435527731166000}
{"event":"producer_writes","producer":25,"phase":1,"write_syscall_ns":0,"max_write_ns":0,"eagain_count":0,"partial_write_count":0,"byte_cap":8589934592,"cap_exhausted":false}
{"event":"producer_end","producer":26,"phase":1,"elapsed_ns":1002489000,"phase_bytes":0,"start_monotonic_ns":435526728626000,"end_monotonic_ns":435527731115000}
{"event":"producer_writes","producer":26,"phase":1,"write_syscall_ns":0,"max_write_ns":0,"eagain_count":0,"partial_write_count":0,"byte_cap":8589934592,"cap_exhausted":false}
{"event":"producer_end","producer":27,"phase":1,"elapsed_ns":1001602000,"phase_bytes":0,"start_monotonic_ns":435526732153000,"end_monotonic_ns":435527733755000}
{"event":"producer_writes","producer":27,"phase":1,"write_syscall_ns":0,"max_write_ns":0,"eagain_count":0,"partial_write_count":0,"byte_cap":8589934592,"cap_exhausted":false}
{"event":"producer_end","producer":28,"phase":1,"elapsed_ns":1000687000,"phase_bytes":0,"start_monotonic_ns":435526730980000,"end_monotonic_ns":435527731667000}
{"event":"producer_writes","producer":28,"phase":1,"write_syscall_ns":0,"max_write_ns":0,"eagain_count":0,"partial_write_count":0,"byte_cap":8589934592,"cap_exhausted":false}
{"event":"producer_end","producer":29,"phase":1,"elapsed_ns":1000022000,"phase_bytes":0,"start_monotonic_ns":435526733808000,"end_monotonic_ns":435527733830000}
{"event":"producer_writes","producer":29,"phase":1,"write_syscall_ns":0,"max_write_ns":0,"eagain_count":0,"partial_write_count":0,"byte_cap":8589934592,"cap_exhausted":false}
{"event":"producer_end","producer":30,"phase":1,"elapsed_ns":1000471000,"phase_bytes":0,"start_monotonic_ns":435526728725000,"end_monotonic_ns":435527729196000}
{"event":"producer_writes","producer":30,"phase":1,"write_syscall_ns":0,"max_write_ns":0,"eagain_count":0,"partial_write_count":0,"byte_cap":8589934592,"cap_exhausted":false}
{"event":"producer_end","producer":31,"phase":1,"elapsed_ns":1000018000,"phase_bytes":0,"start_monotonic_ns":435526731089000,"end_monotonic_ns":435527731107000}
{"event":"producer_writes","producer":31,"phase":1,"write_syscall_ns":0,"max_write_ns":0,"eagain_count":0,"partial_write_count":0,"byte_cap":8589934592,"cap_exhausted":false}
{"event":"producer_end","producer":32,"phase":1,"elapsed_ns":1001003000,"phase_bytes":0,"start_monotonic_ns":435526732101000,"end_monotonic_ns":435527733104000}
{"event":"producer_writes","producer":32,"phase":1,"write_syscall_ns":0,"max_write_ns":0,"eagain_count":0,"partial_write_count":0,"byte_cap":8589934592,"cap_exhausted":false}
{"event":"producer_end","producer":33,"phase":1,"elapsed_ns":1001315000,"phase_bytes":0,"start_monotonic_ns":435526728634000,"end_monotonic_ns":435527729949000}
{"event":"producer_writes","producer":33,"phase":1,"write_syscall_ns":0,"max_write_ns":0,"eagain_count":0,"partial_write_count":0,"byte_cap":8589934592,"cap_exhausted":false}
{"event":"producer_end","producer":34,"phase":1,"elapsed_ns":1000376000,"phase_bytes":0,"start_monotonic_ns":435526733793000,"end_monotonic_ns":435527734169000}
{"event":"producer_writes","producer":34,"phase":1,"write_syscall_ns":0,"max_write_ns":0,"eagain_count":0,"partial_write_count":0,"byte_cap":8589934592,"cap_exhausted":false}
{"event":"producer_end","producer":35,"phase":1,"elapsed_ns":1001118000,"phase_bytes":0,"start_monotonic_ns":435526731989000,"end_monotonic_ns":435527733107000}
{"event":"producer_writes","producer":35,"phase":1,"write_syscall_ns":0,"max_write_ns":0,"eagain_count":0,"partial_write_count":0,"byte_cap":8589934592,"cap_exhausted":false}
{"event":"producer_end","producer":36,"phase":1,"elapsed_ns":1000146000,"phase_bytes":0,"start_monotonic_ns":435526730970000,"end_monotonic_ns":435527731116000}
{"event":"producer_writes","producer":36,"phase":1,"write_syscall_ns":0,"max_write_ns":0,"eagain_count":0,"partial_write_count":0,"byte_cap":8589934592,"cap_exhausted":false}
{"event":"producer_end","producer":37,"phase":1,"elapsed_ns":1000038000,"phase_bytes":0,"start_monotonic_ns":435526728567000,"end_monotonic_ns":435527728605000}
{"event":"producer_writes","producer":37,"phase":1,"write_syscall_ns":0,"max_write_ns":0,"eagain_count":0,"partial_write_count":0,"byte_cap":8589934592,"cap_exhausted":false}
{"event":"producer_end","producer":38,"phase":1,"elapsed_ns":1000051000,"phase_bytes":0,"start_monotonic_ns":435526731984000,"end_monotonic_ns":435527732035000}
{"event":"producer_writes","producer":38,"phase":1,"write_syscall_ns":0,"max_write_ns":0,"eagain_count":0,"partial_write_count":0,"byte_cap":8589934592,"cap_exhausted":false}
{"event":"producer_end","producer":39,"phase":1,"elapsed_ns":1000019000,"phase_bytes":0,"start_monotonic_ns":435526731040000,"end_monotonic_ns":435527731059000}
{"event":"producer_writes","producer":39,"phase":1,"write_syscall_ns":0,"max_write_ns":0,"eagain_count":0,"partial_write_count":0,"byte_cap":8589934592,"cap_exhausted":false}
{"event":"producer_end","producer":40,"phase":1,"elapsed_ns":1000274000,"phase_bytes":0,"start_monotonic_ns":435526731209000,"end_monotonic_ns":435527731483000}
{"event":"producer_writes","producer":40,"phase":1,"write_syscall_ns":0,"max_write_ns":0,"eagain_count":0,"partial_write_count":0,"byte_cap":8589934592,"cap_exhausted":false}
{"event":"producer_end","producer":41,"phase":1,"elapsed_ns":1001743000,"phase_bytes":0,"start_monotonic_ns":435526732115000,"end_monotonic_ns":435527733858000}
{"event":"producer_writes","producer":41,"phase":1,"write_syscall_ns":0,"max_write_ns":0,"eagain_count":0,"partial_write_count":0,"byte_cap":8589934592,"cap_exhausted":false}
{"event":"producer_end","producer":42,"phase":1,"elapsed_ns":1000375000,"phase_bytes":0,"start_monotonic_ns":435526728722000,"end_monotonic_ns":435527729097000}
{"event":"producer_writes","producer":42,"phase":1,"write_syscall_ns":0,"max_write_ns":0,"eagain_count":0,"partial_write_count":0,"byte_cap":8589934592,"cap_exhausted":false}
{"event":"producer_end","producer":43,"phase":1,"elapsed_ns":1000197000,"phase_bytes":0,"start_monotonic_ns":435526730822000,"end_monotonic_ns":435527731019000}
{"event":"producer_writes","producer":43,"phase":1,"write_syscall_ns":0,"max_write_ns":0,"eagain_count":0,"partial_write_count":0,"byte_cap":8589934592,"cap_exhausted":false}
{"event":"producer_end","producer":44,"phase":1,"elapsed_ns":1000028000,"phase_bytes":0,"start_monotonic_ns":435526732044000,"end_monotonic_ns":435527732072000}
{"event":"producer_writes","producer":44,"phase":1,"write_syscall_ns":0,"max_write_ns":0,"eagain_count":0,"partial_write_count":0,"byte_cap":8589934592,"cap_exhausted":false}
{"event":"producer_end","producer":45,"phase":1,"elapsed_ns":1000031000,"phase_bytes":0,"start_monotonic_ns":435526733723000,"end_monotonic_ns":435527733754000}
{"event":"producer_writes","producer":45,"phase":1,"write_syscall_ns":0,"max_write_ns":0,"eagain_count":0,"partial_write_count":0,"byte_cap":8589934592,"cap_exhausted":false}
{"event":"producer_end","producer":46,"phase":1,"elapsed_ns":1001917000,"phase_bytes":0,"start_monotonic_ns":435526731191000,"end_monotonic_ns":435527733108000}
{"event":"producer_writes","producer":46,"phase":1,"write_syscall_ns":0,"max_write_ns":0,"eagain_count":0,"partial_write_count":0,"byte_cap":8589934592,"cap_exhausted":false}
{"event":"producer_end","producer":47,"phase":1,"elapsed_ns":1001800000,"phase_bytes":0,"start_monotonic_ns":435526732053000,"end_monotonic_ns":435527733853000}
{"event":"producer_writes","producer":47,"phase":1,"write_syscall_ns":0,"max_write_ns":0,"eagain_count":0,"partial_write_count":0,"byte_cap":8589934592,"cap_exhausted":false}
{"event":"producer_end","producer":48,"phase":1,"elapsed_ns":1000028000,"phase_bytes":0,"start_monotonic_ns":435526733763000,"end_monotonic_ns":435527733791000}
{"event":"producer_writes","producer":48,"phase":1,"write_syscall_ns":0,"max_write_ns":0,"eagain_count":0,"partial_write_count":0,"byte_cap":8589934592,"cap_exhausted":false}
{"event":"producer_end","producer":49,"phase":1,"elapsed_ns":1000086000,"phase_bytes":0,"start_monotonic_ns":435526731026000,"end_monotonic_ns":435527731112000}
{"event":"producer_writes","producer":49,"phase":1,"write_syscall_ns":0,"max_write_ns":0,"eagain_count":0,"partial_write_count":0,"byte_cap":8589934592,"cap_exhausted":false}
{"event":"producer_end","producer":50,"phase":1,"elapsed_ns":1002558000,"phase_bytes":0,"start_monotonic_ns":435526731182000,"end_monotonic_ns":435527733740000}
{"event":"producer_writes","producer":50,"phase":1,"write_syscall_ns":0,"max_write_ns":0,"eagain_count":0,"partial_write_count":0,"byte_cap":8589934592,"cap_exhausted":false}
{"event":"producer_end","producer":51,"phase":1,"elapsed_ns":1000105000,"phase_bytes":0,"start_monotonic_ns":435526733728000,"end_monotonic_ns":435527733833000}
{"event":"producer_writes","producer":51,"phase":1,"write_syscall_ns":0,"max_write_ns":0,"eagain_count":0,"partial_write_count":0,"byte_cap":8589934592,"cap_exhausted":false}
{"event":"producer_end","producer":52,"phase":1,"elapsed_ns":1000129000,"phase_bytes":0,"start_monotonic_ns":435526728552000,"end_monotonic_ns":435527728681000}
{"event":"producer_writes","producer":52,"phase":1,"write_syscall_ns":0,"max_write_ns":0,"eagain_count":0,"partial_write_count":0,"byte_cap":8589934592,"cap_exhausted":false}
{"event":"producer_end","producer":53,"phase":1,"elapsed_ns":1000522000,"phase_bytes":0,"start_monotonic_ns":435526730961000,"end_monotonic_ns":435527731483000}
{"event":"producer_writes","producer":53,"phase":1,"write_syscall_ns":0,"max_write_ns":0,"eagain_count":0,"partial_write_count":0,"byte_cap":8589934592,"cap_exhausted":false}
{"event":"producer_end","producer":54,"phase":1,"elapsed_ns":1001355000,"phase_bytes":0,"start_monotonic_ns":435526732165000,"end_monotonic_ns":435527733520000}
{"event":"producer_writes","producer":54,"phase":1,"write_syscall_ns":0,"max_write_ns":0,"eagain_count":0,"partial_write_count":0,"byte_cap":8589934592,"cap_exhausted":false}
{"event":"producer_end","producer":55,"phase":1,"elapsed_ns":1000591000,"phase_bytes":0,"start_monotonic_ns":435526728552000,"end_monotonic_ns":435527729143000}
{"event":"producer_writes","producer":55,"phase":1,"write_syscall_ns":0,"max_write_ns":0,"eagain_count":0,"partial_write_count":0,"byte_cap":8589934592,"cap_exhausted":false}
{"event":"producer_end","producer":56,"phase":1,"elapsed_ns":1000019000,"phase_bytes":0,"start_monotonic_ns":435526730885000,"end_monotonic_ns":435527730904000}
{"event":"producer_writes","producer":56,"phase":1,"write_syscall_ns":0,"max_write_ns":0,"eagain_count":0,"partial_write_count":0,"byte_cap":8589934592,"cap_exhausted":false}
{"event":"producer_end","producer":57,"phase":1,"elapsed_ns":1002665000,"phase_bytes":0,"start_monotonic_ns":435526731175000,"end_monotonic_ns":435527733840000}
{"event":"producer_writes","producer":57,"phase":1,"write_syscall_ns":0,"max_write_ns":0,"eagain_count":0,"partial_write_count":0,"byte_cap":8589934592,"cap_exhausted":false}
{"event":"producer_end","producer":58,"phase":1,"elapsed_ns":1000049000,"phase_bytes":0,"start_monotonic_ns":435526728622000,"end_monotonic_ns":435527728671000}
{"event":"producer_writes","producer":58,"phase":1,"write_syscall_ns":0,"max_write_ns":0,"eagain_count":0,"partial_write_count":0,"byte_cap":8589934592,"cap_exhausted":false}
{"event":"producer_end","producer":59,"phase":1,"elapsed_ns":1000232000,"phase_bytes":0,"start_monotonic_ns":435526730932000,"end_monotonic_ns":435527731164000}
{"event":"producer_writes","producer":59,"phase":1,"write_syscall_ns":0,"max_write_ns":0,"eagain_count":0,"partial_write_count":0,"byte_cap":8589934592,"cap_exhausted":false}
{"event":"producer_end","producer":60,"phase":1,"elapsed_ns":1002410000,"phase_bytes":0,"start_monotonic_ns":435526731115000,"end_monotonic_ns":435527733525000}
{"event":"producer_writes","producer":60,"phase":1,"write_syscall_ns":0,"max_write_ns":0,"eagain_count":0,"partial_write_count":0,"byte_cap":8589934592,"cap_exhausted":false}
{"event":"producer_end","producer":61,"phase":1,"elapsed_ns":1001573000,"phase_bytes":0,"start_monotonic_ns":435526732169000,"end_monotonic_ns":435527733742000}
{"event":"producer_writes","producer":61,"phase":1,"write_syscall_ns":0,"max_write_ns":0,"eagain_count":0,"partial_write_count":0,"byte_cap":8589934592,"cap_exhausted":false}
{"event":"producer_end","producer":62,"phase":1,"elapsed_ns":1000447000,"phase_bytes":0,"start_monotonic_ns":435526730979000,"end_monotonic_ns":435527731426000}
{"event":"producer_writes","producer":62,"phase":1,"write_syscall_ns":0,"max_write_ns":0,"eagain_count":0,"partial_write_count":0,"byte_cap":8589934592,"cap_exhausted":false}
{"event":"producer_end","producer":63,"phase":1,"elapsed_ns":1000024000,"phase_bytes":0,"start_monotonic_ns":435526731135000,"end_monotonic_ns":435527731159000}
{"event":"producer_writes","producer":63,"phase":1,"write_syscall_ns":0,"max_write_ns":0,"eagain_count":0,"partial_write_count":0,"byte_cap":8589934592,"cap_exhausted":false}
{"event":"producer_done","phase":1,"producer":0,"bytes_total":8542607,"query_replies":2086,"write_blocked_ns":974601918,"max_backpressure_wait_ns":5992417,"write_calls":9229,"phase_bytes":4220991,"producer_bytes_per_second":4220953.011422897}
{"event":"producer_done","phase":1,"producer":1,"bytes_total":8450685,"query_replies":2064,"write_blocked_ns":972156476,"max_backpressure_wait_ns":2331375,"write_calls":9157,"phase_bytes":4163659,"producer_bytes_per_second":4163584.0554870013}
{"event":"producer_done","phase":1,"producer":2,"bytes_total":8468649,"query_replies":2068,"write_blocked_ns":973333881,"max_backpressure_wait_ns":6143500,"write_calls":9178,"phase_bytes":4170770,"producer_bytes_per_second":4170711.6100374595}
{"event":"producer_done","phase":1,"producer":3,"bytes_total":8378052,"query_replies":2046,"write_blocked_ns":974064367,"max_backpressure_wait_ns":7744167,"write_calls":9051,"phase_bytes":4114738,"producer_bytes_per_second":4114651.5923165614}
{"event":"producer_done","phase":1,"producer":4,"bytes_total":8372652,"query_replies":2045,"write_blocked_ns":973110307,"max_backpressure_wait_ns":7615000,"write_calls":9061,"phase_bytes":4114905,"producer_bytes_per_second":4114863.8513614866}
{"event":"producer_done","phase":1,"producer":5,"bytes_total":8362365,"query_replies":2042,"write_blocked_ns":971698049,"max_backpressure_wait_ns":2662583,"write_calls":9150,"phase_bytes":4149527,"producer_bytes_per_second":4149456.459240193}
{"event":"producer_done","phase":1,"producer":6,"bytes_total":8341756,"query_replies":2037,"write_blocked_ns":972684148,"max_backpressure_wait_ns":2432750,"write_calls":9118,"phase_bytes":4140260,"producer_bytes_per_second":4140206.177319695}
{"event":"producer_done","phase":1,"producer":7,"bytes_total":8249189,"query_replies":2014,"write_blocked_ns":971019773,"max_backpressure_wait_ns":2665750,"write_calls":9046,"phase_bytes":4103663,"producer_bytes_per_second":4103613.7566349204}
{"event":"producer_done","phase":1,"producer":8,"bytes_total":8252050,"query_replies":2015,"write_blocked_ns":972042547,"max_backpressure_wait_ns":2370916,"write_calls":9013,"phase_bytes":4089186,"producer_bytes_per_second":4089132.8412730633}
{"event":"producer_done","phase":1,"producer":9,"bytes_total":8228841,"query_replies":2009,"write_blocked_ns":972962270,"max_backpressure_wait_ns":3660000,"write_calls":8957,"phase_bytes":4065928,"producer_bytes_per_second":4065822.2886204957}
{"event":"producer_done","phase":1,"producer":10,"bytes_total":8274822,"query_replies":2021,"write_blocked_ns":971973992,"max_backpressure_wait_ns":2720834,"write_calls":9010,"phase_bytes":4093087,"producer_bytes_per_second":4092968.3039191863}
{"event":"producer_done","phase":1,"producer":11,"bytes_total":8210175,"query_replies":2005,"write_blocked_ns":971652352,"max_backpressure_wait_ns":2091584,"write_calls":8962,"phase_bytes":4073712,"producer_bytes_per_second":4073683.4842156107}
{"event":"producer_done","phase":1,"producer":12,"bytes_total":8207924,"query_replies":2004,"write_blocked_ns":972238287,"max_backpressure_wait_ns":2295917,"write_calls":8937,"phase_bytes":4056313,"producer_bytes_per_second":4056260.2686165078}
{"event":"producer_done","phase":1,"producer":13,"bytes_total":8225296,"query_replies":2009,"write_blocked_ns":974278434,"max_backpressure_wait_ns":6028875,"write_calls":8994,"phase_bytes":4079953,"producer_bytes_per_second":4079842.8442432056}
{"event":"producer_done","phase":1,"producer":14,"bytes_total":8226952,"query_replies":2009,"write_blocked_ns":971710492,"max_backpressure_wait_ns":2196333,"write_calls":8958,"phase_bytes":4064855,"producer_bytes_per_second":4064777.769222385}
{"event":"producer_done","phase":1,"producer":15,"bytes_total":8220040,"query_replies":2007,"write_blocked_ns":971191386,"max_backpressure_wait_ns":4076625,"write_calls":8977,"phase_bytes":4076753,"producer_bytes_per_second":4076700.0028999625}
{"event":"producer_done","phase":1,"producer":16,"bytes_total":0,"query_replies":0,"write_blocked_ns":0,"max_backpressure_wait_ns":0,"write_calls":0,"phase_bytes":0,"producer_bytes_per_second":0}
{"event":"producer_done","phase":1,"producer":17,"bytes_total":0,"query_replies":0,"write_blocked_ns":0,"max_backpressure_wait_ns":0,"write_calls":0,"phase_bytes":0,"producer_bytes_per_second":0}
{"event":"producer_done","phase":1,"producer":18,"bytes_total":0,"query_replies":0,"write_blocked_ns":0,"max_backpressure_wait_ns":0,"write_calls":0,"phase_bytes":0,"producer_bytes_per_second":0}
{"event":"producer_done","phase":1,"producer":19,"bytes_total":0,"query_replies":0,"write_blocked_ns":0,"max_backpressure_wait_ns":0,"write_calls":0,"phase_bytes":0,"producer_bytes_per_second":0}
{"event":"producer_done","phase":1,"producer":20,"bytes_total":0,"query_replies":0,"write_blocked_ns":0,"max_backpressure_wait_ns":0,"write_calls":0,"phase_bytes":0,"producer_bytes_per_second":0}
{"event":"producer_done","phase":1,"producer":21,"bytes_total":0,"query_replies":0,"write_blocked_ns":0,"max_backpressure_wait_ns":0,"write_calls":0,"phase_bytes":0,"producer_bytes_per_second":0}
{"event":"producer_done","phase":1,"producer":22,"bytes_total":0,"query_replies":0,"write_blocked_ns":0,"max_backpressure_wait_ns":0,"write_calls":0,"phase_bytes":0,"producer_bytes_per_second":0}
{"event":"producer_done","phase":1,"producer":23,"bytes_total":0,"query_replies":0,"write_blocked_ns":0,"max_backpressure_wait_ns":0,"write_calls":0,"phase_bytes":0,"producer_bytes_per_second":0}
{"event":"producer_done","phase":1,"producer":24,"bytes_total":0,"query_replies":0,"write_blocked_ns":0,"max_backpressure_wait_ns":0,"write_calls":0,"phase_bytes":0,"producer_bytes_per_second":0}
{"event":"producer_done","phase":1,"producer":25,"bytes_total":0,"query_replies":0,"write_blocked_ns":0,"max_backpressure_wait_ns":0,"write_calls":0,"phase_bytes":0,"producer_bytes_per_second":0}
{"event":"producer_done","phase":1,"producer":26,"bytes_total":0,"query_replies":0,"write_blocked_ns":0,"max_backpressure_wait_ns":0,"write_calls":0,"phase_bytes":0,"producer_bytes_per_second":0}
{"event":"producer_done","phase":1,"producer":27,"bytes_total":0,"query_replies":0,"write_blocked_ns":0,"max_backpressure_wait_ns":0,"write_calls":0,"phase_bytes":0,"producer_bytes_per_second":0}
{"event":"producer_done","phase":1,"producer":28,"bytes_total":0,"query_replies":0,"write_blocked_ns":0,"max_backpressure_wait_ns":0,"write_calls":0,"phase_bytes":0,"producer_bytes_per_second":0}
{"event":"producer_done","phase":1,"producer":29,"bytes_total":0,"query_replies":0,"write_blocked_ns":0,"max_backpressure_wait_ns":0,"write_calls":0,"phase_bytes":0,"producer_bytes_per_second":0}
{"event":"producer_done","phase":1,"producer":30,"bytes_total":0,"query_replies":0,"write_blocked_ns":0,"max_backpressure_wait_ns":0,"write_calls":0,"phase_bytes":0,"producer_bytes_per_second":0}
{"event":"producer_done","phase":1,"producer":31,"bytes_total":0,"query_replies":0,"write_blocked_ns":0,"max_backpressure_wait_ns":0,"write_calls":0,"phase_bytes":0,"producer_bytes_per_second":0}
{"event":"producer_done","phase":1,"producer":32,"bytes_total":0,"query_replies":0,"write_blocked_ns":0,"max_backpressure_wait_ns":0,"write_calls":0,"phase_bytes":0,"producer_bytes_per_second":0}
{"event":"producer_done","phase":1,"producer":33,"bytes_total":0,"query_replies":0,"write_blocked_ns":0,"max_backpressure_wait_ns":0,"write_calls":0,"phase_bytes":0,"producer_bytes_per_second":0}
{"event":"producer_done","phase":1,"producer":34,"bytes_total":0,"query_replies":0,"write_blocked_ns":0,"max_backpressure_wait_ns":0,"write_calls":0,"phase_bytes":0,"producer_bytes_per_second":0}
{"event":"producer_done","phase":1,"producer":35,"bytes_total":0,"query_replies":0,"write_blocked_ns":0,"max_backpressure_wait_ns":0,"write_calls":0,"phase_bytes":0,"producer_bytes_per_second":0}
{"event":"producer_done","phase":1,"producer":36,"bytes_total":0,"query_replies":0,"write_blocked_ns":0,"max_backpressure_wait_ns":0,"write_calls":0,"phase_bytes":0,"producer_bytes_per_second":0}
{"event":"producer_done","phase":1,"producer":37,"bytes_total":0,"query_replies":0,"write_blocked_ns":0,"max_backpressure_wait_ns":0,"write_calls":0,"phase_bytes":0,"producer_bytes_per_second":0}
{"event":"producer_done","phase":1,"producer":38,"bytes_total":0,"query_replies":0,"write_blocked_ns":0,"max_backpressure_wait_ns":0,"write_calls":0,"phase_bytes":0,"producer_bytes_per_second":0}
{"event":"producer_done","phase":1,"producer":39,"bytes_total":0,"query_replies":0,"write_blocked_ns":0,"max_backpressure_wait_ns":0,"write_calls":0,"phase_bytes":0,"producer_bytes_per_second":0}
{"event":"producer_done","phase":1,"producer":40,"bytes_total":0,"query_replies":0,"write_blocked_ns":0,"max_backpressure_wait_ns":0,"write_calls":0,"phase_bytes":0,"producer_bytes_per_second":0}
{"event":"producer_done","phase":1,"producer":41,"bytes_total":0,"query_replies":0,"write_blocked_ns":0,"max_backpressure_wait_ns":0,"write_calls":0,"phase_bytes":0,"producer_bytes_per_second":0}
{"event":"producer_done","phase":1,"producer":42,"bytes_total":0,"query_replies":0,"write_blocked_ns":0,"max_backpressure_wait_ns":0,"write_calls":0,"phase_bytes":0,"producer_bytes_per_second":0}
{"event":"producer_done","phase":1,"producer":43,"bytes_total":0,"query_replies":0,"write_blocked_ns":0,"max_backpressure_wait_ns":0,"write_calls":0,"phase_bytes":0,"producer_bytes_per_second":0}
{"event":"producer_done","phase":1,"producer":44,"bytes_total":0,"query_replies":0,"write_blocked_ns":0,"max_backpressure_wait_ns":0,"write_calls":0,"phase_bytes":0,"producer_bytes_per_second":0}
{"event":"producer_done","phase":1,"producer":45,"bytes_total":0,"query_replies":0,"write_blocked_ns":0,"max_backpressure_wait_ns":0,"write_calls":0,"phase_bytes":0,"producer_bytes_per_second":0}
{"event":"producer_done","phase":1,"producer":46,"bytes_total":0,"query_replies":0,"write_blocked_ns":0,"max_backpressure_wait_ns":0,"write_calls":0,"phase_bytes":0,"producer_bytes_per_second":0}
{"event":"producer_done","phase":1,"producer":47,"bytes_total":0,"query_replies":0,"write_blocked_ns":0,"max_backpressure_wait_ns":0,"write_calls":0,"phase_bytes":0,"producer_bytes_per_second":0}
{"event":"producer_done","phase":1,"producer":48,"bytes_total":0,"query_replies":0,"write_blocked_ns":0,"max_backpressure_wait_ns":0,"write_calls":0,"phase_bytes":0,"producer_bytes_per_second":0}
{"event":"producer_done","phase":1,"producer":49,"bytes_total":0,"query_replies":0,"write_blocked_ns":0,"max_backpressure_wait_ns":0,"write_calls":0,"phase_bytes":0,"producer_bytes_per_second":0}
{"event":"producer_done","phase":1,"producer":50,"bytes_total":0,"query_replies":0,"write_blocked_ns":0,"max_backpressure_wait_ns":0,"write_calls":0,"phase_bytes":0,"producer_bytes_per_second":0}
{"event":"producer_done","phase":1,"producer":51,"bytes_total":0,"query_replies":0,"write_blocked_ns":0,"max_backpressure_wait_ns":0,"write_calls":0,"phase_bytes":0,"producer_bytes_per_second":0}
{"event":"producer_done","phase":1,"producer":52,"bytes_total":0,"query_replies":0,"write_blocked_ns":0,"max_backpressure_wait_ns":0,"write_calls":0,"phase_bytes":0,"producer_bytes_per_second":0}
{"event":"producer_done","phase":1,"producer":53,"bytes_total":0,"query_replies":0,"write_blocked_ns":0,"max_backpressure_wait_ns":0,"write_calls":0,"phase_bytes":0,"producer_bytes_per_second":0}
{"event":"producer_done","phase":1,"producer":54,"bytes_total":0,"query_replies":0,"write_blocked_ns":0,"max_backpressure_wait_ns":0,"write_calls":0,"phase_bytes":0,"producer_bytes_per_second":0}
{"event":"producer_done","phase":1,"producer":55,"bytes_total":0,"query_replies":0,"write_blocked_ns":0,"max_backpressure_wait_ns":0,"write_calls":0,"phase_bytes":0,"producer_bytes_per_second":0}
{"event":"producer_done","phase":1,"producer":56,"bytes_total":0,"query_replies":0,"write_blocked_ns":0,"max_backpressure_wait_ns":0,"write_calls":0,"phase_bytes":0,"producer_bytes_per_second":0}
{"event":"producer_done","phase":1,"producer":57,"bytes_total":0,"query_replies":0,"write_blocked_ns":0,"max_backpressure_wait_ns":0,"write_calls":0,"phase_bytes":0,"producer_bytes_per_second":0}
{"event":"producer_done","phase":1,"producer":58,"bytes_total":0,"query_replies":0,"write_blocked_ns":0,"max_backpressure_wait_ns":0,"write_calls":0,"phase_bytes":0,"producer_bytes_per_second":0}
{"event":"producer_done","phase":1,"producer":59,"bytes_total":0,"query_replies":0,"write_blocked_ns":0,"max_backpressure_wait_ns":0,"write_calls":0,"phase_bytes":0,"producer_bytes_per_second":0}
{"event":"producer_done","phase":1,"producer":60,"bytes_total":0,"query_replies":0,"write_blocked_ns":0,"max_backpressure_wait_ns":0,"write_calls":0,"phase_bytes":0,"producer_bytes_per_second":0}
{"event":"producer_done","phase":1,"producer":61,"bytes_total":0,"query_replies":0,"write_blocked_ns":0,"max_backpressure_wait_ns":0,"write_calls":0,"phase_bytes":0,"producer_bytes_per_second":0}
{"event":"producer_done","phase":1,"producer":62,"bytes_total":0,"query_replies":0,"write_blocked_ns":0,"max_backpressure_wait_ns":0,"write_calls":0,"phase_bytes":0,"producer_bytes_per_second":0}
{"event":"producer_done","phase":1,"producer":63,"bytes_total":0,"query_replies":0,"write_blocked_ns":0,"max_backpressure_wait_ns":0,"write_calls":0,"phase_bytes":0,"producer_bytes_per_second":0}
{"event":"latency","boundary":"InputAdmission","successes":13,"failures":0,"unavailable":0,"p50_us":20,"p95_us":20,"p99_us":20,"max_us":20,"bucket_width_us":100,"buckets":[13, 0, 0, 0, 0, 0, 0, 0, 0, 0, 0, 0, 0, 0, 0, 0, 0, 0, 0, 0, 0, 0, 0, 0, 0, 0, 0, 0, 0, 0, 0, 0, 0, 0, 0, 0, 0, 0, 0, 0, 0, 0, 0, 0, 0, 0, 0, 0, 0, 0, 0, 0, 0, 0, 0, 0, 0, 0, 0, 0, 0, 0, 0, 0, 0, 0, 0, 0, 0, 0, 0, 0, 0, 0, 0, 0, 0, 0, 0, 0, 0, 0, 0, 0, 0, 0, 0, 0, 0, 0, 0, 0, 0, 0, 0, 0, 0, 0, 0, 0, 0, 0, 0, 0, 0, 0, 0, 0, 0, 0, 0, 0, 0, 0, 0, 0, 0, 0, 0, 0, 0, 0, 0, 0, 0, 0, 0, 0, 0, 0, 0, 0, 0, 0, 0, 0, 0, 0, 0, 0, 0, 0, 0, 0, 0, 0, 0, 0, 0, 0, 0, 0, 0, 0, 0, 0, 0, 0, 0, 0, 0, 0, 0, 0, 0, 0, 0, 0, 0, 0, 0, 0, 0, 0, 0, 0, 0, 0, 0, 0, 0, 0, 0, 0, 0, 0, 0, 0, 0, 0, 0, 0, 0, 0, 0, 0, 0, 0, 0, 0, 0, 0, 0, 0, 0, 0, 0, 0, 0, 0, 0, 0, 0, 0, 0, 0, 0, 0, 0, 0, 0, 0, 0, 0, 0, 0, 0, 0, 0, 0, 0, 0, 0, 0, 0, 0, 0, 0, 0, 0, 0, 0, 0, 0, 0, 0, 0, 0, 0, 0, 0, 0, 0, 0, 0, 0, 0, 0, 0, 0, 0, 0, 0, 0, 0, 0, 0, 0, 0, 0, 0, 0, 0, 0, 0, 0, 0, 0, 0, 0, 0, 0, 0, 0, 0, 0, 0, 0, 0, 0, 0, 0, 0, 0, 0, 0, 0, 0, 0, 0, 0, 0, 0, 0, 0, 0, 0, 0, 0, 0, 0, 0, 0, 0, 0, 0, 0, 0, 0, 0, 0, 0, 0, 0, 0, 0, 0, 0, 0, 0, 0, 0, 0, 0, 0, 0, 0, 0, 0, 0, 0, 0, 0, 0, 0, 0, 0, 0, 0, 0, 0, 0, 0, 0, 0, 0, 0, 0, 0, 0, 0, 0, 0, 0, 0, 0, 0, 0, 0, 0, 0, 0, 0, 0, 0, 0, 0, 0, 0, 0, 0, 0, 0, 0, 0, 0, 0, 0, 0, 0, 0, 0, 0, 0, 0, 0, 0, 0, 0, 0, 0, 0, 0, 0, 0, 0, 0, 0, 0, 0, 0, 0, 0, 0, 0, 0, 0, 0, 0, 0, 0, 0, 0, 0, 0, 0, 0, 0, 0, 0, 0, 0, 0, 0, 0, 0, 0, 0, 0, 0, 0, 0, 0, 0, 0, 0, 0, 0, 0, 0, 0, 0, 0, 0, 0, 0, 0, 0, 0, 0, 0, 0, 0, 0, 0, 0, 0, 0, 0, 0, 0, 0, 0, 0, 0, 0, 0, 0, 0, 0, 0, 0, 0, 0, 0, 0, 0, 0, 0, 0, 0, 0, 0, 0, 0, 0, 0, 0, 0, 0, 0, 0, 0, 0, 0, 0, 0, 0, 0, 0, 0, 0, 0, 0, 0, 0, 0, 0, 0, 0, 0, 0, 0, 0, 0, 0, 0, 0, 0, 0, 0, 0, 0, 0, 0, 0, 0, 0, 0, 0, 0, 0, 0, 0, 0, 0, 0, 0, 0, 0, 0, 0, 0, 0, 0, 0, 0, 0, 0, 0, 0, 0, 0, 0, 0, 0, 0, 0, 0, 0, 0, 0, 0, 0, 0, 0, 0, 0, 0, 0, 0, 0, 0, 0, 0, 0, 0, 0, 0, 0, 0, 0, 0, 0, 0, 0, 0, 0, 0, 0, 0, 0, 0, 0, 0, 0, 0, 0, 0, 0, 0, 0, 0, 0, 0, 0, 0, 0, 0, 0, 0, 0, 0, 0, 0, 0, 0, 0, 0, 0, 0, 0, 0, 0, 0, 0, 0, 0, 0, 0, 0, 0, 0, 0, 0, 0, 0, 0, 0, 0, 0, 0, 0, 0, 0, 0, 0, 0, 0, 0, 0, 0, 0, 0, 0, 0, 0, 0, 0, 0, 0, 0, 0, 0, 0, 0, 0, 0, 0, 0, 0, 0, 0, 0, 0, 0, 0, 0, 0, 0, 0, 0, 0, 0, 0, 0, 0, 0, 0, 0, 0, 0, 0, 0, 0, 0, 0, 0, 0, 0, 0, 0, 0, 0, 0, 0, 0, 0, 0, 0, 0, 0, 0, 0, 0, 0, 0, 0, 0, 0, 0, 0, 0, 0, 0, 0, 0, 0, 0, 0, 0, 0, 0, 0, 0, 0, 0, 0, 0, 0, 0, 0, 0, 0, 0, 0, 0, 0, 0, 0, 0, 0, 0, 0, 0, 0, 0, 0, 0, 0, 0, 0, 0, 0, 0, 0, 0, 0, 0, 0, 0, 0, 0, 0, 0, 0, 0, 0, 0, 0, 0, 0, 0, 0, 0, 0, 0, 0, 0, 0, 0, 0, 0, 0, 0, 0, 0, 0, 0, 0, 0, 0, 0, 0, 0, 0, 0, 0, 0, 0, 0, 0, 0, 0, 0, 0, 0, 0, 0, 0, 0, 0, 0, 0, 0, 0, 0, 0, 0, 0, 0, 0, 0, 0, 0, 0, 0, 0, 0, 0, 0, 0, 0, 0, 0, 0, 0, 0, 0, 0, 0, 0, 0, 0, 0, 0, 0, 0, 0, 0, 0, 0, 0, 0, 0, 0, 0, 0, 0, 0, 0, 0, 0, 0, 0, 0, 0, 0, 0, 0, 0, 0, 0, 0, 0, 0, 0, 0, 0, 0, 0, 0, 0, 0, 0, 0, 0, 0, 0, 0, 0, 0, 0, 0, 0, 0, 0, 0, 0, 0, 0, 0, 0, 0, 0, 0, 0, 0, 0, 0, 0, 0, 0, 0, 0, 0, 0, 0, 0, 0, 0, 0, 0, 0, 0, 0, 0, 0, 0, 0, 0, 0, 0, 0, 0, 0, 0, 0, 0, 0, 0, 0, 0, 0, 0, 0, 0, 0, 0, 0, 0, 0, 0, 0, 0, 0, 0, 0, 0, 0, 0, 0, 0, 0, 0, 0, 0, 0, 0, 0, 0, 0, 0, 0, 0, 0, 0, 0, 0, 0, 0, 0, 0, 0, 0, 0, 0, 0, 0, 0, 0, 0, 0, 0, 0, 0, 0, 0, 0, 0, 0, 0, 0, 0, 0]}
{"event":"latency","boundary":"InputDispatch","successes":16071,"failures":0,"unavailable":0,"p50_us":100,"p95_us":300,"p99_us":2100,"max_us":9381,"bucket_width_us":100,"buckets":[8247, 6225, 954, 262, 78, 28, 12, 13, 19, 8, 0, 1, 3, 7, 1, 1, 8, 8, 5, 17, 16, 11, 24, 13, 10, 3, 4, 26, 16, 1, 2, 3, 3, 9, 1, 1, 1, 0, 1, 0, 9, 2, 2, 1, 0, 0, 0, 0, 0, 0, 0, 0, 0, 0, 0, 0, 0, 0, 0, 0, 0, 0, 0, 0, 0, 0, 0, 0, 0, 0, 0, 0, 0, 0, 0, 0, 0, 0, 0, 0, 0, 0, 0, 0, 0, 0, 0, 0, 0, 0, 0, 10, 4, 1, 0, 0, 0, 0, 0, 0, 0, 0, 0, 0, 0, 0, 0, 0, 0, 0, 0, 0, 0, 0, 0, 0, 0, 0, 0, 0, 0, 0, 0, 0, 0, 0, 0, 0, 0, 0, 0, 0, 0, 0, 0, 0, 0, 0, 0, 0, 0, 0, 0, 0, 0, 0, 0, 0, 0, 0, 0, 0, 0, 0, 0, 0, 0, 0, 0, 0, 0, 0, 0, 0, 0, 0, 0, 0, 0, 0, 0, 0, 0, 0, 0, 0, 0, 0, 0, 0, 0, 0, 0, 0, 0, 0, 0, 0, 0, 0, 0, 0, 0, 0, 0, 0, 0, 0, 0, 0, 0, 0, 0, 0, 0, 0, 0, 0, 0, 0, 0, 0, 0, 0, 0, 0, 0, 0, 0, 0, 0, 0, 0, 0, 0, 0, 0, 0, 0, 0, 0, 0, 0, 0, 0, 0, 0, 0, 0, 0, 0, 0, 0, 0, 0, 0, 0, 0, 0, 0, 0, 0, 0, 0, 0, 0, 0, 0, 0, 0, 0, 0, 0, 0, 0, 0, 0, 0, 0, 0, 0, 0, 0, 0, 0, 0, 0, 0, 0, 0, 0, 0, 0, 0, 0, 0, 0, 0, 0, 0, 0, 0, 0, 0, 0, 0, 0, 0, 0, 0, 0, 0, 0, 0, 0, 0, 0, 0, 0, 0, 0, 0, 0, 0, 0, 0, 0, 0, 0, 0, 0, 0, 0, 0, 0, 0, 0, 0, 0, 0, 0, 0, 0, 0, 0, 0, 0, 0, 0, 0, 0, 0, 0, 0, 0, 0, 0, 0, 0, 0, 0, 0, 0, 0, 0, 0, 0, 0, 0, 0, 0, 0, 0, 0, 0, 0, 0, 0, 0, 0, 0, 0, 0, 0, 0, 0, 0, 0, 0, 0, 0, 0, 0, 0, 0, 0, 0, 0, 0, 0, 0, 0, 0, 0, 0, 0, 0, 0, 0, 0, 0, 0, 0, 0, 0, 0, 0, 0, 0, 0, 0, 0, 0, 0, 0, 0, 0, 0, 0, 0, 0, 0, 0, 0, 0, 0, 0, 0, 0, 0, 0, 0, 0, 0, 0, 0, 0, 0, 0, 0, 0, 0, 0, 0, 0, 0, 0, 0, 0, 0, 0, 0, 0, 0, 0, 0, 0, 0, 0, 0, 0, 0, 0, 0, 0, 0, 0, 0, 0, 0, 0, 0, 0, 0, 0, 0, 0, 0, 0, 0, 0, 0, 0, 0, 0, 0, 0, 0, 0, 0, 0, 0, 0, 0, 0, 0, 0, 0, 0, 0, 0, 0, 0, 0, 0, 0, 0, 0, 0, 0, 0, 0, 0, 0, 0, 0, 0, 0, 0, 0, 0, 0, 0, 0, 0, 0, 0, 0, 0, 0, 0, 0, 0, 0, 0, 0, 0, 0, 0, 0, 0, 0, 0, 0, 0, 0, 0, 0, 0, 0, 0, 0, 0, 0, 0, 0, 0, 0, 0, 0, 0, 0, 0, 0, 0, 0, 0, 0, 0, 0, 0, 0, 0, 0, 0, 0, 0, 0, 0, 0, 0, 0, 0, 0, 0, 0, 0, 0, 0, 0, 0, 0, 0, 0, 0, 0, 0, 0, 0, 0, 0, 0, 0, 0, 0, 0, 0, 0, 0, 0, 0, 0, 0, 0, 0, 0, 0, 0, 0, 0, 0, 0, 0, 0, 0, 0, 0, 0, 0, 0, 0, 0, 0, 0, 0, 0, 0, 0, 0, 0, 0, 0, 0, 0, 0, 0, 0, 0, 0, 0, 0, 0, 0, 0, 0, 0, 0, 0, 0, 0, 0, 0, 0, 0, 0, 0, 0, 0, 0, 0, 0, 0, 0, 0, 0, 0, 0, 0, 0, 0, 0, 0, 0, 0, 0, 0, 0, 0, 0, 0, 0, 0, 0, 0, 0, 0, 0, 0, 0, 0, 0, 0, 0, 0, 0, 0, 0, 0, 0, 0, 0, 0, 0, 0, 0, 0, 0, 0, 0, 0, 0, 0, 0, 0, 0, 0, 0, 0, 0, 0, 0, 0, 0, 0, 0, 0, 0, 0, 0, 0, 0, 0, 0, 0, 0, 0, 0, 0, 0, 0, 0, 0, 0, 0, 0, 0, 0, 0, 0, 0, 0, 0, 0, 0, 0, 0, 0, 0, 0, 0, 0, 0, 0, 0, 0, 0, 0, 0, 0, 0, 0, 0, 0, 0, 0, 0, 0, 0, 0, 0, 0, 0, 0, 0, 0, 0, 0, 0, 0, 0, 0, 0, 0, 0, 0, 0, 0, 0, 0, 0, 0, 0, 0, 0, 0, 0, 0, 0, 0, 0, 0, 0, 0, 0, 0, 0, 0, 0, 0, 0, 0, 0, 0, 0, 0, 0, 0, 0, 0, 0, 0, 0, 0, 0, 0, 0, 0, 0, 0, 0, 0, 0, 0, 0, 0, 0, 0, 0, 0, 0, 0, 0, 0, 0, 0, 0, 0, 0, 0, 0, 0, 0, 0, 0, 0, 0, 0, 0, 0, 0, 0, 0, 0, 0, 0, 0, 0, 0, 0, 0, 0, 0, 0, 0, 0, 0, 0, 0, 0, 0, 0, 0, 0, 0, 0, 0, 0, 0, 0, 0, 0, 0, 0, 0, 0, 0, 0, 0, 0, 0, 0, 0, 0, 0, 0, 0, 0, 0, 0, 0, 0, 0, 0, 0, 0, 0, 0, 0, 0, 0, 0, 0, 0, 0, 0, 0, 0, 0, 0, 0, 0, 0, 0, 0, 0, 0, 0, 0, 0, 0, 0, 0, 0, 0, 0, 0, 0, 0, 0, 0, 0, 0, 0, 0, 0, 0, 0, 0, 0, 0, 0, 0, 0, 0, 0, 0, 0, 0, 0, 0, 0, 0, 0, 0, 0, 0, 0, 0, 0, 0, 0, 0, 0, 0, 0, 0, 0, 0, 0, 0, 0, 0, 0, 0, 0, 0, 0, 0, 0, 0, 0, 0, 0, 0, 0]}
{"event":"latency","boundary":"RawOutput","successes":64264,"failures":0,"unavailable":0,"p50_us":300,"p95_us":500,"p99_us":700,"max_us":7581,"bucket_width_us":100,"buckets":[14410, 14503, 18050, 10050, 4547, 1739, 626, 182, 79, 25, 13, 8, 4, 1, 0, 2, 0, 2, 1, 0, 5, 1, 5, 4, 1, 0, 2, 1, 0, 0, 0, 0, 0, 0, 0, 0, 0, 1, 0, 0, 0, 1, 0, 0, 0, 0, 0, 0, 0, 0, 0, 0, 0, 0, 0, 0, 0, 0, 0, 0, 0, 0, 0, 0, 0, 0, 0, 0, 0, 0, 0, 0, 0, 0, 0, 1, 0, 0, 0, 0, 0, 0, 0, 0, 0, 0, 0, 0, 0, 0, 0, 0, 0, 0, 0, 0, 0, 0, 0, 0, 0, 0, 0, 0, 0, 0, 0, 0, 0, 0, 0, 0, 0, 0, 0, 0, 0, 0, 0, 0, 0, 0, 0, 0, 0, 0, 0, 0, 0, 0, 0, 0, 0, 0, 0, 0, 0, 0, 0, 0, 0, 0, 0, 0, 0, 0, 0, 0, 0, 0, 0, 0, 0, 0, 0, 0, 0, 0, 0, 0, 0, 0, 0, 0, 0, 0, 0, 0, 0, 0, 0, 0, 0, 0, 0, 0, 0, 0, 0, 0, 0, 0, 0, 0, 0, 0, 0, 0, 0, 0, 0, 0, 0, 0, 0, 0, 0, 0, 0, 0, 0, 0, 0, 0, 0, 0, 0, 0, 0, 0, 0, 0, 0, 0, 0, 0, 0, 0, 0, 0, 0, 0, 0, 0, 0, 0, 0, 0, 0, 0, 0, 0, 0, 0, 0, 0, 0, 0, 0, 0, 0, 0, 0, 0, 0, 0, 0, 0, 0, 0, 0, 0, 0, 0, 0, 0, 0, 0, 0, 0, 0, 0, 0, 0, 0, 0, 0, 0, 0, 0, 0, 0, 0, 0, 0, 0, 0, 0, 0, 0, 0, 0, 0, 0, 0, 0, 0, 0, 0, 0, 0, 0, 0, 0, 0, 0, 0, 0, 0, 0, 0, 0, 0, 0, 0, 0, 0, 0, 0, 0, 0, 0, 0, 0, 0, 0, 0, 0, 0, 0, 0, 0, 0, 0, 0, 0, 0, 0, 0, 0, 0, 0, 0, 0, 0, 0, 0, 0, 0, 0, 0, 0, 0, 0, 0, 0, 0, 0, 0, 0, 0, 0, 0, 0, 0, 0, 0, 0, 0, 0, 0, 0, 0, 0, 0, 0, 0, 0, 0, 0, 0, 0, 0, 0, 0, 0, 0, 0, 0, 0, 0, 0, 0, 0, 0, 0, 0, 0, 0, 0, 0, 0, 0, 0, 0, 0, 0, 0, 0, 0, 0, 0, 0, 0, 0, 0, 0, 0, 0, 0, 0, 0, 0, 0, 0, 0, 0, 0, 0, 0, 0, 0, 0, 0, 0, 0, 0, 0, 0, 0, 0, 0, 0, 0, 0, 0, 0, 0, 0, 0, 0, 0, 0, 0, 0, 0, 0, 0, 0, 0, 0, 0, 0, 0, 0, 0, 0, 0, 0, 0, 0, 0, 0, 0, 0, 0, 0, 0, 0, 0, 0, 0, 0, 0, 0, 0, 0, 0, 0, 0, 0, 0, 0, 0, 0, 0, 0, 0, 0, 0, 0, 0, 0, 0, 0, 0, 0, 0, 0, 0, 0, 0, 0, 0, 0, 0, 0, 0, 0, 0, 0, 0, 0, 0, 0, 0, 0, 0, 0, 0, 0, 0, 0, 0, 0, 0, 0, 0, 0, 0, 0, 0, 0, 0, 0, 0, 0, 0, 0, 0, 0, 0, 0, 0, 0, 0, 0, 0, 0, 0, 0, 0, 0, 0, 0, 0, 0, 0, 0, 0, 0, 0, 0, 0, 0, 0, 0, 0, 0, 0, 0, 0, 0, 0, 0, 0, 0, 0, 0, 0, 0, 0, 0, 0, 0, 0, 0, 0, 0, 0, 0, 0, 0, 0, 0, 0, 0, 0, 0, 0, 0, 0, 0, 0, 0, 0, 0, 0, 0, 0, 0, 0, 0, 0, 0, 0, 0, 0, 0, 0, 0, 0, 0, 0, 0, 0, 0, 0, 0, 0, 0, 0, 0, 0, 0, 0, 0, 0, 0, 0, 0, 0, 0, 0, 0, 0, 0, 0, 0, 0, 0, 0, 0, 0, 0, 0, 0, 0, 0, 0, 0, 0, 0, 0, 0, 0, 0, 0, 0, 0, 0, 0, 0, 0, 0, 0, 0, 0, 0, 0, 0, 0, 0, 0, 0, 0, 0, 0, 0, 0, 0, 0, 0, 0, 0, 0, 0, 0, 0, 0, 0, 0, 0, 0, 0, 0, 0, 0, 0, 0, 0, 0, 0, 0, 0, 0, 0, 0, 0, 0, 0, 0, 0, 0, 0, 0, 0, 0, 0, 0, 0, 0, 0, 0, 0, 0, 0, 0, 0, 0, 0, 0, 0, 0, 0, 0, 0, 0, 0, 0, 0, 0, 0, 0, 0, 0, 0, 0, 0, 0, 0, 0, 0, 0, 0, 0, 0, 0, 0, 0, 0, 0, 0, 0, 0, 0, 0, 0, 0, 0, 0, 0, 0, 0, 0, 0, 0, 0, 0, 0, 0, 0, 0, 0, 0, 0, 0, 0, 0, 0, 0, 0, 0, 0, 0, 0, 0, 0, 0, 0, 0, 0, 0, 0, 0, 0, 0, 0, 0, 0, 0, 0, 0, 0, 0, 0, 0, 0, 0, 0, 0, 0, 0, 0, 0, 0, 0, 0, 0, 0, 0, 0, 0, 0, 0, 0, 0, 0, 0, 0, 0, 0, 0, 0, 0, 0, 0, 0, 0, 0, 0, 0, 0, 0, 0, 0, 0, 0, 0, 0, 0, 0, 0, 0, 0, 0, 0, 0, 0, 0, 0, 0, 0, 0, 0, 0, 0, 0, 0, 0, 0, 0, 0, 0, 0, 0, 0, 0, 0, 0, 0, 0, 0, 0, 0, 0, 0, 0, 0, 0, 0, 0, 0, 0, 0, 0, 0, 0, 0, 0, 0, 0, 0, 0, 0, 0, 0, 0, 0, 0, 0, 0, 0, 0, 0, 0, 0, 0, 0, 0, 0, 0, 0, 0, 0, 0, 0, 0, 0, 0, 0, 0, 0, 0, 0, 0, 0, 0, 0, 0, 0, 0, 0, 0, 0, 0, 0, 0, 0, 0, 0, 0, 0, 0, 0, 0, 0, 0, 0, 0, 0, 0, 0, 0, 0, 0, 0, 0, 0, 0, 0, 0, 0, 0, 0, 0, 0, 0, 0, 0, 0, 0, 0, 0, 0, 0, 0, 0, 0, 0, 0, 0, 0, 0, 0, 0, 0, 0, 0, 0, 0, 0, 0, 0, 0]}
{"event":"latency","boundary":"ProjectedOutput","successes":64264,"failures":0,"unavailable":0,"p50_us":68300,"p95_us":74900,"p99_us":75800,"max_us":80157,"bucket_width_us":100,"buckets":[1797, 343, 100, 45, 9, 4, 3, 0, 4, 7, 4, 4, 0, 1, 0, 0, 0, 0, 0, 0, 0, 0, 0, 0, 0, 0, 0, 0, 0, 1, 1, 2, 1, 1, 2, 2, 0, 2, 5, 7, 7, 6, 7, 6, 2, 4, 0, 1, 0, 3, 4, 1, 5, 2, 0, 2, 4, 4, 4, 7, 8, 6, 9, 11, 15, 14, 9, 11, 7, 5, 9, 0, 2, 4, 1, 2, 1, 4, 5, 1, 2, 4, 3, 4, 4, 6, 5, 6, 0, 3, 2, 2, 5, 10, 5, 5, 5, 5, 1, 8, 10, 10, 3, 6, 10, 7, 5, 12, 9, 8, 5, 12, 10, 14, 13, 5, 13, 10, 5, 5, 4, 9, 7, 12, 5, 10, 7, 10, 8, 9, 10, 11, 12, 14, 4, 13, 7, 5, 14, 11, 6, 9, 11, 6, 14, 16, 4, 12, 13, 5, 9, 7, 17, 18, 16, 14, 13, 18, 15, 19, 14, 24, 16, 20, 30, 11, 15, 19, 15, 16, 23, 9, 9, 25, 14, 10, 15, 13, 17, 14, 16, 12, 11, 10, 4, 16, 15, 12, 15, 3, 21, 16, 6, 3, 5, 20, 13, 11, 12, 15, 10, 11, 8, 10, 4, 16, 10, 15, 11, 10, 15, 11, 15, 10, 7, 14, 11, 15, 7, 8, 20, 2, 20, 5, 10, 18, 15, 22, 12, 11, 18, 12, 8, 9, 12, 9, 8, 26, 17, 9, 20, 10, 24, 12, 14, 14, 11, 16, 7, 9, 10, 16, 14, 15, 8, 10, 4, 12, 3, 3, 6, 9, 5, 8, 7, 7, 7, 4, 6, 4, 4, 3, 11, 5, 9, 8, 3, 13, 6, 2, 3, 8, 8, 4, 11, 4, 11, 8, 9, 3, 4, 13, 9, 6, 10, 10, 4, 11, 0, 3, 1, 8, 8, 9, 7, 9, 9, 8, 3, 6, 9, 3, 2, 8, 10, 7, 10, 5, 9, 13, 13, 8, 13, 18, 19, 13, 8, 18, 12, 23, 6, 19, 25, 15, 19, 22, 8, 17, 16, 16, 21, 14, 19, 30, 19, 7, 10, 17, 17, 18, 20, 15, 17, 22, 21, 22, 27, 16, 25, 18, 15, 25, 22, 25, 20, 28, 20, 17, 22, 18, 19, 13, 19, 18, 27, 26, 18, 19, 14, 13, 18, 20, 14, 15, 17, 15, 14, 14, 13, 14, 26, 13, 17, 11, 7, 19, 15, 17, 12, 24, 16, 29, 18, 15, 14, 15, 19, 15, 32, 19, 27, 10, 21, 9, 18, 18, 17, 17, 20, 16, 15, 12, 16, 19, 9, 22, 19, 16, 21, 10, 24, 16, 18, 14, 23, 16, 18, 19, 17, 18, 16, 26, 16, 19, 22, 15, 13, 20, 18, 19, 10, 25, 24, 22, 16, 9, 24, 20, 19, 18, 16, 19, 13, 25, 16, 20, 17, 16, 14, 20, 17, 23, 32, 38, 19, 30, 32, 34, 34, 36, 44, 39, 39, 47, 41, 54, 40, 36, 51, 46, 65, 59, 74, 60, 48, 37, 61, 48, 69, 63, 80, 70, 84, 97, 122, 145, 163, 243, 214, 216, 199, 168, 202, 231, 223, 238, 235, 178, 141, 87, 107, 121, 112, 97, 114, 126, 130, 141, 162, 175, 164, 137, 97, 88, 58, 96, 184, 193, 252, 306, 194, 155, 107, 62, 48, 79, 46, 61, 63, 64, 45, 72, 66, 73, 81, 69, 54, 59, 46, 53, 50, 55, 50, 73, 70, 50, 56, 57, 53, 57, 70, 72, 52, 47, 59, 67, 39, 52, 48, 46, 54, 52, 52, 74, 74, 60, 67, 54, 51, 62, 68, 78, 71, 46, 52, 57, 62, 73, 61, 61, 48, 57, 58, 49, 54, 43, 47, 54, 36, 49, 57, 59, 37, 65, 63, 57, 51, 55, 73, 82, 89, 76, 86, 68, 65, 78, 86, 85, 104, 87, 85, 97, 99, 102, 98, 101, 104, 75, 67, 70, 63, 61, 71, 93, 89, 92, 90, 74, 72, 78, 87, 85, 66, 87, 77, 94, 86, 74, 86, 102, 100, 118, 155, 165, 206, 237, 271, 282, 262, 317, 264, 318, 398, 414, 501, 517, 623, 646, 656, 643, 597, 614, 686, 616, 558, 602, 467, 497, 505, 445, 515, 546, 532, 627, 603, 642, 637, 579, 571, 503, 515, 563, 534, 552, 549, 549, 539, 622, 538, 491, 430, 492, 472, 417, 386, 376, 352, 373, 352, 327, 382, 425, 407, 298, 282, 297, 218, 227, 277, 239, 323, 318, 309, 256, 284, 290, 326, 319, 356, 324, 323, 398, 476, 482, 555, 500, 445, 413, 463, 386, 382, 306, 311, 244, 187, 174, 131, 110, 91, 76, 69, 53, 44, 56, 34, 18, 21, 12, 10, 16, 9, 10, 7, 11, 6, 4, 8, 5, 2, 2, 5, 3, 2, 1, 3, 3, 3, 1, 0, 1, 1, 1, 0, 1, 1, 1, 1, 1, 1, 0, 0, 2, 0, 0, 0, 0, 0, 0, 0, 0, 0, 0, 0, 0, 0, 0, 0, 0, 0, 0, 0, 0, 0, 0, 0, 0, 0, 0, 0, 0, 0, 0, 0, 0, 0, 0, 0, 0, 0, 0, 0, 0, 0, 0, 0, 0, 0, 0, 0, 0, 0, 0, 0, 0, 0, 0, 0, 0, 0, 0, 0, 0, 0, 0, 0, 0, 0, 0, 0, 0, 0, 0, 0, 0, 0, 0, 0, 0, 0, 0, 0, 0, 0, 0, 0, 0, 0, 0, 0, 0, 0, 0, 0, 0, 0, 0, 0, 0, 0, 0, 0, 0, 0, 0, 0, 0, 0, 0, 0, 0, 0, 0, 0, 0, 0, 0, 0, 0, 0, 0, 0, 0, 0, 0, 0, 0, 0, 0, 0, 0, 0, 0, 0, 0, 0, 0, 0, 0, 0, 0, 0, 0, 0, 0, 0, 0, 0, 0, 0, 0, 0, 0, 0, 0, 0, 0, 0, 0, 0, 0, 0, 0, 0, 0, 0, 0, 0, 0, 0, 0, 0, 0, 0, 0, 0, 0, 0, 0, 0, 0, 0, 0, 0, 0, 0, 0, 0, 0, 0, 0, 0, 0, 0, 0, 0, 0, 0, 0, 0, 0, 0, 0, 0, 0, 0, 0, 0, 0, 0, 0, 0, 0, 0, 0, 0, 0, 0, 0, 0, 0, 0, 0, 0, 0, 0]}
{"event":"latency","boundary":"ResizeAdmission","successes":7,"failures":0,"unavailable":0,"p50_us":37,"p95_us":37,"p99_us":37,"max_us":37,"bucket_width_us":100,"buckets":[7, 0, 0, 0, 0, 0, 0, 0, 0, 0, 0, 0, 0, 0, 0, 0, 0, 0, 0, 0, 0, 0, 0, 0, 0, 0, 0, 0, 0, 0, 0, 0, 0, 0, 0, 0, 0, 0, 0, 0, 0, 0, 0, 0, 0, 0, 0, 0, 0, 0, 0, 0, 0, 0, 0, 0, 0, 0, 0, 0, 0, 0, 0, 0, 0, 0, 0, 0, 0, 0, 0, 0, 0, 0, 0, 0, 0, 0, 0, 0, 0, 0, 0, 0, 0, 0, 0, 0, 0, 0, 0, 0, 0, 0, 0, 0, 0, 0, 0, 0, 0, 0, 0, 0, 0, 0, 0, 0, 0, 0, 0, 0, 0, 0, 0, 0, 0, 0, 0, 0, 0, 0, 0, 0, 0, 0, 0, 0, 0, 0, 0, 0, 0, 0, 0, 0, 0, 0, 0, 0, 0, 0, 0, 0, 0, 0, 0, 0, 0, 0, 0, 0, 0, 0, 0, 0, 0, 0, 0, 0, 0, 0, 0, 0, 0, 0, 0, 0, 0, 0, 0, 0, 0, 0, 0, 0, 0, 0, 0, 0, 0, 0, 0, 0, 0, 0, 0, 0, 0, 0, 0, 0, 0, 0, 0, 0, 0, 0, 0, 0, 0, 0, 0, 0, 0, 0, 0, 0, 0, 0, 0, 0, 0, 0, 0, 0, 0, 0, 0, 0, 0, 0, 0, 0, 0, 0, 0, 0, 0, 0, 0, 0, 0, 0, 0, 0, 0, 0, 0, 0, 0, 0, 0, 0, 0, 0, 0, 0, 0, 0, 0, 0, 0, 0, 0, 0, 0, 0, 0, 0, 0, 0, 0, 0, 0, 0, 0, 0, 0, 0, 0, 0, 0, 0, 0, 0, 0, 0, 0, 0, 0, 0, 0, 0, 0, 0, 0, 0, 0, 0, 0, 0, 0, 0, 0, 0, 0, 0, 0, 0, 0, 0, 0, 0, 0, 0, 0, 0, 0, 0, 0, 0, 0, 0, 0, 0, 0, 0, 0, 0, 0, 0, 0, 0, 0, 0, 0, 0, 0, 0, 0, 0, 0, 0, 0, 0, 0, 0, 0, 0, 0, 0, 0, 0, 0, 0, 0, 0, 0, 0, 0, 0, 0, 0, 0, 0, 0, 0, 0, 0, 0, 0, 0, 0, 0, 0, 0, 0, 0, 0, 0, 0, 0, 0, 0, 0, 0, 0, 0, 0, 0, 0, 0, 0, 0, 0, 0, 0, 0, 0, 0, 0, 0, 0, 0, 0, 0, 0, 0, 0, 0, 0, 0, 0, 0, 0, 0, 0, 0, 0, 0, 0, 0, 0, 0, 0, 0, 0, 0, 0, 0, 0, 0, 0, 0, 0, 0, 0, 0, 0, 0, 0, 0, 0, 0, 0, 0, 0, 0, 0, 0, 0, 0, 0, 0, 0, 0, 0, 0, 0, 0, 0, 0, 0, 0, 0, 0, 0, 0, 0, 0, 0, 0, 0, 0, 0, 0, 0, 0, 0, 0, 0, 0, 0, 0, 0, 0, 0, 0, 0, 0, 0, 0, 0, 0, 0, 0, 0, 0, 0, 0, 0, 0, 0, 0, 0, 0, 0, 0, 0, 0, 0, 0, 0, 0, 0, 0, 0, 0, 0, 0, 0, 0, 0, 0, 0, 0, 0, 0, 0, 0, 0, 0, 0, 0, 0, 0, 0, 0, 0, 0, 0, 0, 0, 0, 0, 0, 0, 0, 0, 0, 0, 0, 0, 0, 0, 0, 0, 0, 0, 0, 0, 0, 0, 0, 0, 0, 0, 0, 0, 0, 0, 0, 0, 0, 0, 0, 0, 0, 0, 0, 0, 0, 0, 0, 0, 0, 0, 0, 0, 0, 0, 0, 0, 0, 0, 0, 0, 0, 0, 0, 0, 0, 0, 0, 0, 0, 0, 0, 0, 0, 0, 0, 0, 0, 0, 0, 0, 0, 0, 0, 0, 0, 0, 0, 0, 0, 0, 0, 0, 0, 0, 0, 0, 0, 0, 0, 0, 0, 0, 0, 0, 0, 0, 0, 0, 0, 0, 0, 0, 0, 0, 0, 0, 0, 0, 0, 0, 0, 0, 0, 0, 0, 0, 0, 0, 0, 0, 0, 0, 0, 0, 0, 0, 0, 0, 0, 0, 0, 0, 0, 0, 0, 0, 0, 0, 0, 0, 0, 0, 0, 0, 0, 0, 0, 0, 0, 0, 0, 0, 0, 0, 0, 0, 0, 0, 0, 0, 0, 0, 0, 0, 0, 0, 0, 0, 0, 0, 0, 0, 0, 0, 0, 0, 0, 0, 0, 0, 0, 0, 0, 0, 0, 0, 0, 0, 0, 0, 0, 0, 0, 0, 0, 0, 0, 0, 0, 0, 0, 0, 0, 0, 0, 0, 0, 0, 0, 0, 0, 0, 0, 0, 0, 0, 0, 0, 0, 0, 0, 0, 0, 0, 0, 0, 0, 0, 0, 0, 0, 0, 0, 0, 0, 0, 0, 0, 0, 0, 0, 0, 0, 0, 0, 0, 0, 0, 0, 0, 0, 0, 0, 0, 0, 0, 0, 0, 0, 0, 0, 0, 0, 0, 0, 0, 0, 0, 0, 0, 0, 0, 0, 0, 0, 0, 0, 0, 0, 0, 0, 0, 0, 0, 0, 0, 0, 0, 0, 0, 0, 0, 0, 0, 0, 0, 0, 0, 0, 0, 0, 0, 0, 0, 0, 0, 0, 0, 0, 0, 0, 0, 0, 0, 0, 0, 0, 0, 0, 0, 0, 0, 0, 0, 0, 0, 0, 0, 0, 0, 0, 0, 0, 0, 0, 0, 0, 0, 0, 0, 0, 0, 0, 0, 0, 0, 0, 0, 0, 0, 0, 0, 0, 0, 0, 0, 0, 0, 0, 0, 0, 0, 0, 0, 0, 0, 0, 0, 0, 0, 0, 0, 0, 0, 0, 0, 0, 0, 0, 0, 0, 0, 0, 0, 0, 0, 0, 0, 0, 0, 0, 0, 0, 0, 0, 0, 0, 0, 0, 0, 0, 0, 0, 0, 0, 0, 0, 0, 0, 0, 0, 0, 0, 0, 0, 0, 0, 0, 0, 0, 0, 0, 0, 0, 0, 0, 0, 0, 0, 0, 0, 0, 0, 0, 0, 0, 0, 0, 0, 0, 0, 0, 0, 0, 0, 0, 0, 0, 0, 0, 0, 0, 0, 0, 0, 0, 0, 0, 0, 0, 0, 0, 0, 0, 0, 0, 0, 0, 0, 0, 0, 0, 0, 0, 0, 0, 0, 0, 0, 0, 0, 0, 0, 0, 0, 0, 0]}
{"event":"latency","boundary":"ResizeDispatch","successes":7,"failures":0,"unavailable":0,"p50_us":68900,"p95_us":74843,"p99_us":74843,"max_us":74843,"bucket_width_us":100,"buckets":[0, 0, 0, 0, 1, 0, 0, 0, 0, 0, 0, 0, 0, 0, 0, 0, 0, 0, 0, 0, 0, 0, 0, 0, 0, 0, 0, 0, 0, 0, 0, 0, 0, 0, 0, 0, 0, 0, 0, 0, 0, 0, 0, 0, 0, 0, 0, 0, 0, 0, 0, 0, 0, 0, 0, 0, 0, 0, 0, 0, 0, 0, 0, 0, 0, 0, 0, 0, 0, 0, 0, 0, 0, 0, 0, 0, 0, 0, 0, 0, 0, 0, 0, 0, 0, 0, 0, 0, 0, 0, 0, 0, 0, 0, 0, 0, 0, 0, 0, 0, 0, 0, 0, 0, 0, 0, 0, 0, 0, 0, 0, 0, 0, 0, 0, 0, 0, 0, 0, 0, 0, 0, 0, 0, 0, 0, 0, 0, 0, 0, 0, 0, 0, 0, 0, 0, 0, 0, 0, 0, 0, 0, 0, 0, 0, 0, 0, 0, 0, 0, 0, 0, 0, 0, 0, 0, 0, 0, 0, 0, 0, 0, 0, 0, 0, 0, 0, 0, 0, 0, 0, 0, 0, 0, 0, 0, 0, 0, 0, 0, 0, 0, 0, 0, 0, 0, 0, 0, 0, 0, 0, 0, 0, 0, 0, 0, 0, 0, 0, 0, 0, 0, 0, 0, 0, 0, 0, 0, 0, 0, 0, 0, 0, 0, 0, 0, 0, 0, 0, 0, 0, 0, 0, 0, 0, 0, 0, 0, 0, 0, 0, 0, 0, 0, 0, 0, 0, 0, 0, 0, 0, 0, 0, 0, 0, 0, 0, 0, 0, 0, 0, 0, 0, 0, 0, 0, 0, 0, 0, 0, 0, 0, 0, 0, 0, 0, 0, 0, 0, 0, 0, 0, 0, 0, 0, 0, 0, 0, 0, 0, 0, 0, 0, 0, 0, 0, 0, 0, 0, 0, 0, 0, 0, 0, 0, 0, 0, 0, 0, 0, 0, 0, 0, 0, 0, 0, 0, 0, 0, 0, 0, 0, 0, 0, 0, 0, 0, 0, 0, 0, 0, 0, 0, 0, 0, 0, 0, 0, 0, 0, 0, 0, 0, 0, 0, 0, 0, 0, 0, 0, 0, 0, 0, 0, 0, 0, 0, 0, 0, 0, 0, 0, 0, 0, 0, 0, 0, 0, 0, 0, 0, 0, 0, 0, 0, 0, 0, 0, 0, 0, 0, 0, 0, 0, 0, 0, 0, 0, 0, 0, 0, 0, 0, 0, 0, 0, 0, 0, 0, 0, 0, 0, 0, 0, 0, 0, 0, 0, 0, 0, 0, 0, 0, 0, 0, 0, 0, 0, 0, 0, 0, 0, 0, 0, 0, 0, 0, 0, 0, 0, 0, 0, 0, 0, 0, 0, 0, 0, 0, 0, 0, 0, 0, 0, 0, 0, 0, 0, 0, 0, 0, 0, 0, 0, 0, 0, 0, 0, 0, 0, 0, 0, 0, 0, 0, 0, 0, 0, 0, 0, 0, 0, 0, 0, 0, 0, 0, 0, 0, 0, 0, 0, 0, 0, 0, 0, 0, 0, 0, 0, 0, 0, 0, 0, 0, 0, 0, 0, 0, 0, 0, 0, 0, 0, 0, 0, 0, 0, 0, 0, 0, 0, 0, 0, 0, 0, 0, 0, 0, 0, 0, 0, 0, 0, 0, 0, 0, 0, 0, 0, 0, 0, 0, 0, 0, 0, 0, 0, 0, 0, 0, 0, 0, 0, 0, 0, 0, 1, 0, 0, 0, 0, 0, 0, 0, 0, 0, 0, 0, 0, 0, 0, 0, 0, 0, 0, 0, 0, 0, 0, 0, 0, 0, 0, 0, 0, 0, 0, 0, 0, 0, 0, 0, 0, 0, 0, 0, 0, 0, 0, 0, 0, 1, 0, 0, 0, 0, 0, 0, 0, 0, 0, 0, 0, 0, 0, 0, 0, 0, 0, 0, 0, 0, 0, 0, 0, 0, 0, 0, 0, 0, 0, 0, 0, 0, 0, 0, 0, 0, 0, 0, 0, 0, 0, 0, 0, 0, 0, 0, 0, 0, 0, 0, 0, 0, 0, 0, 0, 0, 0, 0, 0, 0, 0, 0, 0, 0, 0, 0, 0, 0, 0, 0, 0, 0, 0, 0, 0, 0, 0, 0, 0, 0, 0, 0, 0, 0, 0, 0, 0, 0, 0, 0, 0, 0, 0, 0, 0, 0, 0, 0, 0, 0, 0, 0, 0, 0, 0, 1, 0, 0, 0, 0, 1, 0, 0, 0, 0, 0, 0, 0, 0, 0, 0, 0, 0, 0, 0, 0, 0, 0, 0, 0, 0, 0, 0, 0, 0, 0, 0, 0, 0, 0, 0, 0, 0, 0, 0, 0, 0, 0, 0, 0, 0, 0, 0, 0, 0, 0, 0, 0, 1, 0, 0, 0, 0, 0, 0, 1, 0, 0, 0, 0, 0, 0, 0, 0, 0, 0, 0, 0, 0, 0, 0, 0, 0, 0, 0, 0, 0, 0, 0, 0, 0, 0, 0, 0, 0, 0, 0, 0, 0, 0, 0, 0, 0, 0, 0, 0, 0, 0, 0, 0, 0, 0, 0, 0, 0, 0, 0, 0, 0, 0, 0, 0, 0, 0, 0, 0, 0, 0, 0, 0, 0, 0, 0, 0, 0, 0, 0, 0, 0, 0, 0, 0, 0, 0, 0, 0, 0, 0, 0, 0, 0, 0, 0, 0, 0, 0, 0, 0, 0, 0, 0, 0, 0, 0, 0, 0, 0, 0, 0, 0, 0, 0, 0, 0, 0, 0, 0, 0, 0, 0, 0, 0, 0, 0, 0, 0, 0, 0, 0, 0, 0, 0, 0, 0, 0, 0, 0, 0, 0, 0, 0, 0, 0, 0, 0, 0, 0, 0, 0, 0, 0, 0, 0, 0, 0, 0, 0, 0, 0, 0, 0, 0, 0, 0, 0, 0, 0, 0, 0, 0, 0, 0, 0, 0, 0, 0, 0, 0, 0, 0, 0, 0, 0, 0, 0, 0, 0, 0, 0, 0, 0, 0, 0, 0, 0, 0, 0, 0, 0, 0, 0, 0, 0, 0, 0, 0, 0, 0, 0, 0, 0, 0, 0, 0, 0, 0, 0, 0, 0, 0, 0, 0, 0, 0, 0, 0, 0, 0, 0, 0, 0, 0, 0, 0, 0, 0, 0, 0, 0, 0, 0, 0, 0, 0, 0, 0, 0, 0, 0, 0, 0, 0, 0, 0, 0, 0, 0, 0, 0, 0, 0, 0, 0, 0, 0, 0, 0, 0, 0, 0, 0, 0, 0, 0, 0, 0, 0, 0, 0, 0, 0, 0]}
{"event":"latency","boundary":"CancelAdmission","successes":1,"failures":0,"unavailable":0,"p50_us":5,"p95_us":5,"p99_us":5,"max_us":5,"bucket_width_us":100,"buckets":[1, 0, 0, 0, 0, 0, 0, 0, 0, 0, 0, 0, 0, 0, 0, 0, 0, 0, 0, 0, 0, 0, 0, 0, 0, 0, 0, 0, 0, 0, 0, 0, 0, 0, 0, 0, 0, 0, 0, 0, 0, 0, 0, 0, 0, 0, 0, 0, 0, 0, 0, 0, 0, 0, 0, 0, 0, 0, 0, 0, 0, 0, 0, 0, 0, 0, 0, 0, 0, 0, 0, 0, 0, 0, 0, 0, 0, 0, 0, 0, 0, 0, 0, 0, 0, 0, 0, 0, 0, 0, 0, 0, 0, 0, 0, 0, 0, 0, 0, 0, 0, 0, 0, 0, 0, 0, 0, 0, 0, 0, 0, 0, 0, 0, 0, 0, 0, 0, 0, 0, 0, 0, 0, 0, 0, 0, 0, 0, 0, 0, 0, 0, 0, 0, 0, 0, 0, 0, 0, 0, 0, 0, 0, 0, 0, 0, 0, 0, 0, 0, 0, 0, 0, 0, 0, 0, 0, 0, 0, 0, 0, 0, 0, 0, 0, 0, 0, 0, 0, 0, 0, 0, 0, 0, 0, 0, 0, 0, 0, 0, 0, 0, 0, 0, 0, 0, 0, 0, 0, 0, 0, 0, 0, 0, 0, 0, 0, 0, 0, 0, 0, 0, 0, 0, 0, 0, 0, 0, 0, 0, 0, 0, 0, 0, 0, 0, 0, 0, 0, 0, 0, 0, 0, 0, 0, 0, 0, 0, 0, 0, 0, 0, 0, 0, 0, 0, 0, 0, 0, 0, 0, 0, 0, 0, 0, 0, 0, 0, 0, 0, 0, 0, 0, 0, 0, 0, 0, 0, 0, 0, 0, 0, 0, 0, 0, 0, 0, 0, 0, 0, 0, 0, 0, 0, 0, 0, 0, 0, 0, 0, 0, 0, 0, 0, 0, 0, 0, 0, 0, 0, 0, 0, 0, 0, 0, 0, 0, 0, 0, 0, 0, 0, 0, 0, 0, 0, 0, 0, 0, 0, 0, 0, 0, 0, 0, 0, 0, 0, 0, 0, 0, 0, 0, 0, 0, 0, 0, 0, 0, 0, 0, 0, 0, 0, 0, 0, 0, 0, 0, 0, 0, 0, 0, 0, 0, 0, 0, 0, 0, 0, 0, 0, 0, 0, 0, 0, 0, 0, 0, 0, 0, 0, 0, 0, 0, 0, 0, 0, 0, 0, 0, 0, 0, 0, 0, 0, 0, 0, 0, 0, 0, 0, 0, 0, 0, 0, 0, 0, 0, 0, 0, 0, 0, 0, 0, 0, 0, 0, 0, 0, 0, 0, 0, 0, 0, 0, 0, 0, 0, 0, 0, 0, 0, 0, 0, 0, 0, 0, 0, 0, 0, 0, 0, 0, 0, 0, 0, 0, 0, 0, 0, 0, 0, 0, 0, 0, 0, 0, 0, 0, 0, 0, 0, 0, 0, 0, 0, 0, 0, 0, 0, 0, 0, 0, 0, 0, 0, 0, 0, 0, 0, 0, 0, 0, 0, 0, 0, 0, 0, 0, 0, 0, 0, 0, 0, 0, 0, 0, 0, 0, 0, 0, 0, 0, 0, 0, 0, 0, 0, 0, 0, 0, 0, 0, 0, 0, 0, 0, 0, 0, 0, 0, 0, 0, 0, 0, 0, 0, 0, 0, 0, 0, 0, 0, 0, 0, 0, 0, 0, 0, 0, 0, 0, 0, 0, 0, 0, 0, 0, 0, 0, 0, 0, 0, 0, 0, 0, 0, 0, 0, 0, 0, 0, 0, 0, 0, 0, 0, 0, 0, 0, 0, 0, 0, 0, 0, 0, 0, 0, 0, 0, 0, 0, 0, 0, 0, 0, 0, 0, 0, 0, 0, 0, 0, 0, 0, 0, 0, 0, 0, 0, 0, 0, 0, 0, 0, 0, 0, 0, 0, 0, 0, 0, 0, 0, 0, 0, 0, 0, 0, 0, 0, 0, 0, 0, 0, 0, 0, 0, 0, 0, 0, 0, 0, 0, 0, 0, 0, 0, 0, 0, 0, 0, 0, 0, 0, 0, 0, 0, 0, 0, 0, 0, 0, 0, 0, 0, 0, 0, 0, 0, 0, 0, 0, 0, 0, 0, 0, 0, 0, 0, 0, 0, 0, 0, 0, 0, 0, 0, 0, 0, 0, 0, 0, 0, 0, 0, 0, 0, 0, 0, 0, 0, 0, 0, 0, 0, 0, 0, 0, 0, 0, 0, 0, 0, 0, 0, 0, 0, 0, 0, 0, 0, 0, 0, 0, 0, 0, 0, 0, 0, 0, 0, 0, 0, 0, 0, 0, 0, 0, 0, 0, 0, 0, 0, 0, 0, 0, 0, 0, 0, 0, 0, 0, 0, 0, 0, 0, 0, 0, 0, 0, 0, 0, 0, 0, 0, 0, 0, 0, 0, 0, 0, 0, 0, 0, 0, 0, 0, 0, 0, 0, 0, 0, 0, 0, 0, 0, 0, 0, 0, 0, 0, 0, 0, 0, 0, 0, 0, 0, 0, 0, 0, 0, 0, 0, 0, 0, 0, 0, 0, 0, 0, 0, 0, 0, 0, 0, 0, 0, 0, 0, 0, 0, 0, 0, 0, 0, 0, 0, 0, 0, 0, 0, 0, 0, 0, 0, 0, 0, 0, 0, 0, 0, 0, 0, 0, 0, 0, 0, 0, 0, 0, 0, 0, 0, 0, 0, 0, 0, 0, 0, 0, 0, 0, 0, 0, 0, 0, 0, 0, 0, 0, 0, 0, 0, 0, 0, 0, 0, 0, 0, 0, 0, 0, 0, 0, 0, 0, 0, 0, 0, 0, 0, 0, 0, 0, 0, 0, 0, 0, 0, 0, 0, 0, 0, 0, 0, 0, 0, 0, 0, 0, 0, 0, 0, 0, 0, 0, 0, 0, 0, 0, 0, 0, 0, 0, 0, 0, 0, 0, 0, 0, 0, 0, 0, 0, 0, 0, 0, 0, 0, 0, 0, 0, 0, 0, 0, 0, 0, 0, 0, 0, 0, 0, 0, 0, 0, 0, 0, 0, 0, 0, 0, 0, 0, 0, 0, 0, 0, 0, 0, 0, 0, 0, 0, 0, 0, 0, 0, 0, 0, 0, 0, 0, 0, 0, 0, 0, 0, 0, 0, 0, 0, 0, 0, 0, 0, 0, 0, 0, 0, 0, 0, 0, 0, 0, 0, 0, 0, 0, 0, 0, 0, 0, 0, 0, 0, 0, 0, 0, 0, 0, 0, 0, 0, 0, 0, 0, 0, 0, 0, 0, 0, 0, 0, 0, 0, 0, 0, 0, 0, 0, 0, 0, 0, 0, 0, 0, 0, 0, 0, 0, 0, 0]}
{"event":"latency","boundary":"CancelDispatch","successes":1,"failures":0,"unavailable":0,"p50_us":864,"p95_us":864,"p99_us":864,"max_us":864,"bucket_width_us":100,"buckets":[0, 0, 0, 0, 0, 0, 0, 0, 1, 0, 0, 0, 0, 0, 0, 0, 0, 0, 0, 0, 0, 0, 0, 0, 0, 0, 0, 0, 0, 0, 0, 0, 0, 0, 0, 0, 0, 0, 0, 0, 0, 0, 0, 0, 0, 0, 0, 0, 0, 0, 0, 0, 0, 0, 0, 0, 0, 0, 0, 0, 0, 0, 0, 0, 0, 0, 0, 0, 0, 0, 0, 0, 0, 0, 0, 0, 0, 0, 0, 0, 0, 0, 0, 0, 0, 0, 0, 0, 0, 0, 0, 0, 0, 0, 0, 0, 0, 0, 0, 0, 0, 0, 0, 0, 0, 0, 0, 0, 0, 0, 0, 0, 0, 0, 0, 0, 0, 0, 0, 0, 0, 0, 0, 0, 0, 0, 0, 0, 0, 0, 0, 0, 0, 0, 0, 0, 0, 0, 0, 0, 0, 0, 0, 0, 0, 0, 0, 0, 0, 0, 0, 0, 0, 0, 0, 0, 0, 0, 0, 0, 0, 0, 0, 0, 0, 0, 0, 0, 0, 0, 0, 0, 0, 0, 0, 0, 0, 0, 0, 0, 0, 0, 0, 0, 0, 0, 0, 0, 0, 0, 0, 0, 0, 0, 0, 0, 0, 0, 0, 0, 0, 0, 0, 0, 0, 0, 0, 0, 0, 0, 0, 0, 0, 0, 0, 0, 0, 0, 0, 0, 0, 0, 0, 0, 0, 0, 0, 0, 0, 0, 0, 0, 0, 0, 0, 0, 0, 0, 0, 0, 0, 0, 0, 0, 0, 0, 0, 0, 0, 0, 0, 0, 0, 0, 0, 0, 0, 0, 0, 0, 0, 0, 0, 0, 0, 0, 0, 0, 0, 0, 0, 0, 0, 0, 0, 0, 0, 0, 0, 0, 0, 0, 0, 0, 0, 0, 0, 0, 0, 0, 0, 0, 0, 0, 0, 0, 0, 0, 0, 0, 0, 0, 0, 0, 0, 0, 0, 0, 0, 0, 0, 0, 0, 0, 0, 0, 0, 0, 0, 0, 0, 0, 0, 0, 0, 0, 0, 0, 0, 0, 0, 0, 0, 0, 0, 0, 0, 0, 0, 0, 0, 0, 0, 0, 0, 0, 0, 0, 0, 0, 0, 0, 0, 0, 0, 0, 0, 0, 0, 0, 0, 0, 0, 0, 0, 0, 0, 0, 0, 0, 0, 0, 0, 0, 0, 0, 0, 0, 0, 0, 0, 0, 0, 0, 0, 0, 0, 0, 0, 0, 0, 0, 0, 0, 0, 0, 0, 0, 0, 0, 0, 0, 0, 0, 0, 0, 0, 0, 0, 0, 0, 0, 0, 0, 0, 0, 0, 0, 0, 0, 0, 0, 0, 0, 0, 0, 0, 0, 0, 0, 0, 0, 0, 0, 0, 0, 0, 0, 0, 0, 0, 0, 0, 0, 0, 0, 0, 0, 0, 0, 0, 0, 0, 0, 0, 0, 0, 0, 0, 0, 0, 0, 0, 0, 0, 0, 0, 0, 0, 0, 0, 0, 0, 0, 0, 0, 0, 0, 0, 0, 0, 0, 0, 0, 0, 0, 0, 0, 0, 0, 0, 0, 0, 0, 0, 0, 0, 0, 0, 0, 0, 0, 0, 0, 0, 0, 0, 0, 0, 0, 0, 0, 0, 0, 0, 0, 0, 0, 0, 0, 0, 0, 0, 0, 0, 0, 0, 0, 0, 0, 0, 0, 0, 0, 0, 0, 0, 0, 0, 0, 0, 0, 0, 0, 0, 0, 0, 0, 0, 0, 0, 0, 0, 0, 0, 0, 0, 0, 0, 0, 0, 0, 0, 0, 0, 0, 0, 0, 0, 0, 0, 0, 0, 0, 0, 0, 0, 0, 0, 0, 0, 0, 0, 0, 0, 0, 0, 0, 0, 0, 0, 0, 0, 0, 0, 0, 0, 0, 0, 0, 0, 0, 0, 0, 0, 0, 0, 0, 0, 0, 0, 0, 0, 0, 0, 0, 0, 0, 0, 0, 0, 0, 0, 0, 0, 0, 0, 0, 0, 0, 0, 0, 0, 0, 0, 0, 0, 0, 0, 0, 0, 0, 0, 0, 0, 0, 0, 0, 0, 0, 0, 0, 0, 0, 0, 0, 0, 0, 0, 0, 0, 0, 0, 0, 0, 0, 0, 0, 0, 0, 0, 0, 0, 0, 0, 0, 0, 0, 0, 0, 0, 0, 0, 0, 0, 0, 0, 0, 0, 0, 0, 0, 0, 0, 0, 0, 0, 0, 0, 0, 0, 0, 0, 0, 0, 0, 0, 0, 0, 0, 0, 0, 0, 0, 0, 0, 0, 0, 0, 0, 0, 0, 0, 0, 0, 0, 0, 0, 0, 0, 0, 0, 0, 0, 0, 0, 0, 0, 0, 0, 0, 0, 0, 0, 0, 0, 0, 0, 0, 0, 0, 0, 0, 0, 0, 0, 0, 0, 0, 0, 0, 0, 0, 0, 0, 0, 0, 0, 0, 0, 0, 0, 0, 0, 0, 0, 0, 0, 0, 0, 0, 0, 0, 0, 0, 0, 0, 0, 0, 0, 0, 0, 0, 0, 0, 0, 0, 0, 0, 0, 0, 0, 0, 0, 0, 0, 0, 0, 0, 0, 0, 0, 0, 0, 0, 0, 0, 0, 0, 0, 0, 0, 0, 0, 0, 0, 0, 0, 0, 0, 0, 0, 0, 0, 0, 0, 0, 0, 0, 0, 0, 0, 0, 0, 0, 0, 0, 0, 0, 0, 0, 0, 0, 0, 0, 0, 0, 0, 0, 0, 0, 0, 0, 0, 0, 0, 0, 0, 0, 0, 0, 0, 0, 0, 0, 0, 0, 0, 0, 0, 0, 0, 0, 0, 0, 0, 0, 0, 0, 0, 0, 0, 0, 0, 0, 0, 0, 0, 0, 0, 0, 0, 0, 0, 0, 0, 0, 0, 0, 0, 0, 0, 0, 0, 0, 0, 0, 0, 0, 0, 0, 0, 0, 0, 0, 0, 0, 0, 0, 0, 0, 0, 0, 0, 0, 0, 0, 0, 0, 0, 0, 0, 0, 0, 0, 0, 0, 0, 0, 0, 0, 0, 0, 0, 0, 0, 0, 0, 0, 0, 0, 0, 0, 0, 0, 0, 0, 0, 0, 0, 0, 0, 0, 0, 0, 0, 0, 0, 0, 0, 0, 0, 0, 0, 0, 0, 0, 0, 0, 0, 0, 0, 0, 0, 0, 0, 0, 0, 0, 0, 0, 0, 0, 0, 0, 0, 0, 0, 0, 0, 0, 0, 0, 0, 0, 0, 0, 0, 0, 0, 0, 0, 0, 0, 0]}
{"event":"aggregate","value":"AggregateSnapshot { active_sessions: 64, retained_replay_bytes: 16777216, counters: [65778300, 96465, 96465, 65778300, 0, 0, 0, 220939, 0, 1, 1, 0, 1] }"}
{"event":"fixture_rtt","successes":13,"failures":0,"unavailable":0,"p50_us":3200,"p95_us":4972,"p99_us":4972,"max_us":4972,"bucket_width_us":100,"buckets":[0, 0, 0, 0, 0, 0, 0, 0, 0, 0, 0, 0, 0, 0, 0, 0, 0, 0, 0, 0, 0, 0, 1, 0, 0, 1, 0, 0, 0, 0, 1, 4, 3, 0, 1, 0, 0, 1, 0, 0, 0, 0, 0, 0, 0, 0, 0, 0, 0, 1, 0, 0, 0, 0, 0, 0, 0, 0, 0, 0, 0, 0, 0, 0, 0, 0, 0, 0, 0, 0, 0, 0, 0, 0, 0, 0, 0, 0, 0, 0, 0, 0, 0, 0, 0, 0, 0, 0, 0, 0, 0, 0, 0, 0, 0, 0, 0, 0, 0, 0, 0, 0, 0, 0, 0, 0, 0, 0, 0, 0, 0, 0, 0, 0, 0, 0, 0, 0, 0, 0, 0, 0, 0, 0, 0, 0, 0, 0, 0, 0, 0, 0, 0, 0, 0, 0, 0, 0, 0, 0, 0, 0, 0, 0, 0, 0, 0, 0, 0, 0, 0, 0, 0, 0, 0, 0, 0, 0, 0, 0, 0, 0, 0, 0, 0, 0, 0, 0, 0, 0, 0, 0, 0, 0, 0, 0, 0, 0, 0, 0, 0, 0, 0, 0, 0, 0, 0, 0, 0, 0, 0, 0, 0, 0, 0, 0, 0, 0, 0, 0, 0, 0, 0, 0, 0, 0, 0, 0, 0, 0, 0, 0, 0, 0, 0, 0, 0, 0, 0, 0, 0, 0, 0, 0, 0, 0, 0, 0, 0, 0, 0, 0, 0, 0, 0, 0, 0, 0, 0, 0, 0, 0, 0, 0, 0, 0, 0, 0, 0, 0, 0, 0, 0, 0, 0, 0, 0, 0, 0, 0, 0, 0, 0, 0, 0, 0, 0, 0, 0, 0, 0, 0, 0, 0, 0, 0, 0, 0, 0, 0, 0, 0, 0, 0, 0, 0, 0, 0, 0, 0, 0, 0, 0, 0, 0, 0, 0, 0, 0, 0, 0, 0, 0, 0, 0, 0, 0, 0, 0, 0, 0, 0, 0, 0, 0, 0, 0, 0, 0, 0, 0, 0, 0, 0, 0, 0, 0, 0, 0, 0, 0, 0, 0, 0, 0, 0, 0, 0, 0, 0, 0, 0, 0, 0, 0, 0, 0, 0, 0, 0, 0, 0, 0, 0, 0, 0, 0, 0, 0, 0, 0, 0, 0, 0, 0, 0, 0, 0, 0, 0, 0, 0, 0, 0, 0, 0, 0, 0, 0, 0, 0, 0, 0, 0, 0, 0, 0, 0, 0, 0, 0, 0, 0, 0, 0, 0, 0, 0, 0, 0, 0, 0, 0, 0, 0, 0, 0, 0, 0, 0, 0, 0, 0, 0, 0, 0, 0, 0, 0, 0, 0, 0, 0, 0, 0, 0, 0, 0, 0, 0, 0, 0, 0, 0, 0, 0, 0, 0, 0, 0, 0, 0, 0, 0, 0, 0, 0, 0, 0, 0, 0, 0, 0, 0, 0, 0, 0, 0, 0, 0, 0, 0, 0, 0, 0, 0, 0, 0, 0, 0, 0, 0, 0, 0, 0, 0, 0, 0, 0, 0, 0, 0, 0, 0, 0, 0, 0, 0, 0, 0, 0, 0, 0, 0, 0, 0, 0, 0, 0, 0, 0, 0, 0, 0, 0, 0, 0, 0, 0, 0, 0, 0, 0, 0, 0, 0, 0, 0, 0, 0, 0, 0, 0, 0, 0, 0, 0, 0, 0, 0, 0, 0, 0, 0, 0, 0, 0, 0, 0, 0, 0, 0, 0, 0, 0, 0, 0, 0, 0, 0, 0, 0, 0, 0, 0, 0, 0, 0, 0, 0, 0, 0, 0, 0, 0, 0, 0, 0, 0, 0, 0, 0, 0, 0, 0, 0, 0, 0, 0, 0, 0, 0, 0, 0, 0, 0, 0, 0, 0, 0, 0, 0, 0, 0, 0, 0, 0, 0, 0, 0, 0, 0, 0, 0, 0, 0, 0, 0, 0, 0, 0, 0, 0, 0, 0, 0, 0, 0, 0, 0, 0, 0, 0, 0, 0, 0, 0, 0, 0, 0, 0, 0, 0, 0, 0, 0, 0, 0, 0, 0, 0, 0, 0, 0, 0, 0, 0, 0, 0, 0, 0, 0, 0, 0, 0, 0, 0, 0, 0, 0, 0, 0, 0, 0, 0, 0, 0, 0, 0, 0, 0, 0, 0, 0, 0, 0, 0, 0, 0, 0, 0, 0, 0, 0, 0, 0, 0, 0, 0, 0, 0, 0, 0, 0, 0, 0, 0, 0, 0, 0, 0, 0, 0, 0, 0, 0, 0, 0, 0, 0, 0, 0, 0, 0, 0, 0, 0, 0, 0, 0, 0, 0, 0, 0, 0, 0, 0, 0, 0, 0, 0, 0, 0, 0, 0, 0, 0, 0, 0, 0, 0, 0, 0, 0, 0, 0, 0, 0, 0, 0, 0, 0, 0, 0, 0, 0, 0, 0, 0, 0, 0, 0, 0, 0, 0, 0, 0, 0, 0, 0, 0, 0, 0, 0, 0, 0, 0, 0, 0, 0, 0, 0, 0, 0, 0, 0, 0, 0, 0, 0, 0, 0, 0, 0, 0, 0, 0, 0, 0, 0, 0, 0, 0, 0, 0, 0, 0, 0, 0, 0, 0, 0, 0, 0, 0, 0, 0, 0, 0, 0, 0, 0, 0, 0, 0, 0, 0, 0, 0, 0, 0, 0, 0, 0, 0, 0, 0, 0, 0, 0, 0, 0, 0, 0, 0, 0, 0, 0, 0, 0, 0, 0, 0, 0, 0, 0, 0, 0, 0, 0, 0, 0, 0, 0, 0, 0, 0, 0, 0, 0, 0, 0, 0, 0, 0, 0, 0, 0, 0, 0, 0, 0, 0, 0, 0, 0, 0, 0, 0, 0, 0, 0, 0, 0, 0, 0, 0, 0, 0, 0, 0, 0, 0, 0, 0, 0, 0, 0, 0, 0, 0, 0, 0, 0, 0, 0, 0, 0, 0, 0, 0, 0, 0, 0, 0, 0, 0, 0, 0, 0, 0, 0, 0, 0, 0, 0, 0, 0, 0, 0, 0, 0, 0, 0, 0, 0, 0, 0, 0, 0, 0, 0, 0, 0, 0, 0, 0, 0, 0, 0, 0, 0, 0, 0, 0, 0, 0, 0, 0, 0, 0, 0, 0, 0, 0, 0, 0, 0, 0, 0, 0, 0, 0, 0, 0, 0, 0, 0, 0, 0, 0, 0, 0, 0, 0, 0, 0, 0, 0, 0, 0, 0, 0, 0, 0, 0, 0, 0, 0, 0, 0, 0, 0, 0, 0, 0, 0, 0, 0, 0, 0, 0, 0, 0, 0]}
{"event":"throughput","offered_bytes_per_second":null,"producer_mode":"unpaced","accepted_bytes":65778300,"driver_completion_seconds":1.276581792,"producer_window_seconds":1.005282,"accepted_bytes_per_second":65432684.56015327,"target_seconds":1}
{"event":"budget","phase":"settled","name":"observers","used":64,"limit":2048}
{"event":"budget","phase":"settled","name":"replay_capacity","used":16777216,"limit":68157440}
{"event":"budget","phase":"settled","name":"input_bytes","used":0,"limit":4194304}
{"event":"budget","phase":"settled","name":"input_slots","used":0,"limit":512}
{"event":"budget","phase":"settled","name":"journal_bytes","used":0,"limit":16777216}
{"event":"budget","phase":"settled","name":"journal_slots","used":0,"limit":4096}
{"event":"budget","phase":"settled","name":"transfer_observers","used":0,"limit":2048}
{"event":"budget","phase":"settled","name":"staging_bytes","used":0,"limit":67108864}
{"event":"budget","phase":"settled","name":"staging_slots","used":0,"limit":16384}
{"event":"budget","phase":"settled","name":"native_reservations","used":536870912,"limit":1073741824}
{"event":"budget","phase":"settled","name":"checkpoint_buffers","used":0,"limit":536870912}
{"event":"budget","phase":"settled","name":"stored_bytes","used":0,"limit":1073741824}
{"event":"budget","phase":"settled","name":"stored_slots","used":0,"limit":4096}
{"event":"budget","phase":"settled","name":"views","used":0,"limit":134217728}
{"event":"budget","phase":"settled","name":"requests","used":0,"limit":4096}
{"event":"checkpoint","phase":"measurement_end","rust_requested_live":20904225,"rust_requested_peak":25183454,"rust_allocations":632426}
{"event":"ledger","producer":0,"verified_bytes":8542607,"gap_bytes":0,"total_bytes":8542607}
{"event":"ledger","producer":1,"verified_bytes":8450685,"gap_bytes":0,"total_bytes":8450685}
{"event":"ledger","producer":2,"verified_bytes":8468649,"gap_bytes":0,"total_bytes":8468649}
{"event":"ledger","producer":3,"verified_bytes":8378052,"gap_bytes":0,"total_bytes":8378052}
{"event":"ledger","producer":4,"verified_bytes":8372652,"gap_bytes":0,"total_bytes":8372652}
{"event":"ledger","producer":5,"verified_bytes":8362365,"gap_bytes":0,"total_bytes":8362365}
{"event":"ledger","producer":6,"verified_bytes":8341756,"gap_bytes":0,"total_bytes":8341756}
{"event":"ledger","producer":7,"verified_bytes":8249189,"gap_bytes":0,"total_bytes":8249189}
{"event":"ledger","producer":8,"verified_bytes":8252050,"gap_bytes":0,"total_bytes":8252050}
{"event":"ledger","producer":9,"verified_bytes":8228841,"gap_bytes":0,"total_bytes":8228841}
{"event":"ledger","producer":10,"verified_bytes":8274822,"gap_bytes":0,"total_bytes":8274822}
{"event":"ledger","producer":11,"verified_bytes":8210175,"gap_bytes":0,"total_bytes":8210175}
{"event":"ledger","producer":12,"verified_bytes":8207924,"gap_bytes":0,"total_bytes":8207924}
{"event":"ledger","producer":13,"verified_bytes":8225296,"gap_bytes":0,"total_bytes":8225296}
{"event":"ledger","producer":14,"verified_bytes":8226952,"gap_bytes":0,"total_bytes":8226952}
{"event":"ledger","producer":15,"verified_bytes":8220040,"gap_bytes":0,"total_bytes":8220040}
{"event":"ledger","producer":16,"verified_bytes":0,"gap_bytes":0,"total_bytes":0}
{"event":"ledger","producer":17,"verified_bytes":0,"gap_bytes":0,"total_bytes":0}
{"event":"ledger","producer":18,"verified_bytes":0,"gap_bytes":0,"total_bytes":0}
{"event":"ledger","producer":19,"verified_bytes":0,"gap_bytes":0,"total_bytes":0}
{"event":"ledger","producer":20,"verified_bytes":0,"gap_bytes":0,"total_bytes":0}
{"event":"ledger","producer":21,"verified_bytes":0,"gap_bytes":0,"total_bytes":0}
{"event":"ledger","producer":22,"verified_bytes":0,"gap_bytes":0,"total_bytes":0}
{"event":"ledger","producer":23,"verified_bytes":0,"gap_bytes":0,"total_bytes":0}
{"event":"ledger","producer":24,"verified_bytes":0,"gap_bytes":0,"total_bytes":0}
{"event":"ledger","producer":25,"verified_bytes":0,"gap_bytes":0,"total_bytes":0}
{"event":"ledger","producer":26,"verified_bytes":0,"gap_bytes":0,"total_bytes":0}
{"event":"ledger","producer":27,"verified_bytes":0,"gap_bytes":0,"total_bytes":0}
{"event":"ledger","producer":28,"verified_bytes":0,"gap_bytes":0,"total_bytes":0}
{"event":"ledger","producer":29,"verified_bytes":0,"gap_bytes":0,"total_bytes":0}
{"event":"ledger","producer":30,"verified_bytes":0,"gap_bytes":0,"total_bytes":0}
{"event":"ledger","producer":31,"verified_bytes":0,"gap_bytes":0,"total_bytes":0}
{"event":"ledger","producer":32,"verified_bytes":0,"gap_bytes":0,"total_bytes":0}
{"event":"ledger","producer":33,"verified_bytes":0,"gap_bytes":0,"total_bytes":0}
{"event":"ledger","producer":34,"verified_bytes":0,"gap_bytes":0,"total_bytes":0}
{"event":"ledger","producer":35,"verified_bytes":0,"gap_bytes":0,"total_bytes":0}
{"event":"ledger","producer":36,"verified_bytes":0,"gap_bytes":0,"total_bytes":0}
{"event":"ledger","producer":37,"verified_bytes":0,"gap_bytes":0,"total_bytes":0}
{"event":"ledger","producer":38,"verified_bytes":0,"gap_bytes":0,"total_bytes":0}
{"event":"ledger","producer":39,"verified_bytes":0,"gap_bytes":0,"total_bytes":0}
{"event":"ledger","producer":40,"verified_bytes":0,"gap_bytes":0,"total_bytes":0}
{"event":"ledger","producer":41,"verified_bytes":0,"gap_bytes":0,"total_bytes":0}
{"event":"ledger","producer":42,"verified_bytes":0,"gap_bytes":0,"total_bytes":0}
{"event":"ledger","producer":43,"verified_bytes":0,"gap_bytes":0,"total_bytes":0}
{"event":"ledger","producer":44,"verified_bytes":0,"gap_bytes":0,"total_bytes":0}
{"event":"ledger","producer":45,"verified_bytes":0,"gap_bytes":0,"total_bytes":0}
{"event":"ledger","producer":46,"verified_bytes":0,"gap_bytes":0,"total_bytes":0}
{"event":"ledger","producer":47,"verified_bytes":0,"gap_bytes":0,"total_bytes":0}
{"event":"ledger","producer":48,"verified_bytes":0,"gap_bytes":0,"total_bytes":0}
{"event":"ledger","producer":49,"verified_bytes":0,"gap_bytes":0,"total_bytes":0}
{"event":"ledger","producer":50,"verified_bytes":0,"gap_bytes":0,"total_bytes":0}
{"event":"ledger","producer":51,"verified_bytes":0,"gap_bytes":0,"total_bytes":0}
{"event":"ledger","producer":52,"verified_bytes":0,"gap_bytes":0,"total_bytes":0}
{"event":"ledger","producer":53,"verified_bytes":0,"gap_bytes":0,"total_bytes":0}
{"event":"ledger","producer":54,"verified_bytes":0,"gap_bytes":0,"total_bytes":0}
{"event":"ledger","producer":55,"verified_bytes":0,"gap_bytes":0,"total_bytes":0}
{"event":"ledger","producer":56,"verified_bytes":0,"gap_bytes":0,"total_bytes":0}
{"event":"ledger","producer":57,"verified_bytes":0,"gap_bytes":0,"total_bytes":0}
{"event":"ledger","producer":58,"verified_bytes":0,"gap_bytes":0,"total_bytes":0}
{"event":"ledger","producer":59,"verified_bytes":0,"gap_bytes":0,"total_bytes":0}
{"event":"ledger","producer":60,"verified_bytes":0,"gap_bytes":0,"total_bytes":0}
{"event":"ledger","producer":61,"verified_bytes":0,"gap_bytes":0,"total_bytes":0}
{"event":"ledger","producer":62,"verified_bytes":0,"gap_bytes":0,"total_bytes":0}
{"event":"ledger","producer":63,"verified_bytes":0,"gap_bytes":0,"total_bytes":0}
{"event":"budget","phase":"forgotten","name":"observers","used":0,"limit":2048}
{"event":"budget","phase":"forgotten","name":"replay_capacity","used":0,"limit":68157440}
{"event":"budget","phase":"forgotten","name":"input_bytes","used":0,"limit":4194304}
{"event":"budget","phase":"forgotten","name":"input_slots","used":0,"limit":512}
{"event":"budget","phase":"forgotten","name":"journal_bytes","used":0,"limit":16777216}
{"event":"budget","phase":"forgotten","name":"journal_slots","used":0,"limit":4096}
{"event":"budget","phase":"forgotten","name":"transfer_observers","used":0,"limit":2048}
{"event":"budget","phase":"forgotten","name":"staging_bytes","used":0,"limit":67108864}
{"event":"budget","phase":"forgotten","name":"staging_slots","used":0,"limit":16384}
{"event":"budget","phase":"forgotten","name":"native_reservations","used":0,"limit":1073741824}
{"event":"budget","phase":"forgotten","name":"checkpoint_buffers","used":0,"limit":536870912}
{"event":"budget","phase":"forgotten","name":"stored_bytes","used":0,"limit":1073741824}
{"event":"budget","phase":"forgotten","name":"stored_slots","used":0,"limit":4096}
{"event":"budget","phase":"forgotten","name":"views","used":0,"limit":134217728}
{"event":"budget","phase":"forgotten","name":"requests","used":0,"limit":4096}
{"event":"checkpoint","phase":"closed","rust_requested_live":142594,"rust_requested_peak":25183454,"rust_allocations":635909}
{"event":"complete"}
