gate (macos-15)	Set up job	﻿2026-09-08T15:15:26.7102080Z Current runner version: '2.337.0'
gate (macos-15)	Set up job	2026-09-08T15:15:26.7116080Z ##[group]Runner Image Provisioner
gate (macos-15)	Set up job	2026-09-08T15:15:26.7116570Z Hosted Compute Agent
gate (macos-15)	Set up job	2026-09-08T15:15:26.7116910Z Version: 20260828.587
gate (macos-15)	Set up job	2026-09-08T15:15:26.7117300Z Commit: abac92662cab4cc7352de4f9f9d2e2419aad9c29
gate (macos-15)	Set up job	2026-09-08T15:15:26.7117750Z Build Date: 2026-08-28T16:44:25Z
gate (macos-15)	Set up job	2026-09-08T15:15:26.7118160Z Worker ID: {0dda8ea0-22f0-49d1-a077-ee68c2972471}
gate (macos-15)	Set up job	2026-09-08T15:15:26.7118600Z Azure Region: westus
gate (macos-15)	Set up job	2026-09-08T15:15:26.7118940Z ##[endgroup]
gate (macos-15)	Set up job	2026-09-08T15:15:26.7119690Z ##[group]Operating System
gate (macos-15)	Set up job	2026-09-08T15:15:26.7120050Z macOS
gate (macos-15)	Set up job	2026-09-08T15:15:26.7120360Z 15.7.9
gate (macos-15)	Set up job	2026-09-08T15:15:26.7120660Z 24G830
gate (macos-15)	Set up job	2026-09-08T15:15:26.7120970Z ##[endgroup]
gate (macos-15)	Set up job	2026-09-08T15:15:26.7121290Z ##[group]Runner Image
gate (macos-15)	Set up job	2026-09-08T15:15:26.7121640Z Image: macos-15-arm64
gate (macos-15)	Set up job	2026-09-08T15:15:26.7122080Z Version: 20260829.0321.1
gate (macos-15)	Set up job	2026-09-08T15:15:26.7122770Z Included Software: https://github.com/actions/runner-images/blob/macos-15-arm64/20260829.0321/images/macos/macos-15-arm64-Readme.md
gate (macos-15)	Set up job	2026-09-08T15:15:26.7123840Z Image Release: https://github.com/actions/runner-images/releases/tag/macos-15-arm64%2F20260829.0321
gate (macos-15)	Set up job	2026-09-08T15:15:26.7124480Z ##[endgroup]
gate (macos-15)	Set up job	2026-09-08T15:15:26.7125170Z ##[group]GITHUB_TOKEN Permissions
gate (macos-15)	Set up job	2026-09-08T15:15:26.7126090Z Contents: read
gate (macos-15)	Set up job	2026-09-08T15:15:26.7126440Z Metadata: read
gate (macos-15)	Set up job	2026-09-08T15:15:26.7126780Z ##[endgroup]
gate (macos-15)	Set up job	2026-09-08T15:15:26.7128020Z Secret source: Actions
gate (macos-15)	Set up job	2026-09-08T15:15:26.7128630Z Prepare workflow directory
gate (macos-15)	Set up job	2026-09-08T15:15:26.7417470Z Prepare all required actions
gate (macos-15)	Set up job	2026-09-08T15:15:26.7453430Z Getting action download info
gate (macos-15)	Set up job	2026-09-08T15:15:26.9261190Z Download action repository 'actions/checkout@v4' (SHA:11d5960a326750d5838078e36cf38b85af677262)
gate (macos-15)	Set up job	2026-09-08T15:15:27.1653160Z Download action repository 'actions/setup-python@v5' (SHA:a26af69be951a213d495a4c3e4e4022e16d87065)
gate (macos-15)	Set up job	2026-09-08T15:15:27.2807260Z Download action repository 'actions/cache@v4' (SHA:0057852bfaa89a56745cba8c7296529d2fc39830)
gate (macos-15)	Set up job	2026-09-08T15:15:27.4168800Z Complete job name: gate (macos-15)
gate (macos-15)	Run actions/checkout@v4	﻿2026-09-08T15:15:27.4538030Z Node 20 is being deprecated. This workflow is running with Node 24 by default. If you need to temporarily use Node 20, you can set the ACTIONS_ALLOW_USE_UNSECURE_NODE_VERSION=true environment variable. For more information see: https://github.blog/changelog/2025-09-19-deprecation-of-node-20-on-github-actions-runners/
gate (macos-15)	Run actions/checkout@v4	2026-09-08T15:15:27.4544000Z ##[group]Run actions/checkout@v4
gate (macos-15)	Run actions/checkout@v4	2026-09-08T15:15:27.4544470Z with:
gate (macos-15)	Run actions/checkout@v4	2026-09-08T15:15:27.4544810Z   repository: nessalabs/pty-runtime
gate (macos-15)	Run actions/checkout@v4	2026-09-08T15:15:27.4547320Z   token: ***
gate (macos-15)	Run actions/checkout@v4	2026-09-08T15:15:27.4547620Z   ssh-strict: true
gate (macos-15)	Run actions/checkout@v4	2026-09-08T15:15:27.4547940Z   ssh-user: git
gate (macos-15)	Run actions/checkout@v4	2026-09-08T15:15:27.4548250Z   persist-credentials: true
gate (macos-15)	Run actions/checkout@v4	2026-09-08T15:15:27.4548600Z   clean: true
gate (macos-15)	Run actions/checkout@v4	2026-09-08T15:15:27.4548920Z   sparse-checkout-cone-mode: true
gate (macos-15)	Run actions/checkout@v4	2026-09-08T15:15:27.4549290Z   fetch-depth: 1
gate (macos-15)	Run actions/checkout@v4	2026-09-08T15:15:27.4549590Z   fetch-tags: false
gate (macos-15)	Run actions/checkout@v4	2026-09-08T15:15:27.4549910Z   show-progress: true
gate (macos-15)	Run actions/checkout@v4	2026-09-08T15:15:27.4550230Z   lfs: false
gate (macos-15)	Run actions/checkout@v4	2026-09-08T15:15:27.4550540Z   submodules: false
gate (macos-15)	Run actions/checkout@v4	2026-09-08T15:15:27.4550890Z   set-safe-directory: true
gate (macos-15)	Run actions/checkout@v4	2026-09-08T15:15:27.4551250Z   allow-unsafe-pr-checkout: false
gate (macos-15)	Run actions/checkout@v4	2026-09-08T15:15:27.4551700Z env:
gate (macos-15)	Run actions/checkout@v4	2026-09-08T15:15:27.4552000Z   RUSTUP_TOOLCHAIN: stable
gate (macos-15)	Run actions/checkout@v4	2026-09-08T15:15:27.4552340Z ##[endgroup]
gate (macos-15)	Run actions/checkout@v4	2026-09-08T15:15:27.7215910Z Syncing repository: nessalabs/pty-runtime
gate (macos-15)	Run actions/checkout@v4	2026-09-08T15:15:27.7217350Z ##[group]Getting Git version info
gate (macos-15)	Run actions/checkout@v4	2026-09-08T15:15:27.7217930Z Working directory is '/Users/runner/work/pty-runtime/pty-runtime'
gate (macos-15)	Run actions/checkout@v4	2026-09-08T15:15:27.7219040Z [command]/opt/homebrew/bin/git version
gate (macos-15)	Run actions/checkout@v4	2026-09-08T15:15:27.7467020Z git version 2.55.0
gate (macos-15)	Run actions/checkout@v4	2026-09-08T15:15:27.7477130Z ##[endgroup]
gate (macos-15)	Run actions/checkout@v4	2026-09-08T15:15:27.7483740Z Copying '/Users/runner/.gitconfig' to '/Users/runner/work/_temp/cd2eb0a8-6b97-4f44-a409-9a7fec61cd6c/.gitconfig'
gate (macos-15)	Run actions/checkout@v4	2026-09-08T15:15:27.7489530Z Temporarily overriding HOME='/Users/runner/work/_temp/cd2eb0a8-6b97-4f44-a409-9a7fec61cd6c' before making global git config changes
gate (macos-15)	Run actions/checkout@v4	2026-09-08T15:15:27.7490690Z Adding repository directory to the temporary git global config as a safe directory
gate (macos-15)	Run actions/checkout@v4	2026-09-08T15:15:27.7492910Z [command]/opt/homebrew/bin/git config --global --add safe.directory /Users/runner/work/pty-runtime/pty-runtime
gate (macos-15)	Run actions/checkout@v4	2026-09-08T15:15:27.7590500Z Deleting the contents of '/Users/runner/work/pty-runtime/pty-runtime'
gate (macos-15)	Run actions/checkout@v4	2026-09-08T15:15:27.7593390Z ##[group]Initializing the repository
gate (macos-15)	Run actions/checkout@v4	2026-09-08T15:15:27.7597530Z [command]/opt/homebrew/bin/git init /Users/runner/work/pty-runtime/pty-runtime
gate (macos-15)	Run actions/checkout@v4	2026-09-08T15:15:27.7787900Z hint: Using 'master' as the name for the initial branch. This default branch name
gate (macos-15)	Run actions/checkout@v4	2026-09-08T15:15:27.7868410Z hint: will change to "main" in Git 3.0. To configure the initial branch name
gate (macos-15)	Run actions/checkout@v4	2026-09-08T15:15:27.7883440Z hint: to use in all of your new repositories, which will suppress this warning,
gate (macos-15)	Run actions/checkout@v4	2026-09-08T15:15:27.7895870Z hint: call:
gate (macos-15)	Run actions/checkout@v4	2026-09-08T15:15:27.7897680Z hint:
gate (macos-15)	Run actions/checkout@v4	2026-09-08T15:15:27.7924900Z hint: 	git config --global init.defaultBranch <name>
gate (macos-15)	Run actions/checkout@v4	2026-09-08T15:15:27.7929680Z hint:
gate (macos-15)	Run actions/checkout@v4	2026-09-08T15:15:27.7938920Z hint: Names commonly chosen instead of 'master' are 'main', 'trunk' and
gate (macos-15)	Run actions/checkout@v4	2026-09-08T15:15:27.7939990Z hint: 'development'. The just-created branch can be renamed via this command:
gate (macos-15)	Run actions/checkout@v4	2026-09-08T15:15:27.7942380Z hint:
gate (macos-15)	Run actions/checkout@v4	2026-09-08T15:15:27.7942940Z hint: 	git branch -m <name>
gate (macos-15)	Run actions/checkout@v4	2026-09-08T15:15:27.7943530Z hint:
gate (macos-15)	Run actions/checkout@v4	2026-09-08T15:15:27.7944110Z hint: Disable this message with "git config set advice.defaultBranchName false"
gate (macos-15)	Run actions/checkout@v4	2026-09-08T15:15:27.7945160Z Initialized empty Git repository in /Users/runner/work/pty-runtime/pty-runtime/.git/
gate (macos-15)	Run actions/checkout@v4	2026-09-08T15:15:27.7946930Z [command]/opt/homebrew/bin/git remote add origin https://github.com/nessalabs/pty-runtime
gate (macos-15)	Run actions/checkout@v4	2026-09-08T15:15:27.7948700Z ##[endgroup]
gate (macos-15)	Run actions/checkout@v4	2026-09-08T15:15:27.7949370Z ##[group]Disabling automatic garbage collection
gate (macos-15)	Run actions/checkout@v4	2026-09-08T15:15:27.7950070Z [command]/opt/homebrew/bin/git config --local gc.auto 0
gate (macos-15)	Run actions/checkout@v4	2026-09-08T15:15:27.7957060Z ##[endgroup]
gate (macos-15)	Run actions/checkout@v4	2026-09-08T15:15:27.7957620Z ##[group]Setting up auth
gate (macos-15)	Run actions/checkout@v4	2026-09-08T15:15:27.7962480Z [command]/opt/homebrew/bin/git config --local --name-only --get-regexp core\.sshCommand
gate (macos-15)	Run actions/checkout@v4	2026-09-08T15:15:27.8022390Z [command]/opt/homebrew/bin/git submodule foreach --recursive sh -c "git config --local --name-only --get-regexp 'core\.sshCommand' && git config --local --unset-all 'core.sshCommand' || :"
gate (macos-15)	Run actions/checkout@v4	2026-09-08T15:15:27.8923320Z [command]/opt/homebrew/bin/git config --local --name-only --get-regexp http\.https\:\/\/github\.com\/\.extraheader
gate (macos-15)	Run actions/checkout@v4	2026-09-08T15:15:27.8975850Z [command]/opt/homebrew/bin/git submodule foreach --recursive sh -c "git config --local --name-only --get-regexp 'http\.https\:\/\/github\.com\/\.extraheader' && git config --local --unset-all 'http.https://github.com/.extraheader' || :"
gate (macos-15)	Run actions/checkout@v4	2026-09-08T15:15:27.9607510Z [command]/opt/homebrew/bin/git config --local --name-only --get-regexp ^includeIf\.gitdir:
gate (macos-15)	Run actions/checkout@v4	2026-09-08T15:15:27.9654310Z [command]/opt/homebrew/bin/git submodule foreach --recursive git config --local --show-origin --name-only --get-regexp remote.origin.url
gate (macos-15)	Run actions/checkout@v4	2026-09-08T15:15:28.0754010Z [command]/opt/homebrew/bin/git config --local http.https://github.com/.extraheader AUTHORIZATION: basic ***
gate (macos-15)	Run actions/checkout@v4	2026-09-08T15:15:28.0818650Z ##[endgroup]
gate (macos-15)	Run actions/checkout@v4	2026-09-08T15:15:28.0820170Z ##[group]Fetching the repository
gate (macos-15)	Run actions/checkout@v4	2026-09-08T15:15:28.0821560Z [command]/opt/homebrew/bin/git -c protocol.version=2 fetch --no-tags --prune --no-recurse-submodules --depth=1 origin +52ad04c3519616e6cedea9ac8707406970a40ed7:refs/remotes/origin/main
gate (macos-15)	Run actions/checkout@v4	2026-09-08T15:15:29.0343110Z From https://github.com/nessalabs/pty-runtime
gate (macos-15)	Run actions/checkout@v4	2026-09-08T15:15:29.0344610Z  * [new ref]         52ad04c3519616e6cedea9ac8707406970a40ed7 -> origin/main
gate (macos-15)	Run actions/checkout@v4	2026-09-08T15:15:29.0346900Z ##[endgroup]
gate (macos-15)	Run actions/checkout@v4	2026-09-08T15:15:29.0347730Z ##[group]Determining the checkout info
gate (macos-15)	Run actions/checkout@v4	2026-09-08T15:15:29.0348660Z ##[endgroup]
gate (macos-15)	Run actions/checkout@v4	2026-09-08T15:15:29.0350380Z [command]/opt/homebrew/bin/git sparse-checkout disable
gate (macos-15)	Run actions/checkout@v4	2026-09-08T15:15:29.0418610Z [command]/opt/homebrew/bin/git config --local --unset-all extensions.worktreeConfig
gate (macos-15)	Run actions/checkout@v4	2026-09-08T15:15:29.0471880Z ##[group]Checking out the ref
gate (macos-15)	Run actions/checkout@v4	2026-09-08T15:15:29.0477470Z [command]/opt/homebrew/bin/git checkout --progress --force -B main refs/remotes/origin/main
gate (macos-15)	Run actions/checkout@v4	2026-09-08T15:15:29.0904180Z Switched to a new branch 'main'
gate (macos-15)	Run actions/checkout@v4	2026-09-08T15:15:29.0907960Z branch 'main' set up to track 'origin/main'.
gate (macos-15)	Run actions/checkout@v4	2026-09-08T15:15:29.0914000Z ##[endgroup]
gate (macos-15)	Run actions/checkout@v4	2026-09-08T15:15:29.1015080Z [command]/opt/homebrew/bin/git log -1 --format=%H
gate (macos-15)	Run actions/checkout@v4	2026-09-08T15:15:29.1076360Z 52ad04c3519616e6cedea9ac8707406970a40ed7
gate (macos-15)	Run actions/setup-python@v5	﻿2026-09-08T15:15:29.1348320Z Node 20 is being deprecated. This workflow is running with Node 24 by default. If you need to temporarily use Node 20, you can set the ACTIONS_ALLOW_USE_UNSECURE_NODE_VERSION=true environment variable. For more information see: https://github.blog/changelog/2025-09-19-deprecation-of-node-20-on-github-actions-runners/
gate (macos-15)	Run actions/setup-python@v5	2026-09-08T15:15:29.1352000Z ##[group]Run actions/setup-python@v5
gate (macos-15)	Run actions/setup-python@v5	2026-09-08T15:15:29.1352730Z with:
gate (macos-15)	Run actions/setup-python@v5	2026-09-08T15:15:29.1353280Z   python-version: 3.12
gate (macos-15)	Run actions/setup-python@v5	2026-09-08T15:15:29.1353900Z   check-latest: false
gate (macos-15)	Run actions/setup-python@v5	2026-09-08T15:15:29.1359850Z   token: ***
gate (macos-15)	Run actions/setup-python@v5	2026-09-08T15:15:29.1360540Z   update-environment: true
gate (macos-15)	Run actions/setup-python@v5	2026-09-08T15:15:29.1361240Z   allow-prereleases: false
gate (macos-15)	Run actions/setup-python@v5	2026-09-08T15:15:29.1362000Z   freethreaded: false
gate (macos-15)	Run actions/setup-python@v5	2026-09-08T15:15:29.1362600Z env:
gate (macos-15)	Run actions/setup-python@v5	2026-09-08T15:15:29.1363170Z   RUSTUP_TOOLCHAIN: stable
gate (macos-15)	Run actions/setup-python@v5	2026-09-08T15:15:29.1363820Z ##[endgroup]
gate (macos-15)	Run actions/setup-python@v5	2026-09-08T15:15:29.2700600Z ##[group]Installed versions
gate (macos-15)	Run actions/setup-python@v5	2026-09-08T15:15:29.2760790Z (node:7825) [DEP0040] DeprecationWarning: The `punycode` module is deprecated. Please use a userland alternative instead.
gate (macos-15)	Run actions/setup-python@v5	2026-09-08T15:15:29.2763000Z (Use `node --trace-deprecation ...` to show where the warning was created)
gate (macos-15)	Run actions/setup-python@v5	2026-09-08T15:15:29.2764220Z Successfully set up CPython (3.12.10)
gate (macos-15)	Run actions/setup-python@v5	2026-09-08T15:15:29.2765520Z ##[endgroup]
gate (macos-15)	Run rustup toolchain install stable --profile minimal --component clippy --component rustfmt	﻿2026-09-08T15:15:29.2861740Z ##[group]Run rustup toolchain install stable --profile minimal --component clippy --component rustfmt
gate (macos-15)	Run rustup toolchain install stable --profile minimal --component clippy --component rustfmt	2026-09-08T15:15:29.2863730Z ^[[36;1mrustup toolchain install stable --profile minimal --component clippy --component rustfmt^[[0m
gate (macos-15)	Run rustup toolchain install stable --profile minimal --component clippy --component rustfmt	2026-09-08T15:15:29.2913330Z shell: /bin/bash -e {0}
gate (macos-15)	Run rustup toolchain install stable --profile minimal --component clippy --component rustfmt	2026-09-08T15:15:29.2913950Z env:
gate (macos-15)	Run rustup toolchain install stable --profile minimal --component clippy --component rustfmt	2026-09-08T15:15:29.2914490Z   RUSTUP_TOOLCHAIN: stable
gate (macos-15)	Run rustup toolchain install stable --profile minimal --component clippy --component rustfmt	2026-09-08T15:15:29.2915340Z   pythonLocation: /Users/runner/hostedtoolcache/Python/3.12.10/arm64
gate (macos-15)	Run rustup toolchain install stable --profile minimal --component clippy --component rustfmt	2026-09-08T15:15:29.2916610Z   PKG_CONFIG_PATH: /Users/runner/hostedtoolcache/Python/3.12.10/arm64/lib/pkgconfig
gate (macos-15)	Run rustup toolchain install stable --profile minimal --component clippy --component rustfmt	2026-09-08T15:15:29.2917870Z   Python_ROOT_DIR: /Users/runner/hostedtoolcache/Python/3.12.10/arm64
gate (macos-15)	Run rustup toolchain install stable --profile minimal --component clippy --component rustfmt	2026-09-08T15:15:29.2919010Z   Python2_ROOT_DIR: /Users/runner/hostedtoolcache/Python/3.12.10/arm64
gate (macos-15)	Run rustup toolchain install stable --profile minimal --component clippy --component rustfmt	2026-09-08T15:15:29.2920200Z   Python3_ROOT_DIR: /Users/runner/hostedtoolcache/Python/3.12.10/arm64
gate (macos-15)	Run rustup toolchain install stable --profile minimal --component clippy --component rustfmt	2026-09-08T15:15:29.2921210Z ##[endgroup]
gate (macos-15)	Run rustup toolchain install stable --profile minimal --component clippy --component rustfmt	2026-09-08T15:15:29.6508390Z info: syncing channel updates for stable-aarch64-apple-darwin
gate (macos-15)	Run rustup toolchain install stable --profile minimal --component clippy --component rustfmt	2026-09-08T15:15:29.7648890Z info: latest update on 2026-09-03 for version 1.98.1 (48a229cea 2026-09-01)
gate (macos-15)	Run rustup toolchain install stable --profile minimal --component clippy --component rustfmt	2026-09-08T15:15:29.7763810Z info: removing previous version of component clippy
gate (macos-15)	Run rustup toolchain install stable --profile minimal --component clippy --component rustfmt	2026-09-08T15:15:29.7791500Z info: removing previous version of component rustfmt
gate (macos-15)	Run rustup toolchain install stable --profile minimal --component clippy --component rustfmt	2026-09-08T15:15:29.7805910Z info: removing previous version of component cargo
gate (macos-15)	Run rustup toolchain install stable --profile minimal --component clippy --component rustfmt	2026-09-08T15:15:29.7866660Z info: removing previous version of component rust-std
gate (macos-15)	Run rustup toolchain install stable --profile minimal --component clippy --component rustfmt	2026-09-08T15:15:29.7948710Z info: removing previous version of component rustc
gate (macos-15)	Run rustup toolchain install stable --profile minimal --component clippy --component rustfmt	2026-09-08T15:15:29.8024460Z info: downloading 5 components
gate (macos-15)	Run rustup toolchain install stable --profile minimal --component clippy --component rustfmt	2026-09-08T15:15:36.2477990Z 
gate (macos-15)	Run rustup toolchain install stable --profile minimal --component clippy --component rustfmt	2026-09-08T15:15:36.3580940Z   stable-aarch64-apple-darwin updated - rustc 1.98.1 (48a229cea 2026-09-01) (from rustc 1.98.0 (88d9e12ae 2026-08-18))
gate (macos-15)	Run rustup toolchain install stable --profile minimal --component clippy --component rustfmt	2026-09-08T15:15:36.3583130Z info: self-update is disabled for this build of rustup
gate (macos-15)	Run rustup toolchain install stable --profile minimal --component clippy --component rustfmt	2026-09-08T15:15:36.3583780Z info: any updates to rustup will need to be fetched with your system package manager
gate (macos-15)	Run rustup toolchain install stable --profile minimal --component clippy --component rustfmt	2026-09-08T15:15:36.3584280Z 
gate (macos-15)	Run actions/cache@v4	﻿2026-09-08T15:15:36.6385010Z Node 20 is being deprecated. This workflow is running with Node 24 by default. If you need to temporarily use Node 20, you can set the ACTIONS_ALLOW_USE_UNSECURE_NODE_VERSION=true environment variable. For more information see: https://github.blog/changelog/2025-09-19-deprecation-of-node-20-on-github-actions-runners/
gate (macos-15)	Run actions/cache@v4	2026-09-08T15:15:36.6388980Z ##[group]Run actions/cache@v4
gate (macos-15)	Run actions/cache@v4	2026-09-08T15:15:36.6389230Z with:
gate (macos-15)	Run actions/cache@v4	2026-09-08T15:15:36.6389570Z   path: work/experiment-cache
gate (macos-15)	Run actions/cache@v4	2026-09-08T15:15:36.6410000Z   key: native-baseline-v2-macOS-ARM64-4159ce70eab311e023a97dc54988244068bc7daa2753c2b79070cfa6cb02643b
gate (macos-15)	Run actions/cache@v4	2026-09-08T15:15:36.6410540Z   enableCrossOsArchive: false
gate (macos-15)	Run actions/cache@v4	2026-09-08T15:15:36.6411000Z   fail-on-cache-miss: false
gate (macos-15)	Run actions/cache@v4	2026-09-08T15:15:36.6411310Z   lookup-only: false
gate (macos-15)	Run actions/cache@v4	2026-09-08T15:15:36.6411560Z   save-always: false
gate (macos-15)	Run actions/cache@v4	2026-09-08T15:15:36.6411880Z env:
gate (macos-15)	Run actions/cache@v4	2026-09-08T15:15:36.6412100Z   RUSTUP_TOOLCHAIN: stable
gate (macos-15)	Run actions/cache@v4	2026-09-08T15:15:36.6412390Z   pythonLocation: /Users/runner/hostedtoolcache/Python/3.12.10/arm64
gate (macos-15)	Run actions/cache@v4	2026-09-08T15:15:36.6412880Z   PKG_CONFIG_PATH: /Users/runner/hostedtoolcache/Python/3.12.10/arm64/lib/pkgconfig
gate (macos-15)	Run actions/cache@v4	2026-09-08T15:15:36.6413410Z   Python_ROOT_DIR: /Users/runner/hostedtoolcache/Python/3.12.10/arm64
gate (macos-15)	Run actions/cache@v4	2026-09-08T15:15:36.6413870Z   Python2_ROOT_DIR: /Users/runner/hostedtoolcache/Python/3.12.10/arm64
gate (macos-15)	Run actions/cache@v4	2026-09-08T15:15:36.6414460Z   Python3_ROOT_DIR: /Users/runner/hostedtoolcache/Python/3.12.10/arm64
gate (macos-15)	Run actions/cache@v4	2026-09-08T15:15:36.6414810Z ##[endgroup]
gate (macos-15)	Run actions/cache@v4	2026-09-08T15:15:36.7717770Z (node:8051) [DEP0040] DeprecationWarning: The `punycode` module is deprecated. Please use a userland alternative instead.
gate (macos-15)	Run actions/cache@v4	2026-09-08T15:15:36.7718660Z (Use `node --trace-deprecation ...` to show where the warning was created)
gate (macos-15)	Run actions/cache@v4	2026-09-08T15:15:36.8528230Z Cache not found for input keys: native-baseline-v2-macOS-ARM64-4159ce70eab311e023a97dc54988244068bc7daa2753c2b79070cfa6cb02643b
gate (macos-15)	Run python3 scripts/gate.py	﻿2026-09-08T15:15:36.8599900Z ##[group]Run python3 scripts/gate.py
gate (macos-15)	Run python3 scripts/gate.py	2026-09-08T15:15:36.8600360Z ^[[36;1mpython3 scripts/gate.py^[[0m
gate (macos-15)	Run python3 scripts/gate.py	2026-09-08T15:15:36.8639850Z shell: /bin/bash -e {0}
gate (macos-15)	Run python3 scripts/gate.py	2026-09-08T15:15:36.8640120Z env:
gate (macos-15)	Run python3 scripts/gate.py	2026-09-08T15:15:36.8640530Z   RUSTUP_TOOLCHAIN: stable
gate (macos-15)	Run python3 scripts/gate.py	2026-09-08T15:15:36.8640890Z   pythonLocation: /Users/runner/hostedtoolcache/Python/3.12.10/arm64
gate (macos-15)	Run python3 scripts/gate.py	2026-09-08T15:15:36.8641520Z   PKG_CONFIG_PATH: /Users/runner/hostedtoolcache/Python/3.12.10/arm64/lib/pkgconfig
gate (macos-15)	Run python3 scripts/gate.py	2026-09-08T15:15:36.8642050Z   Python_ROOT_DIR: /Users/runner/hostedtoolcache/Python/3.12.10/arm64
gate (macos-15)	Run python3 scripts/gate.py	2026-09-08T15:15:36.8642530Z   Python2_ROOT_DIR: /Users/runner/hostedtoolcache/Python/3.12.10/arm64
gate (macos-15)	Run python3 scripts/gate.py	2026-09-08T15:15:36.8642920Z   Python3_ROOT_DIR: /Users/runner/hostedtoolcache/Python/3.12.10/arm64
gate (macos-15)	Run python3 scripts/gate.py	2026-09-08T15:15:36.8643270Z ##[endgroup]
gate (macos-15)	Run python3 scripts/gate.py	2026-09-08T15:15:37.1901520Z + python3 -m unittest discover -s scripts/tests -v
gate (macos-15)	Run python3 scripts/gate.py	2026-09-08T15:15:37.4822370Z test_actual_workspace_is_accepted (test_gate.ArchitectureGateTests.test_actual_workspace_is_accepted) ... ok
gate (macos-15)	Run python3 scripts/gate.py	2026-09-08T15:15:37.4834240Z test_correctly_named_dependency_pointing_elsewhere_is_rejected (test_gate.ArchitectureGateTests.test_correctly_named_dependency_pointing_elsewhere_is_rejected) ... ok
gate (macos-15)	Run python3 scripts/gate.py	2026-09-08T15:15:37.4946500Z test_external_core_dependencies_in_all_declaration_kinds_are_rejected (test_gate.ArchitectureGateTests.test_external_core_dependencies_in_all_declaration_kinds_are_rejected) ... ok
gate (macos-15)	Run python3 scripts/gate.py	2026-09-08T15:15:37.4955620Z test_infrastructure_to_facade_reverse_edge_is_rejected (test_gate.ArchitectureGateTests.test_infrastructure_to_facade_reverse_edge_is_rejected) ... ok
gate (macos-15)	Run python3 scripts/gate.py	2026-09-08T15:15:37.4977260Z test_missing_each_required_package_is_rejected (test_gate.ArchitectureGateTests.test_missing_each_required_package_is_rejected) ... ok
gate (macos-15)	Run python3 scripts/gate.py	2026-09-08T15:15:37.4986010Z test_registry_dependency_impersonating_domain_is_rejected (test_gate.ArchitectureGateTests.test_registry_dependency_impersonating_domain_is_rejected) ... ok
gate (macos-15)	Run python3 scripts/gate.py	2026-09-08T15:15:37.4991600Z test_relocated_package_is_rejected (test_gate.ArchitectureGateTests.test_relocated_package_is_rejected) ... ok
gate (macos-15)	Run python3 scripts/gate.py	2026-09-08T15:15:37.4999980Z test_renamed_alias_does_not_hide_wrong_path (test_gate.ArchitectureGateTests.test_renamed_alias_does_not_hide_wrong_path) ... ok
gate (macos-15)	Run python3 scripts/gate.py	2026-09-08T15:15:37.5005180Z test_renamed_core_package_is_rejected (test_gate.ArchitectureGateTests.test_renamed_core_package_is_rejected) ... ok
gate (macos-15)	Run python3 scripts/gate.py	2026-09-08T15:15:37.5010840Z test_required_nonmember_is_rejected (test_gate.ArchitectureGateTests.test_required_nonmember_is_rejected) ... ok
gate (macos-15)	Run python3 scripts/gate.py	2026-09-08T15:15:37.5073210Z test_valid_domain_alias_remains_allowed (test_gate.ArchitectureGateTests.test_valid_domain_alias_remains_allowed) ... ok
gate (macos-15)	Run python3 scripts/gate.py	2026-09-08T15:15:37.5089080Z test_existing_evidence_is_never_overwritten (test_performance.PerformanceEvidence.test_existing_evidence_is_never_overwritten) ... ok
gate (macos-15)	Run python3 scripts/gate.py	2026-09-08T15:15:37.5097230Z Evidence directory: /var/folders/bl/vzjcvbz95c3dk19cb0fw46180000gn/T/tmpn1b81bpb/evidence
gate (macos-15)	Run python3 scripts/gate.py	2026-09-08T15:15:37.5106400Z test_timeout_preserves_raw_and_metadata (test_performance.PerformanceEvidence.test_timeout_preserves_raw_and_metadata) ... ok
gate (macos-15)	Run python3 scripts/gate.py	2026-09-08T15:15:37.5908760Z test_oversized_native_rust_c_and_header_are_rejected (test_sizes.SizeGateTests.test_oversized_native_rust_c_and_header_are_rejected) ... ok
gate (macos-15)	Run python3 scripts/gate.py	2026-09-08T15:15:37.5909340Z 
gate (macos-15)	Run python3 scripts/gate.py	2026-09-08T15:15:37.5909490Z ----------------------------------------------------------------------
gate (macos-15)	Run python3 scripts/gate.py	2026-09-08T15:15:37.5909820Z Ran 14 tests in 0.136s
gate (macos-15)	Run python3 scripts/gate.py	2026-09-08T15:15:37.5909930Z 
gate (macos-15)	Run python3 scripts/gate.py	2026-09-08T15:15:37.5910010Z OK
gate (macos-15)	Run python3 scripts/gate.py	2026-09-08T15:15:37.5910190Z partial test output
gate (macos-15)	Run python3 scripts/gate.py	2026-09-08T15:15:37.5989350Z + cargo test --locked -p pty-runtime-domain --no-default-features
gate (macos-15)	Run python3 scripts/gate.py	2026-09-08T15:15:37.6999190Z     Updating crates.io index
gate (macos-15)	Run python3 scripts/gate.py	2026-09-08T15:15:37.7823150Z    Compiling pty-runtime-domain v0.1.0 (/Users/runner/work/pty-runtime/pty-runtime/crates/domain)
gate (macos-15)	Run python3 scripts/gate.py	2026-09-08T15:15:41.0895300Z     Finished `test` profile [unoptimized + debuginfo] target(s) in 3.47s
gate (macos-15)	Run python3 scripts/gate.py	2026-09-08T15:15:41.0931150Z      Running unittests src/lib.rs (target/debug/deps/pty_runtime_domain-53f1a539f3ca9b2a)
gate (macos-15)	Run python3 scripts/gate.py	2026-09-08T15:15:41.1044670Z      Running tests/replay_model.rs (target/debug/deps/replay_model-7d47b4b21cc3a474)
gate (macos-15)	Run python3 scripts/gate.py	2026-09-08T15:15:41.1045100Z 
gate (macos-15)	Run python3 scripts/gate.py	2026-09-08T15:15:41.1145770Z running 17 tests
gate (macos-15)	Run python3 scripts/gate.py	2026-09-08T15:15:41.1196580Z test identity::tests::identity_equality_is_literal_and_lifetimes_include_both_parts ... ok
gate (macos-15)	Run python3 scripts/gate.py	2026-09-08T15:15:41.1297990Z test identity::tests::accepted_identity_discards_excess_owned_capacity_and_redacts ... ok
gate (macos-15)	Run python3 scripts/gate.py	2026-09-08T15:15:41.1369150Z test identity::tests::identity_enforces_byte_limit_and_control_policy ... ok
gate (macos-15)	Run python3 scripts/gate.py	2026-09-08T15:15:41.1369930Z test process::tests::deadline_and_allocation_extremes_are_rejected ... ok
gate (macos-15)	Run python3 scripts/gate.py	2026-09-08T15:15:41.1438820Z test process::tests::environment_keys_validate_and_overrides_remain_last ... ok
gate (macos-15)	Run python3 scripts/gate.py	2026-09-08T15:15:41.1540310Z test projection::tests::close_rejects_late_commit_and_usable_completion_cannot_revive ... ok
gate (macos-15)	Run python3 scripts/gate.py	2026-09-08T15:15:41.1641520Z test process::tests::commands_are_literal_bounded_and_redacted ... ok
gate (macos-15)	Run python3 scripts/gate.py	2026-09-08T15:15:41.1704780Z test projection::tests::failed_retries_are_bounded_until_real_mutation ... ok
gate (macos-15)	Run python3 scripts/gate.py	2026-09-08T15:15:41.1713070Z test projection::tests::invalid_policy_and_out_of_order_processed_controls_are_rejected ... ok
gate (macos-15)	Run python3 scripts/gate.py	2026-09-08T15:15:41.1718560Z test projection::tests::mutation_invalidates_parking_without_advancing_unprocessed_position ... ok
gate (macos-15)	Run python3 scripts/gate.py	2026-09-08T15:15:41.1723470Z test projection::tests::restoration_rejects_unadmitted_sources_and_preserves_failures ... ok
gate (macos-15)	Run python3 scripts/gate.py	2026-09-08T15:15:41.1743780Z test projection::tests::successful_parking_does_not_consume_failed_retry_budget ... ok
gate (macos-15)	Run python3 scripts/gate.py	2026-09-08T15:15:41.1744510Z test replay::tests::identities_and_future_positions_are_validated_even_when_empty ... ok
gate (macos-15)	Run python3 scripts/gate.py	2026-09-08T15:15:41.1745130Z test replay::tests::eviction_reports_gap_before_exact_suffix_and_reads_do_not_advance ... ok
gate (macos-15)	Run python3 scripts/gate.py	2026-09-08T15:15:41.1745820Z test replay::tests::offset_overflow_is_atomic_and_debug_redacts_content ... ok
gate (macos-15)	Run python3 scripts/gate.py	2026-09-08T15:15:41.1746390Z test replay::tests::zero_retention_and_global_eviction_keep_stream_position ... ok
gate (macos-15)	Run python3 scripts/gate.py	2026-09-08T15:15:41.1746970Z test replay::tests::chunking_matches_reference_suffix_across_capacities ... ok
gate (macos-15)	Run python3 scripts/gate.py	2026-09-08T15:15:41.1747320Z 
gate (macos-15)	Run python3 scripts/gate.py	2026-09-08T15:15:41.1747590Z test result: ok. 17 passed; 0 failed; 0 ignored; 0 measured; 0 filtered out; finished in 0.01s
gate (macos-15)	Run python3 scripts/gate.py	2026-09-08T15:15:41.1747930Z 
gate (macos-15)	Run python3 scripts/gate.py	2026-09-08T15:15:41.1747980Z 
gate (macos-15)	Run python3 scripts/gate.py	2026-09-08T15:15:41.1748060Z running 1 test
gate (macos-15)	Run python3 scripts/gate.py	2026-09-08T15:15:41.2716850Z    Doc-tests pty_runtime_domain
gate (macos-15)	Run python3 scripts/gate.py	2026-09-08T15:15:41.2717230Z test seeded_interleavings_match_an_append_only_ledger ... ok
gate (macos-15)	Run python3 scripts/gate.py	2026-09-08T15:15:41.2819140Z 
gate (macos-15)	Run python3 scripts/gate.py	2026-09-08T15:15:41.2920150Z test result: ok. 1 passed; 0 failed; 0 ignored; 0 measured; 0 filtered out; finished in 0.16s
gate (macos-15)	Run python3 scripts/gate.py	2026-09-08T15:15:41.3019990Z 
gate (macos-15)	Run python3 scripts/gate.py	2026-09-08T15:15:41.3243430Z 
gate (macos-15)	Run python3 scripts/gate.py	2026-09-08T15:15:41.3344720Z running 0 tests
gate (macos-15)	Run python3 scripts/gate.py	2026-09-08T15:15:41.3364620Z 
gate (macos-15)	Run python3 scripts/gate.py	2026-09-08T15:15:41.3366140Z test result: ok. 0 passed; 0 failed; 0 ignored; 0 measured; 0 filtered out; finished in 0.00s
gate (macos-15)	Run python3 scripts/gate.py	2026-09-08T15:15:41.3366710Z 
gate (macos-15)	Run python3 scripts/gate.py	2026-09-08T15:15:41.3367050Z + cargo test --locked -p pty-runtime-application --no-default-features
gate (macos-15)	Run python3 scripts/gate.py	2026-09-08T15:15:41.3674270Z    Compiling pty-runtime-application v0.1.0 (/Users/runner/work/pty-runtime/pty-runtime/crates/application)
gate (macos-15)	Run python3 scripts/gate.py	2026-09-08T15:15:42.6896210Z     Finished `test` profile [unoptimized + debuginfo] target(s) in 1.33s
gate (macos-15)	Run python3 scripts/gate.py	2026-09-08T15:15:42.6899550Z      Running unittests src/lib.rs (target/debug/deps/pty_runtime_application-fe125b4250f4aa0f)
gate (macos-15)	Run python3 scripts/gate.py	2026-09-08T15:15:42.6925040Z 
gate (macos-15)	Run python3 scripts/gate.py	2026-09-08T15:15:42.6925830Z running 21 tests
gate (macos-15)	Run python3 scripts/gate.py	2026-09-08T15:15:42.6929370Z test projection::tests::cleanup::close_progresses_with_every_normal_request_slot_held ... ok
gate (macos-15)	Run python3 scripts/gate.py	2026-09-08T15:15:42.6930380Z test projection::tests::cleanup::close_during_pending_commit_deletes_late_result_and_releases_services ... ok
gate (macos-15)	Run python3 scripts/gate.py	2026-09-08T15:15:42.6931430Z test projection::tests::cleanup::authentication_failure_retains_only_source_and_close_releases_pool_handles ... ok
gate (macos-15)	Run python3 scripts/gate.py	2026-09-08T15:15:42.6937430Z test projection::tests::cleanup::failed_restore_retains_source_and_bounded_unprocessed_output_without_empty_model ... ok
gate (macos-15)	Run python3 scripts/gate.py	2026-09-08T15:15:42.6938210Z test projection::tests::cleanup::failed_storage_has_finite_retries_and_retains_original_live_model ... ok
gate (macos-15)	Run python3 scripts/gate.py	2026-09-08T15:15:42.6939340Z    Doc-tests pty_runtime_application
gate (macos-15)	Run python3 scripts/gate.py	2026-09-08T15:15:42.6939910Z test projection::tests::cleanup::permanent_delete_failure_closes_truthfully_and_stays_charged_in_bounded_ledger ... ok
gate (macos-15)	Run python3 scripts/gate.py	2026-09-08T15:15:42.6940600Z test projection::tests::cleanup::rejected_blocking_admission_schedules_bounded_retry_without_losing_model ... ok
gate (macos-15)	Run python3 scripts/gate.py	2026-09-08T15:15:42.6941350Z test projection::tests::cleanup::scheduler_shutdown_fallback_finishes_late_commit_without_retaining_services ... ok
gate (macos-15)	Run python3 scripts/gate.py	2026-09-08T15:15:42.6942190Z test projection::tests::parking::idle_park_restore_orders_bytes_resize_history_and_single_authoritative_reply ... ok
gate (macos-15)	Run python3 scripts/gate.py	2026-09-08T15:15:42.6943080Z test projection::tests::parking::output_during_commit_retains_model_and_cleanup_does_not_block_feed ... ok
gate (macos-15)	Run python3 scripts/gate.py	2026-09-08T15:15:42.6943880Z test projection::tests::cleanup::uncertain_commits_stay_charged_and_report_failure_on_every_close ... ok
gate (macos-15)	Run python3 scripts/gate.py	2026-09-08T15:15:42.6944580Z test projection::tests::parking::parked_transfer_pin_uses_saved_source_without_native_restore ... ok
gate (macos-15)	Run python3 scripts/gate.py	2026-09-08T15:15:42.6948870Z test projection::tests::parking::ready_view_captures_its_own_history_and_exact_order_boundary ... ok
gate (macos-15)	Run python3 scripts/gate.py	2026-09-08T15:15:42.6949640Z test projection::tests::parking::output_during_encode_is_bounded_and_stale_commit_never_releases_live_model ... ok
gate (macos-15)	Run python3 scripts/gate.py	2026-09-08T15:15:42.6950440Z test projection::tests::pressure::copied_views_retain_global_memory_admission_until_consumer_drop ... ok
gate (macos-15)	Run python3 scripts/gate.py	2026-09-08T15:15:42.6951190Z test projection::tests::pressure::generated_reply_waits_for_single_writer_admission_without_refeeding_or_duplicate_send ... ok
gate (macos-15)	Run python3 scripts/gate.py	2026-09-08T15:15:42.6951940Z test projection::tests::pressure::global_parser_capacity_released_by_another_session_wakes_waiter ... ok
gate (macos-15)	Run python3 scripts/gate.py	2026-09-08T15:15:42.6952730Z test projection::tests::pressure::independent_parser_admission_is_all_or_none_and_early_capacity_notice_survives ... ok
gate (macos-15)	Run python3 scripts/gate.py	2026-09-08T15:15:42.6953570Z test projection::tests::pressure::native_feed_panic_preserves_unprocessed_staging_and_rejects_projection_operations ... ok
gate (macos-15)	Run python3 scripts/gate.py	2026-09-08T15:15:42.6954310Z test projection::tests::pressure::partial_generated_reply_fails_projection_and_is_never_resent ... ok
gate (macos-15)	Run python3 scripts/gate.py	2026-09-08T15:15:42.6955060Z test projection::tests::pressure::resident_checkpoint_pin_reserves_plaintext_even_when_protection_bound_is_smaller ... ok
gate (macos-15)	Run python3 scripts/gate.py	2026-09-08T15:15:42.6955550Z 
gate (macos-15)	Run python3 scripts/gate.py	2026-09-08T15:15:42.6955870Z test result: ok. 21 passed; 0 failed; 0 ignored; 0 measured; 0 filtered out; finished in 0.00s
gate (macos-15)	Run python3 scripts/gate.py	2026-09-08T15:15:42.6956660Z 
gate (macos-15)	Run python3 scripts/gate.py	2026-09-08T15:15:42.7322320Z 
gate (macos-15)	Run python3 scripts/gate.py	2026-09-08T15:15:42.7322720Z running 0 tests
gate (macos-15)	Run python3 scripts/gate.py	2026-09-08T15:15:42.7323010Z 
gate (macos-15)	Run python3 scripts/gate.py	2026-09-08T15:15:42.7323330Z test result: ok. 0 passed; 0 failed; 0 ignored; 0 measured; 0 filtered out; finished in 0.00s
gate (macos-15)	Run python3 scripts/gate.py	2026-09-08T15:15:42.7323720Z 
gate (macos-15)	Run python3 scripts/gate.py	2026-09-08T15:15:42.7343100Z + cargo fmt --all --check
gate (macos-15)	Run python3 scripts/gate.py	2026-09-08T15:15:42.9043210Z + python3 scripts/native/bootstrap.py
gate (macos-15)	Run python3 scripts/gate.py	2026-09-08T15:15:43.0192630Z Downloading pinned dependency: https://ziglang.org/download/0.16.0/zig-aarch64-macos-0.16.0.tar.xz
gate (macos-15)	Run python3 scripts/gate.py	2026-09-08T15:15:56.1287540Z Downloading pinned dependency: https://codeload.github.com/ghostty-org/ghostty/tar.gz/82232ecde55405559dec29c5466cb9e39938cb41
gate (macos-15)	Run python3 scripts/gate.py	2026-09-08T15:16:00.9943310Z Building pinned libghostty-vt for aarch64-macos...
gate (macos-15)	Run python3 scripts/gate.py	2026-09-08T15:18:13.3690940Z + cargo clippy --locked --workspace --all-targets --all-features -- -D warnings
gate (macos-15)	Run python3 scripts/gate.py	2026-09-08T15:18:14.3767050Z  Downloading crates ...
gate (macos-15)	Run python3 scripts/gate.py	2026-09-08T15:18:14.4290300Z   Downloaded aead v0.5.2
gate (macos-15)	Run python3 scripts/gate.py	2026-09-08T15:18:14.4366990Z   Downloaded inout v0.1.4
gate (macos-15)	Run python3 scripts/gate.py	2026-09-08T15:18:14.4396020Z   Downloaded version_check v0.9.5
gate (macos-15)	Run python3 scripts/gate.py	2026-09-08T15:18:14.4431010Z   Downloaded futures-core v0.3.34
gate (macos-15)	Run python3 scripts/gate.py	2026-09-08T15:18:14.4482750Z   Downloaded crypto-common v0.1.7
gate (macos-15)	Run python3 scripts/gate.py	2026-09-08T15:18:14.4491950Z   Downloaded getrandom v0.2.16
gate (macos-15)	Run python3 scripts/gate.py	2026-09-08T15:18:14.4575830Z   Downloaded generic-array v0.14.7
gate (macos-15)	Run python3 scripts/gate.py	2026-09-08T15:18:14.4617410Z   Downloaded cfg-if v1.0.4
gate (macos-15)	Run python3 scripts/gate.py	2026-09-08T15:18:14.4652440Z   Downloaded subtle v2.6.1
gate (macos-15)	Run python3 scripts/gate.py	2026-09-08T15:18:14.4678780Z   Downloaded universal-hash v0.5.1
gate (macos-15)	Run python3 scripts/gate.py	2026-09-08T15:18:14.4704240Z   Downloaded opaque-debug v0.3.1
gate (macos-15)	Run python3 scripts/gate.py	2026-09-08T15:18:14.4748840Z   Downloaded chacha20 v0.9.1
gate (macos-15)	Run python3 scripts/gate.py	2026-09-08T15:18:14.4950890Z   Downloaded cipher v0.4.4
gate (macos-15)	Run python3 scripts/gate.py	2026-09-08T15:18:14.5017900Z   Downloaded futures-channel v0.3.34
gate (macos-15)	Run python3 scripts/gate.py	2026-09-08T15:18:14.5057020Z   Downloaded rand_core v0.6.4
gate (macos-15)	Run python3 scripts/gate.py	2026-09-08T15:18:14.5083240Z   Downloaded zeroize v1.9.0
gate (macos-15)	Run python3 scripts/gate.py	2026-09-08T15:18:14.5119780Z   Downloaded poly1305 v0.8.0
gate (macos-15)	Run python3 scripts/gate.py	2026-09-08T15:18:14.5177960Z   Downloaded chacha20poly1305 v0.10.1
gate (macos-15)	Run python3 scripts/gate.py	2026-09-08T15:18:14.5207900Z   Downloaded typenum v1.20.1
gate (macos-15)	Run python3 scripts/gate.py	2026-09-08T15:18:14.5285840Z   Downloaded libc v0.2.189
gate (macos-15)	Run python3 scripts/gate.py	2026-09-08T15:18:14.7940940Z    Compiling libc v0.2.189
gate (macos-15)	Run python3 scripts/gate.py	2026-09-08T15:18:14.7942590Z    Compiling version_check v0.9.5
gate (macos-15)	Run python3 scripts/gate.py	2026-09-08T15:18:14.7943450Z     Checking typenum v1.20.1
gate (macos-15)	Run python3 scripts/gate.py	2026-09-08T15:18:15.7701870Z    Compiling generic-array v0.14.7
gate (macos-15)	Run python3 scripts/gate.py	2026-09-08T15:18:15.8026400Z     Checking cfg-if v1.0.4
gate (macos-15)	Run python3 scripts/gate.py	2026-09-08T15:18:15.9038760Z     Checking subtle v2.6.1
gate (macos-15)	Run python3 scripts/gate.py	2026-09-08T15:18:16.0908710Z     Checking zeroize v1.9.0
gate (macos-15)	Run python3 scripts/gate.py	2026-09-08T15:18:16.2896640Z     Checking pty-runtime-domain v0.1.0 (/Users/runner/work/pty-runtime/pty-runtime/crates/domain)
gate (macos-15)	Run python3 scripts/gate.py	2026-09-08T15:18:16.6184980Z     Checking getrandom v0.2.16
gate (macos-15)	Run python3 scripts/gate.py	2026-09-08T15:18:16.6801060Z     Checking inout v0.1.4
gate (macos-15)	Run python3 scripts/gate.py	2026-09-08T15:18:16.6935520Z     Checking opaque-debug v0.3.1
gate (macos-15)	Run python3 scripts/gate.py	2026-09-08T15:18:16.7449490Z     Checking rand_core v0.6.4
gate (macos-15)	Run python3 scripts/gate.py	2026-09-08T15:18:16.7551480Z    Compiling pty-runtime-infrastructure v0.1.0 (/Users/runner/work/pty-runtime/pty-runtime/crates/infrastructure)
gate (macos-15)	Run python3 scripts/gate.py	2026-09-08T15:18:16.7719880Z     Checking futures-core v0.3.34
gate (macos-15)	Run python3 scripts/gate.py	2026-09-08T15:18:16.8527260Z     Checking crypto-common v0.1.7
gate (macos-15)	Run python3 scripts/gate.py	2026-09-08T15:18:16.8564690Z     Checking futures-channel v0.3.34
gate (macos-15)	Run python3 scripts/gate.py	2026-09-08T15:18:16.9045980Z     Checking universal-hash v0.5.1
gate (macos-15)	Run python3 scripts/gate.py	2026-09-08T15:18:16.9474740Z     Checking cipher v0.4.4
gate (macos-15)	Run python3 scripts/gate.py	2026-09-08T15:18:16.9808990Z     Checking poly1305 v0.8.0
gate (macos-15)	Run python3 scripts/gate.py	2026-09-08T15:18:17.0756640Z     Checking aead v0.5.2
gate (macos-15)	Run python3 scripts/gate.py	2026-09-08T15:18:17.2164720Z     Checking pty-runtime-application v0.1.0 (/Users/runner/work/pty-runtime/pty-runtime/crates/application)
gate (macos-15)	Run python3 scripts/gate.py	2026-09-08T15:18:17.2506970Z     Checking chacha20 v0.9.1
gate (macos-15)	Run python3 scripts/gate.py	2026-09-08T15:18:17.3431960Z     Checking chacha20poly1305 v0.10.1
gate (macos-15)	Run python3 scripts/gate.py	2026-09-08T15:18:18.5408510Z     Checking pty-runtime v0.1.0 (/Users/runner/work/pty-runtime/pty-runtime)
gate (macos-15)	Run python3 scripts/gate.py	2026-09-08T15:18:19.8544690Z     Finished `dev` profile [unoptimized + debuginfo] target(s) in 5.81s
gate (macos-15)	Run python3 scripts/gate.py	2026-09-08T15:18:19.8802960Z + cargo test --locked --workspace --all-targets --all-features
gate (macos-15)	Run python3 scripts/gate.py	2026-09-08T15:18:20.0416400Z    Compiling typenum v1.20.1
gate (macos-15)	Run python3 scripts/gate.py	2026-09-08T15:18:20.0420240Z    Compiling libc v0.2.189
gate (macos-15)	Run python3 scripts/gate.py	2026-09-08T15:18:20.0420850Z    Compiling cfg-if v1.0.4
gate (macos-15)	Run python3 scripts/gate.py	2026-09-08T15:18:20.0885390Z    Compiling zeroize v1.9.0
gate (macos-15)	Run python3 scripts/gate.py	2026-09-08T15:18:20.2201910Z    Compiling subtle v2.6.1
gate (macos-15)	Run python3 scripts/gate.py	2026-09-08T15:18:20.2884470Z    Compiling opaque-debug v0.3.1
gate (macos-15)	Run python3 scripts/gate.py	2026-09-08T15:18:20.3200720Z    Compiling futures-core v0.3.34
gate (macos-15)	Run python3 scripts/gate.py	2026-09-08T15:18:20.3911550Z    Compiling pty-runtime-infrastructure v0.1.0 (/Users/runner/work/pty-runtime/pty-runtime/crates/infrastructure)
gate (macos-15)	Run python3 scripts/gate.py	2026-09-08T15:18:20.5893880Z    Compiling getrandom v0.2.16
gate (macos-15)	Run python3 scripts/gate.py	2026-09-08T15:18:20.6800150Z    Compiling generic-array v0.14.7
gate (macos-15)	Run python3 scripts/gate.py	2026-09-08T15:18:20.6902490Z    Compiling rand_core v0.6.4
gate (macos-15)	Run python3 scripts/gate.py	2026-09-08T15:18:20.8203200Z    Compiling futures-channel v0.3.34
gate (macos-15)	Run python3 scripts/gate.py	2026-09-08T15:18:21.0665000Z    Compiling crypto-common v0.1.7
gate (macos-15)	Run python3 scripts/gate.py	2026-09-08T15:18:21.0867030Z    Compiling inout v0.1.4
gate (macos-15)	Run python3 scripts/gate.py	2026-09-08T15:18:21.1239080Z    Compiling universal-hash v0.5.1
gate (macos-15)	Run python3 scripts/gate.py	2026-09-08T15:18:21.1481410Z    Compiling cipher v0.4.4
gate (macos-15)	Run python3 scripts/gate.py	2026-09-08T15:18:21.1746410Z    Compiling poly1305 v0.8.0
gate (macos-15)	Run python3 scripts/gate.py	2026-09-08T15:18:21.2543910Z    Compiling chacha20 v0.9.1
gate (macos-15)	Run python3 scripts/gate.py	2026-09-08T15:18:21.2589240Z    Compiling aead v0.5.2
gate (macos-15)	Run python3 scripts/gate.py	2026-09-08T15:18:21.3281260Z    Compiling chacha20poly1305 v0.10.1
gate (macos-15)	Run python3 scripts/gate.py	2026-09-08T15:18:21.9967420Z    Compiling pty-runtime v0.1.0 (/Users/runner/work/pty-runtime/pty-runtime)
gate (macos-15)	Run python3 scripts/gate.py	2026-09-08T15:18:28.7830110Z     Finished `test` profile [unoptimized + debuginfo] target(s) in 8.85s
gate (macos-15)	Run python3 scripts/gate.py	2026-09-08T15:18:28.7899660Z      Running unittests src/lib.rs (target/debug/deps/pty_runtime-065b5173b668fc1b)
gate (macos-15)	Run python3 scripts/gate.py	2026-09-08T15:18:28.7940930Z 
gate (macos-15)	Run python3 scripts/gate.py	2026-09-08T15:18:28.7942680Z      Running unittests tests/fixtures/pty_fixture.rs (target/debug/deps/pty_runtime_fixture-a025c4acd711fc91)
gate (macos-15)	Run python3 scripts/gate.py	2026-09-08T15:18:28.7944140Z running 0 tests
gate (macos-15)	Run python3 scripts/gate.py	2026-09-08T15:18:28.7944500Z 
gate (macos-15)	Run python3 scripts/gate.py	2026-09-08T15:18:28.7945310Z test result: ok. 0 passed; 0 failed; 0 ignored; 0 measured; 0 filtered out; finished in 0.00s
gate (macos-15)	Run python3 scripts/gate.py	2026-09-08T15:18:28.7946160Z 
gate (macos-15)	Run python3 scripts/gate.py	2026-09-08T15:18:28.7984110Z 
gate (macos-15)	Run python3 scripts/gate.py	2026-09-08T15:18:28.7984640Z running 0 tests
gate (macos-15)	Run python3 scripts/gate.py	2026-09-08T15:18:28.7985170Z 
gate (macos-15)	Run python3 scripts/gate.py	2026-09-08T15:18:28.7986250Z      Running tests/ddd_spawn_failure.rs (target/debug/deps/ddd_spawn_failure-2f12bb34963c727b)
gate (macos-15)	Run python3 scripts/gate.py	2026-09-08T15:18:28.7986900Z test result: ok. 0 passed; 0 failed; 0 ignored; 0 measured; 0 filtered out; finished in 0.00s
gate (macos-15)	Run python3 scripts/gate.py	2026-09-08T15:18:28.7987650Z 
gate (macos-15)	Run python3 scripts/gate.py	2026-09-08T15:18:28.8022280Z 
gate (macos-15)	Run python3 scripts/gate.py	2026-09-08T15:18:28.8023040Z running 1 test
gate (macos-15)	Run python3 scripts/gate.py	2026-09-08T15:18:28.8031570Z test lookup_handle_obtained_during_failed_spawn_reaches_terminal_state ... ok
gate (macos-15)	Run python3 scripts/gate.py	2026-09-08T15:18:28.8033600Z      Running tests/default_parking.rs (target/debug/deps/default_parking-5dca9a471f130d61)
gate (macos-15)	Run python3 scripts/gate.py	2026-09-08T15:18:28.8034090Z 
gate (macos-15)	Run python3 scripts/gate.py	2026-09-08T15:18:28.8034470Z test result: ok. 1 passed; 0 failed; 0 ignored; 0 measured; 0 filtered out; finished in 0.00s
gate (macos-15)	Run python3 scripts/gate.py	2026-09-08T15:18:28.8034880Z 
gate (macos-15)	Run python3 scripts/gate.py	2026-09-08T15:18:28.8088050Z 
gate (macos-15)	Run python3 scripts/gate.py	2026-09-08T15:18:28.8088830Z running 1 test
gate (macos-15)	Run python3 scripts/gate.py	2026-09-08T15:18:28.8090180Z test default_policy_parks_at_sixty_seconds_and_keeps_process_alive ... ignored, explicit real-clock sixty-second parking qualification
gate (macos-15)	Run python3 scripts/gate.py	2026-09-08T15:18:28.8091670Z 
gate (macos-15)	Run python3 scripts/gate.py	2026-09-08T15:18:28.8091980Z test result: ok. 0 passed; 0 failed; 1 ignored; 0 measured; 0 filtered out; finished in 0.00s
gate (macos-15)	Run python3 scripts/gate.py	2026-09-08T15:18:28.8092280Z 
gate (macos-15)	Run python3 scripts/gate.py	2026-09-08T15:18:28.8092600Z      Running tests/input_reservation.rs (target/debug/deps/input_reservation-14c36612d5930c0e)
gate (macos-15)	Run python3 scripts/gate.py	2026-09-08T15:18:28.8120010Z 
gate (macos-15)	Run python3 scripts/gate.py	2026-09-08T15:18:28.8120610Z running 1 test
gate (macos-15)	Run python3 scripts/gate.py	2026-09-08T15:18:28.8136250Z test global_bytes_and_slots_survive_abandoned_wait_and_release_on_adapter_completion ... ok
gate (macos-15)	Run python3 scripts/gate.py	2026-09-08T15:18:28.8137230Z      Running tests/process_handle_resources.rs (target/debug/deps/process_handle_resources-69135155182bf902)
gate (macos-15)	Run python3 scripts/gate.py	2026-09-08T15:18:28.8137630Z 
gate (macos-15)	Run python3 scripts/gate.py	2026-09-08T15:18:28.8137840Z test result: ok. 1 passed; 0 failed; 0 ignored; 0 measured; 0 filtered out; finished in 0.00s
gate (macos-15)	Run python3 scripts/gate.py	2026-09-08T15:18:28.8138170Z 
gate (macos-15)	Run python3 scripts/gate.py	2026-09-08T15:18:28.8167700Z 
gate (macos-15)	Run python3 scripts/gate.py	2026-09-08T15:18:28.8168810Z running 1 test
gate (macos-15)	Run python3 scripts/gate.py	2026-09-08T15:18:28.8985580Z test completed_old_handles_do_not_keep_process_wake_descriptors ... ok
gate (macos-15)	Run python3 scripts/gate.py	2026-09-08T15:18:28.8988570Z      Running tests/projected_runtime.rs (target/debug/deps/projected_runtime-f7e3f2186a3a45f3)
gate (macos-15)	Run python3 scripts/gate.py	2026-09-08T15:18:28.8989430Z 
gate (macos-15)	Run python3 scripts/gate.py	2026-09-08T15:18:28.8990040Z test result: ok. 1 passed; 0 failed; 0 ignored; 0 measured; 0 filtered out; finished in 0.08s
gate (macos-15)	Run python3 scripts/gate.py	2026-09-08T15:18:28.8990970Z 
gate (macos-15)	Run python3 scripts/gate.py	2026-09-08T15:18:28.9023300Z 
gate (macos-15)	Run python3 scripts/gate.py	2026-09-08T15:18:28.9024080Z running 2 tests
gate (macos-15)	Run python3 scripts/gate.py	2026-09-08T15:18:28.9163280Z test real_query_reply_is_sent_once_with_multiple_observers ... ok
gate (macos-15)	Run python3 scripts/gate.py	2026-09-08T15:18:29.1549180Z test detached_real_model_parks_transfers_restores_and_resizes_without_losing_bytes ... ok
gate (macos-15)	Run python3 scripts/gate.py	2026-09-08T15:18:29.1555060Z      Running tests/projection_cleanup_outcome.rs (target/debug/deps/projection_cleanup_outcome-1d1a9a33d6e97f57)
gate (macos-15)	Run python3 scripts/gate.py	2026-09-08T15:18:29.1555440Z 
gate (macos-15)	Run python3 scripts/gate.py	2026-09-08T15:18:29.1555740Z test result: ok. 2 passed; 0 failed; 0 ignored; 0 measured; 0 filtered out; finished in 0.25s
gate (macos-15)	Run python3 scripts/gate.py	2026-09-08T15:18:29.1556070Z 
gate (macos-15)	Run python3 scripts/gate.py	2026-09-08T15:18:29.1591940Z 
gate (macos-15)	Run python3 scripts/gate.py	2026-09-08T15:18:29.1593010Z running 2 tests
gate (macos-15)	Run python3 scripts/gate.py	2026-09-08T15:18:29.1607750Z test domain_session_validation_rejects_incompatible_projection_admission ... ok
gate (macos-15)	Run python3 scripts/gate.py	2026-09-08T15:18:29.1974020Z test forget_preserves_delete_and_uncertain_commit_failures_including_repeated_calls ... ok
gate (macos-15)	Run python3 scripts/gate.py	2026-09-08T15:18:29.1975050Z 
gate (macos-15)	Run python3 scripts/gate.py	2026-09-08T15:18:29.1975830Z      Running tests/projection_correctness.rs (target/debug/deps/projection_correctness-f13ce9f482ec5ba6)
gate (macos-15)	Run python3 scripts/gate.py	2026-09-08T15:18:29.1977440Z test result: ok. 2 passed; 0 failed; 0 ignored; 0 measured; 0 filtered out; finished in 0.04s
gate (macos-15)	Run python3 scripts/gate.py	2026-09-08T15:18:29.1978240Z 
gate (macos-15)	Run python3 scripts/gate.py	2026-09-08T15:18:29.2011190Z 
gate (macos-15)	Run python3 scripts/gate.py	2026-09-08T15:18:29.2028580Z running 4 tests
gate (macos-15)	Run python3 scripts/gate.py	2026-09-08T15:18:29.2041890Z test impossible_global_parser_budgets_reject_before_child_launch ... ok
gate (macos-15)	Run python3 scripts/gate.py	2026-09-08T15:18:29.2103040Z test resize_panic_during_close_keeps_cleanup_scheduled ... ok
gate (macos-15)	Run python3 scripts/gate.py	2026-09-08T15:18:29.2123940Z test process_future_panic_does_not_strand_runtime_shutdown ... ok
gate (macos-15)	Run python3 scripts/gate.py	2026-09-08T15:18:29.2125450Z test shutdown_closes_model_with_completed_request_wait_retained ... ok
gate (macos-15)	Run python3 scripts/gate.py	2026-09-08T15:18:29.2126140Z 
gate (macos-15)	Run python3 scripts/gate.py	2026-09-08T15:18:29.2126950Z test result: ok. 4 passed; 0 failed; 0 ignored; 0 measured; 0 filtered out; finished in 0.01s
gate (macos-15)	Run python3 scripts/gate.py	2026-09-08T15:18:29.2128650Z 
gate (macos-15)	Run python3 scripts/gate.py	2026-09-08T15:18:29.2131160Z      Running tests/raw_adversarial.rs (target/debug/deps/raw_adversarial-b58bba2bb13f89d0)
gate (macos-15)	Run python3 scripts/gate.py	2026-09-08T15:18:29.2171640Z 
gate (macos-15)	Run python3 scripts/gate.py	2026-09-08T15:18:29.2171930Z running 1 test
gate (macos-15)	Run python3 scripts/gate.py	2026-09-08T15:18:29.2313010Z test dropping_polled_pending_waits_releases_admission_and_preserves_cursor ... ok
gate (macos-15)	Run python3 scripts/gate.py	2026-09-08T15:18:29.2414310Z      Running tests/raw_child_contract.rs (target/debug/deps/raw_child_contract-a4ac94fbd3fbe720)
gate (macos-15)	Run python3 scripts/gate.py	2026-09-08T15:18:29.2415320Z 
gate (macos-15)	Run python3 scripts/gate.py	2026-09-08T15:18:29.2516340Z test result: ok. 1 passed; 0 failed; 0 ignored; 0 measured; 0 filtered out; finished in 0.01s
gate (macos-15)	Run python3 scripts/gate.py	2026-09-08T15:18:29.2607720Z 
gate (macos-15)	Run python3 scripts/gate.py	2026-09-08T15:18:29.2653360Z 
gate (macos-15)	Run python3 scripts/gate.py	2026-09-08T15:18:29.2654340Z running 2 tests
gate (macos-15)	Run python3 scripts/gate.py	2026-09-08T15:18:29.2655410Z test merged_stdout_stderr_preserves_binary_bytes_through_public_observer ... ok
gate (macos-15)	Run python3 scripts/gate.py	2026-09-08T15:18:29.2656140Z test explicit_environment_literal_args_canonical_cwd_and_ordered_resize_reach_real_child ... ok
gate (macos-15)	Run python3 scripts/gate.py	2026-09-08T15:18:29.2656640Z 
gate (macos-15)	Run python3 scripts/gate.py	2026-09-08T15:18:29.2656970Z test result: ok. 2 passed; 0 failed; 0 ignored; 0 measured; 0 filtered out; finished in 0.03s
gate (macos-15)	Run python3 scripts/gate.py	2026-09-08T15:18:29.2657670Z      Running tests/raw_completion.rs (target/debug/deps/raw_completion-f7c0e007cdc60eb8)
gate (macos-15)	Run python3 scripts/gate.py	2026-09-08T15:18:29.2658080Z 
gate (macos-15)	Run python3 scripts/gate.py	2026-09-08T15:18:29.2718070Z 
gate (macos-15)	Run python3 scripts/gate.py	2026-09-08T15:18:29.2719400Z running 1 test
gate (macos-15)	Run python3 scripts/gate.py	2026-09-08T15:18:29.2971090Z test signal_death_and_descendant_drain_never_become_fabricated_success ... ok
gate (macos-15)	Run python3 scripts/gate.py	2026-09-08T15:18:29.2973130Z      Running tests/raw_registration.rs (target/debug/deps/raw_registration-adb1362464869f3e)
gate (macos-15)	Run python3 scripts/gate.py	2026-09-08T15:18:29.2973660Z 
gate (macos-15)	Run python3 scripts/gate.py	2026-09-08T15:18:29.2984550Z test result: ok. 1 passed; 0 failed; 0 ignored; 0 measured; 0 filtered out; finished in 0.03s
gate (macos-15)	Run python3 scripts/gate.py	2026-09-08T15:18:29.2985520Z 
gate (macos-15)	Run python3 scripts/gate.py	2026-09-08T15:18:29.3006360Z 
gate (macos-15)	Run python3 scripts/gate.py	2026-09-08T15:18:29.3006910Z running 1 test
gate (macos-15)	Run python3 scripts/gate.py	2026-09-08T15:18:29.3155240Z test simultaneous_duplicate_calls_launch_once_even_after_completion_until_forgetting ... ok
gate (macos-15)	Run python3 scripts/gate.py	2026-09-08T15:18:29.3156770Z      Running tests/raw_runtime.rs (target/debug/deps/raw_runtime-351b64347a8c6f84)
gate (macos-15)	Run python3 scripts/gate.py	2026-09-08T15:18:29.3158380Z 
gate (macos-15)	Run python3 scripts/gate.py	2026-09-08T15:18:29.3160480Z test result: ok. 1 passed; 0 failed; 0 ignored; 0 measured; 0 filtered out; finished in 0.01s
gate (macos-15)	Run python3 scripts/gate.py	2026-09-08T15:18:29.3161390Z 
gate (macos-15)	Run python3 scripts/gate.py	2026-09-08T15:18:29.3201490Z 
gate (macos-15)	Run python3 scripts/gate.py	2026-09-08T15:18:29.3203670Z running 4 tests
gate (macos-15)	Run python3 scripts/gate.py	2026-09-08T15:18:29.3272350Z test admission_bounds_and_owner_drop_preserve_explicit_completion ... ok
gate (macos-15)	Run python3 scripts/gate.py	2026-09-08T15:18:29.3329990Z test detach_and_cancelled_observation_preserve_live_process_and_cursor ... ok
gate (macos-15)	Run python3 scripts/gate.py	2026-09-08T15:18:29.3346430Z test synthetic_input_is_not_echoed_or_exposed_in_debug ... ok
gate (macos-15)	Run python3 scripts/gate.py	2026-09-08T15:18:29.3376220Z test raw_suffix_gap_completion_and_completed_id_are_stable ... ok
gate (macos-15)	Run python3 scripts/gate.py	2026-09-08T15:18:29.3376730Z 
gate (macos-15)	Run python3 scripts/gate.py	2026-09-08T15:18:29.3377140Z test result: ok. 4 passed; 0 failed; 0 ignored; 0 measured; 0 filtered out; finished in 0.02s
gate (macos-15)	Run python3 scripts/gate.py	2026-09-08T15:18:29.3379290Z      Running tests/runtime_performance.rs (target/debug/deps/runtime_performance-153955e99abcf37e)
gate (macos-15)	Run python3 scripts/gate.py	2026-09-08T15:18:29.3380390Z 
gate (macos-15)	Run python3 scripts/gate.py	2026-09-08T15:18:29.3414810Z 
gate (macos-15)	Run python3 scripts/gate.py	2026-09-08T15:18:29.3416040Z running 1 test
gate (macos-15)	Run python3 scripts/gate.py	2026-09-08T15:18:29.3423100Z      Running unittests src/lib.rs (target/debug/deps/pty_runtime_application-fe125b4250f4aa0f)
gate (macos-15)	Run python3 scripts/gate.py	2026-09-08T15:18:29.3423880Z test projected_real_pty_producers ... ignored, scoped release performance measurement: scripts/performance.py
gate (macos-15)	Run python3 scripts/gate.py	2026-09-08T15:18:29.3426460Z 
gate (macos-15)	Run python3 scripts/gate.py	2026-09-08T15:18:29.3426880Z test result: ok. 0 passed; 0 failed; 1 ignored; 0 measured; 0 filtered out; finished in 0.00s
gate (macos-15)	Run python3 scripts/gate.py	2026-09-08T15:18:29.3427750Z 
gate (macos-15)	Run python3 scripts/gate.py	2026-09-08T15:18:29.3518140Z 
gate (macos-15)	Run python3 scripts/gate.py	2026-09-08T15:18:29.3518430Z running 21 tests
gate (macos-15)	Run python3 scripts/gate.py	2026-09-08T15:18:29.3556060Z test projection::tests::cleanup::close_progresses_with_every_normal_request_slot_held ... ok
gate (macos-15)	Run python3 scripts/gate.py	2026-09-08T15:18:29.3556940Z test projection::tests::cleanup::close_during_pending_commit_deletes_late_result_and_releases_services ... ok
gate (macos-15)	Run python3 scripts/gate.py	2026-09-08T15:18:29.3561550Z test projection::tests::cleanup::authentication_failure_retains_only_source_and_close_releases_pool_handles ... ok
gate (macos-15)	Run python3 scripts/gate.py	2026-09-08T15:18:29.3564510Z test projection::tests::cleanup::failed_storage_has_finite_retries_and_retains_original_live_model ... ok
gate (macos-15)	Run python3 scripts/gate.py	2026-09-08T15:18:29.3568190Z test projection::tests::cleanup::permanent_delete_failure_closes_truthfully_and_stays_charged_in_bounded_ledger ... ok
gate (macos-15)	Run python3 scripts/gate.py	2026-09-08T15:18:29.3569030Z test projection::tests::cleanup::failed_restore_retains_source_and_bounded_unprocessed_output_without_empty_model ... ok
gate (macos-15)	Run python3 scripts/gate.py	2026-09-08T15:18:29.3569880Z test projection::tests::cleanup::rejected_blocking_admission_schedules_bounded_retry_without_losing_model ... ok
gate (macos-15)	Run python3 scripts/gate.py	2026-09-08T15:18:29.3571090Z test projection::tests::cleanup::scheduler_shutdown_fallback_finishes_late_commit_without_retaining_services ... ok
gate (macos-15)	Run python3 scripts/gate.py	2026-09-08T15:18:29.3571830Z test projection::tests::parking::idle_park_restore_orders_bytes_resize_history_and_single_authoritative_reply ... ok
gate (macos-15)	Run python3 scripts/gate.py	2026-09-08T15:18:29.3573540Z test projection::tests::parking::output_during_encode_is_bounded_and_stale_commit_never_releases_live_model ... ok
gate (macos-15)	Run python3 scripts/gate.py	2026-09-08T15:18:29.3576020Z test projection::tests::parking::output_during_commit_retains_model_and_cleanup_does_not_block_feed ... ok
gate (macos-15)	Run python3 scripts/gate.py	2026-09-08T15:18:29.3578070Z test projection::tests::parking::parked_transfer_pin_uses_saved_source_without_native_restore ... ok
gate (macos-15)	Run python3 scripts/gate.py	2026-09-08T15:18:29.3579590Z test projection::tests::pressure::copied_views_retain_global_memory_admission_until_consumer_drop ... ok
gate (macos-15)	Run python3 scripts/gate.py	2026-09-08T15:18:29.3580420Z test projection::tests::pressure::generated_reply_waits_for_single_writer_admission_without_refeeding_or_duplicate_send ... ok
gate (macos-15)	Run python3 scripts/gate.py	2026-09-08T15:18:29.3581220Z test projection::tests::parking::ready_view_captures_its_own_history_and_exact_order_boundary ... ok
gate (macos-15)	Run python3 scripts/gate.py	2026-09-08T15:18:29.3582150Z test projection::tests::pressure::global_parser_capacity_released_by_another_session_wakes_waiter ... ok
gate (macos-15)	Run python3 scripts/gate.py	2026-09-08T15:18:29.3582940Z test projection::tests::pressure::independent_parser_admission_is_all_or_none_and_early_capacity_notice_survives ... ok
gate (macos-15)	Run python3 scripts/gate.py	2026-09-08T15:18:29.3583710Z      Running unittests src/lib.rs (target/debug/deps/pty_runtime_domain-53f1a539f3ca9b2a)
gate (macos-15)	Run python3 scripts/gate.py	2026-09-08T15:18:29.3584860Z test projection::tests::pressure::partial_generated_reply_fails_projection_and_is_never_resent ... ok
gate (macos-15)	Run python3 scripts/gate.py	2026-09-08T15:18:29.3585560Z test projection::tests::pressure::resident_checkpoint_pin_reserves_plaintext_even_when_protection_bound_is_smaller ... ok
gate (macos-15)	Run python3 scripts/gate.py	2026-09-08T15:18:29.3586360Z test projection::tests::cleanup::uncertain_commits_stay_charged_and_report_failure_on_every_close ... ok
gate (macos-15)	Run python3 scripts/gate.py	2026-09-08T15:18:29.3587350Z test projection::tests::pressure::native_feed_panic_preserves_unprocessed_staging_and_rejects_projection_operations ... ok
gate (macos-15)	Run python3 scripts/gate.py	2026-09-08T15:18:29.3588200Z 
gate (macos-15)	Run python3 scripts/gate.py	2026-09-08T15:18:29.3588410Z test result: ok. 21 passed; 0 failed; 0 ignored; 0 measured; 0 filtered out; finished in 0.01s
gate (macos-15)	Run python3 scripts/gate.py	2026-09-08T15:18:29.3588750Z 
gate (macos-15)	Run python3 scripts/gate.py	2026-09-08T15:18:29.3661260Z 
gate (macos-15)	Run python3 scripts/gate.py	2026-09-08T15:18:29.3662220Z running 17 tests
gate (macos-15)	Run python3 scripts/gate.py	2026-09-08T15:18:29.3667110Z test identity::tests::accepted_identity_discards_excess_owned_capacity_and_redacts ... ok
gate (macos-15)	Run python3 scripts/gate.py	2026-09-08T15:18:29.3669660Z test identity::tests::identity_equality_is_literal_and_lifetimes_include_both_parts ... ok
gate (macos-15)	Run python3 scripts/gate.py	2026-09-08T15:18:29.3671260Z test identity::tests::identity_enforces_byte_limit_and_control_policy ... ok
gate (macos-15)	Run python3 scripts/gate.py	2026-09-08T15:18:29.3672650Z test process::tests::deadline_and_allocation_extremes_are_rejected ... ok
gate (macos-15)	Run python3 scripts/gate.py	2026-09-08T15:18:29.3673820Z test process::tests::environment_keys_validate_and_overrides_remain_last ... ok
gate (macos-15)	Run python3 scripts/gate.py	2026-09-08T15:18:29.3675130Z test process::tests::commands_are_literal_bounded_and_redacted ... ok
gate (macos-15)	Run python3 scripts/gate.py	2026-09-08T15:18:29.3677250Z test projection::tests::close_rejects_late_commit_and_usable_completion_cannot_revive ... ok
gate (macos-15)	Run python3 scripts/gate.py	2026-09-08T15:18:29.3678630Z test projection::tests::failed_retries_are_bounded_until_real_mutation ... ok
gate (macos-15)	Run python3 scripts/gate.py	2026-09-08T15:18:29.3680260Z test projection::tests::invalid_policy_and_out_of_order_processed_controls_are_rejected ... ok
gate (macos-15)	Run python3 scripts/gate.py	2026-09-08T15:18:29.3682230Z test projection::tests::mutation_invalidates_parking_without_advancing_unprocessed_position ... ok
gate (macos-15)	Run python3 scripts/gate.py	2026-09-08T15:18:29.3683970Z test projection::tests::restoration_rejects_unadmitted_sources_and_preserves_failures ... ok
gate (macos-15)	Run python3 scripts/gate.py	2026-09-08T15:18:29.3685380Z test projection::tests::successful_parking_does_not_consume_failed_retry_budget ... ok
gate (macos-15)	Run python3 scripts/gate.py	2026-09-08T15:18:29.3687020Z test replay::tests::eviction_reports_gap_before_exact_suffix_and_reads_do_not_advance ... ok
gate (macos-15)	Run python3 scripts/gate.py	2026-09-08T15:18:29.3688370Z test replay::tests::identities_and_future_positions_are_validated_even_when_empty ... ok
gate (macos-15)	Run python3 scripts/gate.py	2026-09-08T15:18:29.3689700Z test replay::tests::offset_overflow_is_atomic_and_debug_redacts_content ... ok
gate (macos-15)	Run python3 scripts/gate.py	2026-09-08T15:18:29.3690970Z test replay::tests::zero_retention_and_global_eviction_keep_stream_position ... ok
gate (macos-15)	Run python3 scripts/gate.py	2026-09-08T15:18:29.3719580Z test replay::tests::chunking_matches_reference_suffix_across_capacities ... ok
gate (macos-15)	Run python3 scripts/gate.py	2026-09-08T15:18:29.3720430Z 
gate (macos-15)	Run python3 scripts/gate.py	2026-09-08T15:18:29.3721060Z test result: ok. 17 passed; 0 failed; 0 ignored; 0 measured; 0 filtered out; finished in 0.01s
gate (macos-15)	Run python3 scripts/gate.py	2026-09-08T15:18:29.3721930Z 
gate (macos-15)	Run python3 scripts/gate.py	2026-09-08T15:18:29.3722710Z      Running tests/replay_model.rs (target/debug/deps/replay_model-7d47b4b21cc3a474)
gate (macos-15)	Run python3 scripts/gate.py	2026-09-08T15:18:29.3799590Z 
gate (macos-15)	Run python3 scripts/gate.py	2026-09-08T15:18:29.3800040Z running 1 test
gate (macos-15)	Run python3 scripts/gate.py	2026-09-08T15:18:29.5340850Z test seeded_interleavings_match_an_append_only_ledger ... ok
gate (macos-15)	Run python3 scripts/gate.py	2026-09-08T15:18:29.5444080Z      Running unittests src/lib.rs (target/debug/deps/pty_runtime_infrastructure-122876f2b742dffe)
gate (macos-15)	Run python3 scripts/gate.py	2026-09-08T15:18:29.5445290Z 
gate (macos-15)	Run python3 scripts/gate.py	2026-09-08T15:18:29.5512830Z test result: ok. 1 passed; 0 failed; 0 ignored; 0 measured; 0 filtered out; finished in 0.15s
gate (macos-15)	Run python3 scripts/gate.py	2026-09-08T15:18:29.5518200Z 
gate (macos-15)	Run python3 scripts/gate.py	2026-09-08T15:18:29.5518390Z 
gate (macos-15)	Run python3 scripts/gate.py	2026-09-08T15:18:29.5518590Z running 8 tests
gate (macos-15)	Run python3 scripts/gate.py	2026-09-08T15:18:29.5554240Z test checkpoint::file::tests::failed_orphan_cleanup_retains_a_distinct_quota_charge ... ok
gate (macos-15)	Run python3 scripts/gate.py	2026-09-08T15:18:29.5628340Z test checkpoint::file::tests::concurrent_commit_reservation_cannot_exceed_quota ... ok
gate (macos-15)	Run python3 scripts/gate.py	2026-09-08T15:18:29.5634660Z test checkpoint::file::tests::renamed_namespace_drop_does_not_remove_unrelated_replacement ... ok
gate (macos-15)	Run python3 scripts/gate.py	2026-09-08T15:18:29.5654390Z test checkpoint::file::tests::partial_failed_writes_full_disk_and_zero_writes_clean_temporary_state ... ok
gate (macos-15)	Run python3 scripts/gate.py	2026-09-08T15:18:29.5655940Z test scheduling::blocking::tests::shutdown_joins_all_workers_and_releases_worker_state ... ok
gate (macos-15)	Run python3 scripts/gate.py	2026-09-08T15:18:29.5662990Z test scheduling::pool::tests::shutdown_joins_all_workers_and_releases_worker_state ... ok
gate (macos-15)	Run python3 scripts/gate.py	2026-09-08T15:18:29.5737210Z test process::spawn_barrier_tests::blocked_and_failed_spawn_does_not_delay_existing_controls_or_reaping ... ok
gate (macos-15)	Run python3 scripts/gate.py	2026-09-08T15:18:29.5749600Z test process::spawn_barrier_tests::immediate_shutdown_reaps_existing_child_before_stalled_launch_finishes ... ok
gate (macos-15)	Run python3 scripts/gate.py	2026-09-08T15:18:29.5750790Z 
gate (macos-15)	Run python3 scripts/gate.py	2026-09-08T15:18:29.5751170Z test result: ok. 8 passed; 0 failed; 0 ignored; 0 measured; 0 filtered out; finished in 0.04s
gate (macos-15)	Run python3 scripts/gate.py	2026-09-08T15:18:29.5751540Z 
gate (macos-15)	Run python3 scripts/gate.py	2026-09-08T15:18:29.5751920Z      Running tests/checkpoint_adversarial.rs (target/debug/deps/checkpoint_adversarial-1eab129c9424831d)
gate (macos-15)	Run python3 scripts/gate.py	2026-09-08T15:18:29.5786320Z 
gate (macos-15)	Run python3 scripts/gate.py	2026-09-08T15:18:29.5787210Z running 4 tests
gate (macos-15)	Run python3 scripts/gate.py	2026-09-08T15:18:29.5832390Z test failed_namespace_construction_rolls_back_under_restrictive_umask ... ok
gate (macos-15)	Run python3 scripts/gate.py	2026-09-08T15:18:29.5833240Z test drop_does_not_remove_foreign_replacement_directory ... ok
gate (macos-15)	Run python3 scripts/gate.py	2026-09-08T15:18:29.5842690Z test permission_or_hardlink_change_rejects_read_without_exposing_payload ... ok
gate (macos-15)	Run python3 scripts/gate.py	2026-09-08T15:18:29.5861190Z test repeated_protection_uses_distinct_nonces_and_remains_authentic ... ok
gate (macos-15)	Run python3 scripts/gate.py	2026-09-08T15:18:29.5862160Z 
gate (macos-15)	Run python3 scripts/gate.py	2026-09-08T15:18:29.5862990Z test result: ok. 4 passed; 0 failed; 0 ignored; 0 measured; 0 filtered out; finished in 0.01s
gate (macos-15)	Run python3 scripts/gate.py	2026-09-08T15:18:29.5865680Z 
gate (macos-15)	Run python3 scripts/gate.py	2026-09-08T15:18:29.5866310Z      Running tests/checkpoint_contract.rs (target/debug/deps/checkpoint_contract-7af3d9777340dca4)
gate (macos-15)	Run python3 scripts/gate.py	2026-09-08T15:18:29.5899580Z 
gate (macos-15)	Run python3 scripts/gate.py	2026-09-08T15:18:29.5900770Z running 5 tests
gate (macos-15)	Run python3 scripts/gate.py	2026-09-08T15:18:29.5909270Z test ciphertext_corruption_truncation_wrong_key_and_metadata_replay_rejected ... ok
gate (macos-15)	Run python3 scripts/gate.py	2026-09-08T15:18:29.5910750Z test injected_provider_same_contract ... ok
gate (macos-15)	Run python3 scripts/gate.py	2026-09-08T15:18:29.5922450Z test existing_or_symlink_root_rejected_without_cleanup_of_foreign_content ... ok
gate (macos-15)	Run python3 scripts/gate.py	2026-09-08T15:18:29.5942820Z test real_disk_quota_short_reads_symlinks_and_corrupt_files ... ok
gate (macos-15)	Run python3 scripts/gate.py	2026-09-08T15:18:29.5964210Z test real_disk_contract_private_permissions_and_cleanup ... ok
gate (macos-15)	Run python3 scripts/gate.py	2026-09-08T15:18:29.5964600Z 
gate (macos-15)	Run python3 scripts/gate.py	2026-09-08T15:18:29.5965040Z test result: ok. 5 passed; 0 failed; 0 ignored; 0 measured; 0 filtered out; finished in 0.01s
gate (macos-15)	Run python3 scripts/gate.py	2026-09-08T15:18:29.5965400Z 
gate (macos-15)	Run python3 scripts/gate.py	2026-09-08T15:18:29.5969400Z      Running tests/checkpoint_opaque_envelope.rs (target/debug/deps/checkpoint_opaque_envelope-e7b66a80992eba7c)
gate (macos-15)	Run python3 scripts/gate.py	2026-09-08T15:18:29.6000330Z 
gate (macos-15)	Run python3 scripts/gate.py	2026-09-08T15:18:29.6000520Z running 1 test
gate (macos-15)	Run python3 scripts/gate.py	2026-09-08T15:18:29.6023640Z test storage_roundtrips_short_opaque_envelope_without_cipher_assumptions ... ok
gate (macos-15)	Run python3 scripts/gate.py	2026-09-08T15:18:29.6024400Z 
gate (macos-15)	Run python3 scripts/gate.py	2026-09-08T15:18:29.6025400Z test result: ok. 1 passed; 0 failed; 0 ignored; 0 measured; 0 filtered out; finished in 0.00s
gate (macos-15)	Run python3 scripts/gate.py	2026-09-08T15:18:29.6026340Z 
gate (macos-15)	Run python3 scripts/gate.py	2026-09-08T15:18:29.6027450Z      Running tests/process_adversarial.rs (target/debug/deps/process_adversarial-cf49e558b6438b64)
gate (macos-15)	Run python3 scripts/gate.py	2026-09-08T15:18:29.6062170Z 
gate (macos-15)	Run python3 scripts/gate.py	2026-09-08T15:18:29.6063370Z running 1 test
gate (macos-15)	Run python3 scripts/gate.py	2026-09-08T15:18:29.6174350Z test failed_reader_terminates_long_lived_child_without_owner_shutdown ... ok
gate (macos-15)	Run python3 scripts/gate.py	2026-09-08T15:18:29.6176030Z      Running tests/process_contract.rs (target/debug/deps/process_contract-82f03e6203ed40a9)
gate (macos-15)	Run python3 scripts/gate.py	2026-09-08T15:18:29.6176930Z 
gate (macos-15)	Run python3 scripts/gate.py	2026-09-08T15:18:29.6177530Z test result: ok. 1 passed; 0 failed; 0 ignored; 0 measured; 0 filtered out; finished in 0.01s
gate (macos-15)	Run python3 scripts/gate.py	2026-09-08T15:18:29.6178260Z 
gate (macos-15)	Run python3 scripts/gate.py	2026-09-08T15:18:29.6207110Z 
gate (macos-15)	Run python3 scripts/gate.py	2026-09-08T15:18:29.6208060Z running 7 tests
gate (macos-15)	Run python3 scripts/gate.py	2026-09-08T15:18:29.6317130Z test controlling_terminal_echo_off_ordered_input_and_real_exit ... ok
gate (macos-15)	Run python3 scripts/gate.py	2026-09-08T15:18:29.6403170Z test descendant_endpoint_has_bounded_drain_separate_from_exit ... ok
gate (macos-15)	Run python3 scripts/gate.py	2026-09-08T15:18:29.6565020Z test failed_spawn_releases_admission_and_drop_reaps_child ... ok
gate (macos-15)	Run python3 scripts/gate.py	2026-09-08T15:18:29.6637750Z test literal_arguments_empty_environment_overrides_and_canonical_roots ... ok
gate (macos-15)	Run python3 scripts/gate.py	2026-09-08T15:18:29.6760140Z test resize_and_quiet_reader_shutdown_are_interruptible ... ok
gate (macos-15)	Run python3 scripts/gate.py	2026-09-08T15:18:29.6815090Z test cancellation_bypasses_full_input_and_escalates_once ... ok
gate (macos-15)	Run python3 scripts/gate.py	2026-09-08T15:18:29.9655680Z test blocked_output_does_not_block_exit_or_shutdown ... ok
gate (macos-15)	Run python3 scripts/gate.py	2026-09-08T15:18:29.9657890Z      Running tests/process_handle_teardown.rs (target/debug/deps/process_handle_teardown-47c8ef92a0c76c4d)
gate (macos-15)	Run python3 scripts/gate.py	2026-09-08T15:18:29.9658640Z 
gate (macos-15)	Run python3 scripts/gate.py	2026-09-08T15:18:29.9659270Z test result: ok. 7 passed; 0 failed; 0 ignored; 0 measured; 0 filtered out; finished in 0.34s
gate (macos-15)	Run python3 scripts/gate.py	2026-09-08T15:18:29.9660500Z 
gate (macos-15)	Run python3 scripts/gate.py	2026-09-08T15:18:29.9712810Z 
gate (macos-15)	Run python3 scripts/gate.py	2026-09-08T15:18:29.9814200Z running 1 test
gate (macos-15)	Run python3 scripts/gate.py	2026-09-08T15:18:30.1029100Z test retained_closed_handles_release_all_wake_descriptors ... ok
gate (macos-15)	Run python3 scripts/gate.py	2026-09-08T15:18:30.1029590Z 
gate (macos-15)	Run python3 scripts/gate.py	2026-09-08T15:18:30.1030030Z test result: ok. 1 passed; 0 failed; 0 ignored; 0 measured; 0 filtered out; finished in 0.13s
gate (macos-15)	Run python3 scripts/gate.py	2026-09-08T15:18:30.1030430Z 
gate (macos-15)	Run python3 scripts/gate.py	2026-09-08T15:18:30.1030740Z      Running tests/process_host_contract.rs (target/debug/deps/process_host_contract-fef6931ebfa8d11a)
gate (macos-15)	Run python3 scripts/gate.py	2026-09-08T15:18:30.1062880Z 
gate (macos-15)	Run python3 scripts/gate.py	2026-09-08T15:18:30.1071150Z running 4 tests
gate (macos-15)	Run python3 scripts/gate.py	2026-09-08T15:18:30.1074610Z test sigchld_policy_fixture ... ignored, runs only inside the isolated host-policy subprocess
gate (macos-15)	Run python3 scripts/gate.py	2026-09-08T15:18:30.1165930Z test backend_drop_ignores_twenty_four_hour_grace_and_reaps ... ok
gate (macos-15)	Run python3 scripts/gate.py	2026-09-08T15:18:30.1166510Z test constructor_rejects_auto_reaping_policies_in_isolated_hosts ... ok
gate (macos-15)	Run python3 scripts/gate.py	2026-09-08T15:18:30.1208460Z test unexpected_reader_failure_kills_long_lived_child_without_grace_delay ... ok
gate (macos-15)	Run python3 scripts/gate.py	2026-09-08T15:18:30.1219710Z 
gate (macos-15)	Run python3 scripts/gate.py	2026-09-08T15:18:30.1219920Z test result: ok. 3 passed; 0 failed; 1 ignored; 0 measured; 0 filtered out; finished in 0.01s
gate (macos-15)	Run python3 scripts/gate.py	2026-09-08T15:18:30.1220200Z 
gate (macos-15)	Run python3 scripts/gate.py	2026-09-08T15:18:30.1220500Z      Running tests/process_pressure.rs (target/debug/deps/process_pressure-6120a5a5481cde7c)
gate (macos-15)	Run python3 scripts/gate.py	2026-09-08T15:18:30.1266930Z 
gate (macos-15)	Run python3 scripts/gate.py	2026-09-08T15:18:30.1267400Z running 4 tests
gate (macos-15)	Run python3 scripts/gate.py	2026-09-08T15:18:30.1618340Z test callback_panics_do_not_orphan_children_or_break_other_sessions ... ok
gate (macos-15)	Run python3 scripts/gate.py	2026-09-08T15:18:30.1723810Z test symlinks_cannot_escape_allowed_launch_roots ... ok
gate (macos-15)	Run python3 scripts/gate.py	2026-09-08T15:18:30.2159160Z test stalled_input_times_out_with_partial_ack_and_retains_no_admission ... ok
gate (macos-15)	Run python3 scripts/gate.py	2026-09-08T15:18:30.2865890Z      Running tests/scheduling_adversarial.rs (target/debug/deps/scheduling_adversarial-8a97cfae7ffff697)
gate (macos-15)	Run python3 scripts/gate.py	2026-09-08T15:18:30.2866610Z test simultaneous_producers_deliver_complete_bytes_and_quiet_cancel_remains_live ... ok
gate (macos-15)	Run python3 scripts/gate.py	2026-09-08T15:18:30.2871190Z 
gate (macos-15)	Run python3 scripts/gate.py	2026-09-08T15:18:30.2871560Z test result: ok. 4 passed; 0 failed; 0 ignored; 0 measured; 0 filtered out; finished in 0.16s
gate (macos-15)	Run python3 scripts/gate.py	2026-09-08T15:18:30.2871960Z 
gate (macos-15)	Run python3 scripts/gate.py	2026-09-08T15:18:30.2907760Z 
gate (macos-15)	Run python3 scripts/gate.py	2026-09-08T15:18:30.2911150Z running 4 tests
gate (macos-15)	Run python3 scripts/gate.py	2026-09-08T15:18:30.2911870Z test excessive_worker_counts_are_rejected_before_thread_creation ... ok
gate (macos-15)	Run python3 scripts/gate.py	2026-09-08T15:18:30.2912460Z test impossible_blocking_queue_bound_returns_error_without_panicking ... ok
gate (macos-15)	Run python3 scripts/gate.py	2026-09-08T15:18:30.2913090Z test impossible_registration_bounds_return_errors_without_panicking ... ok
gate (macos-15)	Run python3 scripts/gate.py	2026-09-08T15:18:30.2913680Z test callback_owner_destructor_panic_does_not_destroy_worker_capacity ... ok
gate (macos-15)	Run python3 scripts/gate.py	2026-09-08T15:18:30.2914100Z 
gate (macos-15)	Run python3 scripts/gate.py	2026-09-08T15:18:30.2914440Z test result: ok. 4 passed; 0 failed; 0 ignored; 0 measured; 0 filtered out; finished in 0.00s
gate (macos-15)	Run python3 scripts/gate.py	2026-09-08T15:18:30.2915170Z 
gate (macos-15)	Run python3 scripts/gate.py	2026-09-08T15:18:30.2915960Z      Running tests/scheduling_blocking.rs (target/debug/deps/scheduling_blocking-b759acd1c2e9f113)
gate (macos-15)	Run python3 scripts/gate.py	2026-09-08T15:18:30.2962740Z 
gate (macos-15)	Run python3 scripts/gate.py	2026-09-08T15:18:30.2993430Z running 3 tests
gate (macos-15)	Run python3 scripts/gate.py	2026-09-08T15:18:30.2999180Z test capacity_generation_preserves_early_notifications ... ok
gate (macos-15)	Run python3 scripts/gate.py	2026-09-08T15:18:30.2999980Z test blocked_job_admission_is_bounded_and_shutdown_drains_accepted_jobs ... ok
gate (macos-15)	Run python3 scripts/gate.py	2026-09-08T15:18:30.3000610Z test job_panic_does_not_kill_worker_and_drop_joins_work ... ok
gate (macos-15)	Run python3 scripts/gate.py	2026-09-08T15:18:30.3001410Z 
gate (macos-15)	Run python3 scripts/gate.py	2026-09-08T15:18:30.3001770Z test result: ok. 3 passed; 0 failed; 0 ignored; 0 measured; 0 filtered out; finished in 0.00s
gate (macos-15)	Run python3 scripts/gate.py	2026-09-08T15:18:30.3003520Z 
gate (macos-15)	Run python3 scripts/gate.py	2026-09-08T15:18:30.3005210Z      Running tests/scheduling_pool.rs (target/debug/deps/scheduling_pool-571cb28b29047d52)
gate (macos-15)	Run python3 scripts/gate.py	2026-09-08T15:18:30.3036520Z 
gate (macos-15)	Run python3 scripts/gate.py	2026-09-08T15:18:30.3041670Z running 5 tests
gate (macos-15)	Run python3 scripts/gate.py	2026-09-08T15:18:30.3048220Z test registration_caps_handle_drop_and_weak_drop_reclaim_slots ... ok
gate (macos-15)	Run python3 scripts/gate.py	2026-09-08T15:18:30.3049550Z test callback_can_request_shutdown_without_self_join ... ok
gate (macos-15)	Run python3 scripts/gate.py	2026-09-08T15:18:30.3050610Z test panic_reports_failure_and_other_work_continues ... ok
gate (macos-15)	Run python3 scripts/gate.py	2026-09-08T15:18:30.3051920Z test running_wakes_coalesce_without_overlap_and_close_releases_after_run ... ok
gate (macos-15)	Run python3 scripts/gate.py	2026-09-08T15:18:30.3908560Z test timer_fires_without_external_wake_and_finished_closes_handle ... ok
gate (macos-15)	Run python3 scripts/gate.py	2026-09-08T15:18:30.3912530Z      Running tests/terminal_bounds.rs (target/debug/deps/terminal_bounds-4929709e2a2e2997)
gate (macos-15)	Run python3 scripts/gate.py	2026-09-08T15:18:30.3913490Z 
gate (macos-15)	Run python3 scripts/gate.py	2026-09-08T15:18:30.3921520Z test result: ok. 5 passed; 0 failed; 0 ignored; 0 measured; 0 filtered out; finished in 0.09s
gate (macos-15)	Run python3 scripts/gate.py	2026-09-08T15:18:30.3922700Z 
gate (macos-15)	Run python3 scripts/gate.py	2026-09-08T15:18:30.3959170Z 
gate (macos-15)	Run python3 scripts/gate.py	2026-09-08T15:18:30.3962650Z running 5 tests
gate (macos-15)	Run python3 scripts/gate.py	2026-09-08T15:18:30.4129850Z test chunk_admission_does_not_mutate_and_reply_overflow_invalidates_projection ... ok
gate (macos-15)	Run python3 scripts/gate.py	2026-09-08T15:18:30.4511600Z test rejects_invalid_dimensions_config_and_incompatible_checkpoints ... ok
gate (macos-15)	Run python3 scripts/gate.py	2026-09-08T15:18:30.4613680Z test checkpoint_and_native_allocations_are_bounded ... ok
gate (macos-15)	Run python3 scripts/gate.py	2026-09-08T15:18:30.4716300Z test corrupted_and_truncated_snapshots_never_complete_successfully ... ok
gate (macos-15)	Run python3 scripts/gate.py	2026-09-08T15:18:30.4914980Z      Running tests/terminal_contract.rs (target/debug/deps/terminal_contract-f2a70ac40af86072)
gate (macos-15)	Run python3 scripts/gate.py	2026-09-08T15:18:30.4916350Z test view_and_parser_continuation_have_explicit_budgets ... ok
gate (macos-15)	Run python3 scripts/gate.py	2026-09-08T15:18:30.4923450Z 
gate (macos-15)	Run python3 scripts/gate.py	2026-09-08T15:18:30.4925160Z test result: ok. 5 passed; 0 failed; 0 ignored; 0 measured; 0 filtered out; finished in 0.09s
gate (macos-15)	Run python3 scripts/gate.py	2026-09-08T15:18:30.4954390Z 
gate (macos-15)	Run python3 scripts/gate.py	2026-09-08T15:18:30.4959690Z 
gate (macos-15)	Run python3 scripts/gate.py	2026-09-08T15:18:30.4961140Z running 6 tests
gate (macos-15)	Run python3 scripts/gate.py	2026-09-08T15:18:30.5070100Z test incremental_text_styles_modes_cursor_and_ordered_resize ... ok
gate (macos-15)	Run python3 scripts/gate.py	2026-09-08T15:18:30.5209260Z test palette_and_default_color_overrides_are_domain_values ... ok
gate (macos-15)	Run python3 scripts/gate.py	2026-09-08T15:18:30.6759720Z test compression_preserves_wide_combining_text_and_full_history ... ok
gate (macos-15)	Run python3 scripts/gate.py	2026-09-08T15:18:32.0183150Z test terminal_owner_can_move_threads_and_drop_with_pending_history ... ok
gate (macos-15)	Run python3 scripts/gate.py	2026-09-08T15:18:32.8056630Z test checkpoints_preserve_parser_continuation_and_uninterrupted_state ... ok
gate (macos-15)	Run python3 scripts/gate.py	2026-09-08T15:18:33.3732540Z test ready_fences_mutations_to_preserve_one_hundred_thousand_history_lines ... ok
gate (macos-15)	Run python3 scripts/gate.py	2026-09-08T15:18:33.3832290Z 
gate (macos-15)	Run python3 scripts/gate.py	2026-09-08T15:18:33.3934900Z test result: ok. 6 passed; 0 failed; 0 ignored; 0 measured; 0 filtered out; finished in 2.88s
gate (macos-15)	Run python3 scripts/gate.py	2026-09-08T15:18:33.4034020Z 
gate (macos-15)	Run python3 scripts/gate.py	2026-09-08T15:18:33.4113410Z + cargo test --locked --workspace --no-default-features
gate (macos-15)	Run python3 scripts/gate.py	2026-09-08T15:18:33.4727040Z    Compiling pty-runtime-infrastructure v0.1.0 (/Users/runner/work/pty-runtime/pty-runtime/crates/infrastructure)
gate (macos-15)	Run python3 scripts/gate.py	2026-09-08T15:18:34.3774630Z    Compiling pty-runtime v0.1.0 (/Users/runner/work/pty-runtime/pty-runtime)
gate (macos-15)	Run python3 scripts/gate.py	2026-09-08T15:18:40.7065260Z     Finished `test` profile [unoptimized + debuginfo] target(s) in 7.28s
gate (macos-15)	Run python3 scripts/gate.py	2026-09-08T15:18:40.7127590Z      Running unittests src/lib.rs (target/debug/deps/pty_runtime-5dba98ac6f80a463)
gate (macos-15)	Run python3 scripts/gate.py	2026-09-08T15:18:40.7160170Z 
gate (macos-15)	Run python3 scripts/gate.py	2026-09-08T15:18:40.7161310Z running 0 tests
gate (macos-15)	Run python3 scripts/gate.py	2026-09-08T15:18:40.7162720Z      Running tests/ddd_spawn_failure.rs (target/debug/deps/ddd_spawn_failure-12630734fa773342)
gate (macos-15)	Run python3 scripts/gate.py	2026-09-08T15:18:40.7163510Z 
gate (macos-15)	Run python3 scripts/gate.py	2026-09-08T15:18:40.7163860Z test result: ok. 0 passed; 0 failed; 0 ignored; 0 measured; 0 filtered out; finished in 0.00s
gate (macos-15)	Run python3 scripts/gate.py	2026-09-08T15:18:40.7164250Z 
gate (macos-15)	Run python3 scripts/gate.py	2026-09-08T15:18:40.7191650Z 
gate (macos-15)	Run python3 scripts/gate.py	2026-09-08T15:18:40.7192000Z running 1 test
gate (macos-15)	Run python3 scripts/gate.py	2026-09-08T15:18:40.7196930Z test lookup_handle_obtained_during_failed_spawn_reaches_terminal_state ... ok
gate (macos-15)	Run python3 scripts/gate.py	2026-09-08T15:18:40.7198680Z      Running tests/default_parking.rs (target/debug/deps/default_parking-0b081737b1706926)
gate (macos-15)	Run python3 scripts/gate.py	2026-09-08T15:18:40.7199510Z 
gate (macos-15)	Run python3 scripts/gate.py	2026-09-08T15:18:40.7200130Z test result: ok. 1 passed; 0 failed; 0 ignored; 0 measured; 0 filtered out; finished in 0.00s
gate (macos-15)	Run python3 scripts/gate.py	2026-09-08T15:18:40.7201070Z 
gate (macos-15)	Run python3 scripts/gate.py	2026-09-08T15:18:40.7231540Z 
gate (macos-15)	Run python3 scripts/gate.py	2026-09-08T15:18:40.7233380Z running 0 tests
gate (macos-15)	Run python3 scripts/gate.py	2026-09-08T15:18:40.7233550Z 
gate (macos-15)	Run python3 scripts/gate.py	2026-09-08T15:18:40.7234040Z test result: ok. 0 passed; 0 failed; 0 ignored; 0 measured; 0 filtered out; finished in 0.00s
gate (macos-15)	Run python3 scripts/gate.py	2026-09-08T15:18:40.7234440Z 
gate (macos-15)	Run python3 scripts/gate.py	2026-09-08T15:18:40.7236700Z      Running tests/input_reservation.rs (target/debug/deps/input_reservation-bd839dca7d495e87)
gate (macos-15)	Run python3 scripts/gate.py	2026-09-08T15:18:40.7264910Z 
gate (macos-15)	Run python3 scripts/gate.py	2026-09-08T15:18:40.7265160Z running 1 test
gate (macos-15)	Run python3 scripts/gate.py	2026-09-08T15:18:40.7269810Z test global_bytes_and_slots_survive_abandoned_wait_and_release_on_adapter_completion ... ok
gate (macos-15)	Run python3 scripts/gate.py	2026-09-08T15:18:40.7270240Z 
gate (macos-15)	Run python3 scripts/gate.py	2026-09-08T15:18:40.7270490Z test result: ok. 1 passed; 0 failed; 0 ignored; 0 measured; 0 filtered out; finished in 0.00s
gate (macos-15)	Run python3 scripts/gate.py	2026-09-08T15:18:40.7270850Z 
gate (macos-15)	Run python3 scripts/gate.py	2026-09-08T15:18:40.7271480Z      Running tests/process_handle_resources.rs (target/debug/deps/process_handle_resources-e5f80fd473b48d5c)
gate (macos-15)	Run python3 scripts/gate.py	2026-09-08T15:18:40.7299660Z 
gate (macos-15)	Run python3 scripts/gate.py	2026-09-08T15:18:40.7300200Z running 1 test
gate (macos-15)	Run python3 scripts/gate.py	2026-09-08T15:18:40.7798910Z test completed_old_handles_do_not_keep_process_wake_descriptors ... ok
gate (macos-15)	Run python3 scripts/gate.py	2026-09-08T15:18:40.7799340Z 
gate (macos-15)	Run python3 scripts/gate.py	2026-09-08T15:18:40.7799640Z test result: ok. 1 passed; 0 failed; 0 ignored; 0 measured; 0 filtered out; finished in 0.05s
gate (macos-15)	Run python3 scripts/gate.py	2026-09-08T15:18:40.7799980Z 
gate (macos-15)	Run python3 scripts/gate.py	2026-09-08T15:18:40.7800620Z      Running tests/projected_runtime.rs (target/debug/deps/projected_runtime-622d268d2c78bece)
gate (macos-15)	Run python3 scripts/gate.py	2026-09-08T15:18:40.7827810Z 
gate (macos-15)	Run python3 scripts/gate.py	2026-09-08T15:18:40.7828090Z running 0 tests
gate (macos-15)	Run python3 scripts/gate.py	2026-09-08T15:18:40.7828280Z 
gate (macos-15)	Run python3 scripts/gate.py	2026-09-08T15:18:40.7828550Z test result: ok. 0 passed; 0 failed; 0 ignored; 0 measured; 0 filtered out; finished in 0.00s
gate (macos-15)	Run python3 scripts/gate.py	2026-09-08T15:18:40.7829920Z 
gate (macos-15)	Run python3 scripts/gate.py	2026-09-08T15:18:40.7830260Z      Running tests/projection_cleanup_outcome.rs (target/debug/deps/projection_cleanup_outcome-5e817fd5220f474d)
gate (macos-15)	Run python3 scripts/gate.py	2026-09-08T15:18:40.7857290Z 
gate (macos-15)	Run python3 scripts/gate.py	2026-09-08T15:18:40.7857840Z running 2 tests
gate (macos-15)	Run python3 scripts/gate.py	2026-09-08T15:18:40.7860810Z test domain_session_validation_rejects_incompatible_projection_admission ... ok
gate (macos-15)	Run python3 scripts/gate.py	2026-09-08T15:18:40.8120020Z test forget_preserves_delete_and_uncertain_commit_failures_including_repeated_calls ... ok
gate (macos-15)	Run python3 scripts/gate.py	2026-09-08T15:18:40.8120640Z 
gate (macos-15)	Run python3 scripts/gate.py	2026-09-08T15:18:40.8120920Z test result: ok. 2 passed; 0 failed; 0 ignored; 0 measured; 0 filtered out; finished in 0.03s
gate (macos-15)	Run python3 scripts/gate.py	2026-09-08T15:18:40.8121210Z 
gate (macos-15)	Run python3 scripts/gate.py	2026-09-08T15:18:40.8122580Z      Running tests/projection_correctness.rs (target/debug/deps/projection_correctness-1d86fcd5f8c1088d)
gate (macos-15)	Run python3 scripts/gate.py	2026-09-08T15:18:40.8156730Z 
gate (macos-15)	Run python3 scripts/gate.py	2026-09-08T15:18:40.8158990Z running 4 tests
gate (macos-15)	Run python3 scripts/gate.py	2026-09-08T15:18:40.8168300Z test impossible_global_parser_budgets_reject_before_child_launch ... ok
gate (macos-15)	Run python3 scripts/gate.py	2026-09-08T15:18:40.8239040Z test shutdown_closes_model_with_completed_request_wait_retained ... ok
gate (macos-15)	Run python3 scripts/gate.py	2026-09-08T15:18:40.8239720Z test resize_panic_during_close_keeps_cleanup_scheduled ... ok
gate (macos-15)	Run python3 scripts/gate.py	2026-09-08T15:18:40.8241930Z test process_future_panic_does_not_strand_runtime_shutdown ... ok
gate (macos-15)	Run python3 scripts/gate.py	2026-09-08T15:18:40.8242270Z 
gate (macos-15)	Run python3 scripts/gate.py	2026-09-08T15:18:40.8242610Z test result: ok. 4 passed; 0 failed; 0 ignored; 0 measured; 0 filtered out; finished in 0.01s
gate (macos-15)	Run python3 scripts/gate.py	2026-09-08T15:18:40.8243020Z 
gate (macos-15)	Run python3 scripts/gate.py	2026-09-08T15:18:40.8245030Z      Running tests/raw_adversarial.rs (target/debug/deps/raw_adversarial-2ee203e4feb5374a)
gate (macos-15)	Run python3 scripts/gate.py	2026-09-08T15:18:40.8276780Z 
gate (macos-15)	Run python3 scripts/gate.py	2026-09-08T15:18:40.8277150Z running 1 test
gate (macos-15)	Run python3 scripts/gate.py	2026-09-08T15:18:40.8342670Z test dropping_polled_pending_waits_releases_admission_and_preserves_cursor ... ok
gate (macos-15)	Run python3 scripts/gate.py	2026-09-08T15:18:40.8342990Z 
gate (macos-15)	Run python3 scripts/gate.py	2026-09-08T15:18:40.8343350Z test result: ok. 1 passed; 0 failed; 0 ignored; 0 measured; 0 filtered out; finished in 0.01s
gate (macos-15)	Run python3 scripts/gate.py	2026-09-08T15:18:40.8343730Z 
gate (macos-15)	Run python3 scripts/gate.py	2026-09-08T15:18:40.8344160Z      Running tests/raw_child_contract.rs (target/debug/deps/raw_child_contract-0d916ad27a6bd595)
gate (macos-15)	Run python3 scripts/gate.py	2026-09-08T15:18:40.8374900Z 
gate (macos-15)	Run python3 scripts/gate.py	2026-09-08T15:18:40.8375510Z running 2 tests
gate (macos-15)	Run python3 scripts/gate.py	2026-09-08T15:18:40.8451000Z test merged_stdout_stderr_preserves_binary_bytes_through_public_observer ... ok
gate (macos-15)	Run python3 scripts/gate.py	2026-09-08T15:18:40.8548020Z test explicit_environment_literal_args_canonical_cwd_and_ordered_resize_reach_real_child ... ok
gate (macos-15)	Run python3 scripts/gate.py	2026-09-08T15:18:40.8548410Z 
gate (macos-15)	Run python3 scripts/gate.py	2026-09-08T15:18:40.8548780Z test result: ok. 2 passed; 0 failed; 0 ignored; 0 measured; 0 filtered out; finished in 0.02s
gate (macos-15)	Run python3 scripts/gate.py	2026-09-08T15:18:40.8549990Z      Running tests/raw_completion.rs (target/debug/deps/raw_completion-975fc9c83d790327)
gate (macos-15)	Run python3 scripts/gate.py	2026-09-08T15:18:40.8550280Z 
gate (macos-15)	Run python3 scripts/gate.py	2026-09-08T15:18:40.8591430Z 
gate (macos-15)	Run python3 scripts/gate.py	2026-09-08T15:18:40.8592080Z running 1 test
gate (macos-15)	Run python3 scripts/gate.py	2026-09-08T15:18:40.8790350Z test signal_death_and_descendant_drain_never_become_fabricated_success ... ok
gate (macos-15)	Run python3 scripts/gate.py	2026-09-08T15:18:40.8791620Z 
gate (macos-15)	Run python3 scripts/gate.py	2026-09-08T15:18:40.8793140Z test result: ok. 1 passed; 0 failed; 0 ignored; 0 measured; 0 filtered out; finished in 0.02s
gate (macos-15)	Run python3 scripts/gate.py	2026-09-08T15:18:40.8795070Z      Running tests/raw_registration.rs (target/debug/deps/raw_registration-99f2b26436439a84)
gate (macos-15)	Run python3 scripts/gate.py	2026-09-08T15:18:40.8795970Z 
gate (macos-15)	Run python3 scripts/gate.py	2026-09-08T15:18:40.8827630Z 
gate (macos-15)	Run python3 scripts/gate.py	2026-09-08T15:18:40.8828070Z running 1 test
gate (macos-15)	Run python3 scripts/gate.py	2026-09-08T15:18:40.8904690Z test simultaneous_duplicate_calls_launch_once_even_after_completion_until_forgetting ... ok
gate (macos-15)	Run python3 scripts/gate.py	2026-09-08T15:18:40.8905760Z      Running tests/raw_runtime.rs (target/debug/deps/raw_runtime-854a3ca906334d60)
gate (macos-15)	Run python3 scripts/gate.py	2026-09-08T15:18:40.8906270Z 
gate (macos-15)	Run python3 scripts/gate.py	2026-09-08T15:18:40.8906740Z test result: ok. 1 passed; 0 failed; 0 ignored; 0 measured; 0 filtered out; finished in 0.01s
gate (macos-15)	Run python3 scripts/gate.py	2026-09-08T15:18:40.8907360Z 
gate (macos-15)	Run python3 scripts/gate.py	2026-09-08T15:18:40.8935600Z 
gate (macos-15)	Run python3 scripts/gate.py	2026-09-08T15:18:40.8941740Z running 4 tests
gate (macos-15)	Run python3 scripts/gate.py	2026-09-08T15:18:40.8982570Z test admission_bounds_and_owner_drop_preserve_explicit_completion ... ok
gate (macos-15)	Run python3 scripts/gate.py	2026-09-08T15:18:40.8996790Z test detach_and_cancelled_observation_preserve_live_process_and_cursor ... ok
gate (macos-15)	Run python3 scripts/gate.py	2026-09-08T15:18:40.9008740Z test synthetic_input_is_not_echoed_or_exposed_in_debug ... ok
gate (macos-15)	Run python3 scripts/gate.py	2026-09-08T15:18:40.9023990Z test raw_suffix_gap_completion_and_completed_id_are_stable ... ok
gate (macos-15)	Run python3 scripts/gate.py	2026-09-08T15:18:40.9024740Z 
gate (macos-15)	Run python3 scripts/gate.py	2026-09-08T15:18:40.9024940Z test result: ok. 4 passed; 0 failed; 0 ignored; 0 measured; 0 filtered out; finished in 0.01s
gate (macos-15)	Run python3 scripts/gate.py	2026-09-08T15:18:40.9025280Z 
gate (macos-15)	Run python3 scripts/gate.py	2026-09-08T15:18:40.9025560Z      Running tests/runtime_performance.rs (target/debug/deps/runtime_performance-3c15e4ebf3c8cfaf)
gate (macos-15)	Run python3 scripts/gate.py	2026-09-08T15:18:40.9053120Z 
gate (macos-15)	Run python3 scripts/gate.py	2026-09-08T15:18:40.9053490Z running 0 tests
gate (macos-15)	Run python3 scripts/gate.py	2026-09-08T15:18:40.9053780Z 
gate (macos-15)	Run python3 scripts/gate.py	2026-09-08T15:18:40.9055290Z test result: ok. 0 passed; 0 failed; 0 ignored; 0 measured; 0 filtered out; finished in 0.00s
gate (macos-15)	Run python3 scripts/gate.py	2026-09-08T15:18:40.9055960Z      Running unittests src/lib.rs (target/debug/deps/pty_runtime_application-fe125b4250f4aa0f)
gate (macos-15)	Run python3 scripts/gate.py	2026-09-08T15:18:40.9056300Z 
gate (macos-15)	Run python3 scripts/gate.py	2026-09-08T15:18:40.9095030Z 
gate (macos-15)	Run python3 scripts/gate.py	2026-09-08T15:18:40.9096220Z running 21 tests
gate (macos-15)	Run python3 scripts/gate.py	2026-09-08T15:18:40.9096890Z test projection::tests::cleanup::close_progresses_with_every_normal_request_slot_held ... ok
gate (macos-15)	Run python3 scripts/gate.py	2026-09-08T15:18:40.9097590Z test projection::tests::cleanup::close_during_pending_commit_deletes_late_result_and_releases_services ... ok
gate (macos-15)	Run python3 scripts/gate.py	2026-09-08T15:18:40.9098300Z test projection::tests::cleanup::authentication_failure_retains_only_source_and_close_releases_pool_handles ... ok
gate (macos-15)	Run python3 scripts/gate.py	2026-09-08T15:18:40.9099690Z test projection::tests::cleanup::failed_restore_retains_source_and_bounded_unprocessed_output_without_empty_model ... ok
gate (macos-15)	Run python3 scripts/gate.py	2026-09-08T15:18:40.9103650Z test projection::tests::cleanup::failed_storage_has_finite_retries_and_retains_original_live_model ... ok
gate (macos-15)	Run python3 scripts/gate.py	2026-09-08T15:18:40.9104420Z test projection::tests::cleanup::permanent_delete_failure_closes_truthfully_and_stays_charged_in_bounded_ledger ... ok
gate (macos-15)	Run python3 scripts/gate.py	2026-09-08T15:18:40.9105140Z test projection::tests::cleanup::rejected_blocking_admission_schedules_bounded_retry_without_losing_model ... ok
gate (macos-15)	Run python3 scripts/gate.py	2026-09-08T15:18:40.9105880Z test projection::tests::cleanup::scheduler_shutdown_fallback_finishes_late_commit_without_retaining_services ... ok
gate (macos-15)	Run python3 scripts/gate.py	2026-09-08T15:18:40.9106570Z test projection::tests::cleanup::uncertain_commits_stay_charged_and_report_failure_on_every_close ... ok
gate (macos-15)	Run python3 scripts/gate.py	2026-09-08T15:18:40.9107250Z test projection::tests::parking::output_during_commit_retains_model_and_cleanup_does_not_block_feed ... ok
gate (macos-15)	Run python3 scripts/gate.py	2026-09-08T15:18:40.9107990Z test projection::tests::parking::idle_park_restore_orders_bytes_resize_history_and_single_authoritative_reply ... ok
gate (macos-15)	Run python3 scripts/gate.py	2026-09-08T15:18:40.9108680Z test projection::tests::parking::parked_transfer_pin_uses_saved_source_without_native_restore ... ok
gate (macos-15)	Run python3 scripts/gate.py	2026-09-08T15:18:40.9109270Z test projection::tests::parking::ready_view_captures_its_own_history_and_exact_order_boundary ... ok
gate (macos-15)	Run python3 scripts/gate.py	2026-09-08T15:18:40.9110440Z test projection::tests::parking::output_during_encode_is_bounded_and_stale_commit_never_releases_live_model ... ok
gate (macos-15)	Run python3 scripts/gate.py	2026-09-08T15:18:40.9111070Z test projection::tests::pressure::copied_views_retain_global_memory_admission_until_consumer_drop ... ok
gate (macos-15)	Run python3 scripts/gate.py	2026-09-08T15:18:40.9111770Z test projection::tests::pressure::generated_reply_waits_for_single_writer_admission_without_refeeding_or_duplicate_send ... ok
gate (macos-15)	Run python3 scripts/gate.py	2026-09-08T15:18:40.9112530Z test projection::tests::pressure::independent_parser_admission_is_all_or_none_and_early_capacity_notice_survives ... ok
gate (macos-15)	Run python3 scripts/gate.py	2026-09-08T15:18:40.9113190Z test projection::tests::pressure::global_parser_capacity_released_by_another_session_wakes_waiter ... ok
gate (macos-15)	Run python3 scripts/gate.py	2026-09-08T15:18:40.9113870Z test projection::tests::pressure::partial_generated_reply_fails_projection_and_is_never_resent ... ok
gate (macos-15)	Run python3 scripts/gate.py	2026-09-08T15:18:40.9114630Z test projection::tests::pressure::native_feed_panic_preserves_unprocessed_staging_and_rejects_projection_operations ... ok
gate (macos-15)	Run python3 scripts/gate.py	2026-09-08T15:18:40.9115400Z test projection::tests::pressure::resident_checkpoint_pin_reserves_plaintext_even_when_protection_bound_is_smaller ... ok
gate (macos-15)	Run python3 scripts/gate.py	2026-09-08T15:18:40.9115830Z 
gate (macos-15)	Run python3 scripts/gate.py	2026-09-08T15:18:40.9116030Z test result: ok. 21 passed; 0 failed; 0 ignored; 0 measured; 0 filtered out; finished in 0.00s
gate (macos-15)	Run python3 scripts/gate.py	2026-09-08T15:18:40.9116360Z 
gate (macos-15)	Run python3 scripts/gate.py	2026-09-08T15:18:40.9116610Z      Running unittests src/lib.rs (target/debug/deps/pty_runtime_domain-53f1a539f3ca9b2a)
gate (macos-15)	Run python3 scripts/gate.py	2026-09-08T15:18:40.9133140Z 
gate (macos-15)	Run python3 scripts/gate.py	2026-09-08T15:18:40.9134760Z running 17 tests
gate (macos-15)	Run python3 scripts/gate.py	2026-09-08T15:18:40.9135960Z test identity::tests::identity_enforces_byte_limit_and_control_policy ... ok
gate (macos-15)	Run python3 scripts/gate.py	2026-09-08T15:18:40.9137350Z test identity::tests::identity_equality_is_literal_and_lifetimes_include_both_parts ... ok
gate (macos-15)	Run python3 scripts/gate.py	2026-09-08T15:18:40.9138750Z test identity::tests::accepted_identity_discards_excess_owned_capacity_and_redacts ... ok
gate (macos-15)	Run python3 scripts/gate.py	2026-09-08T15:18:40.9140120Z test process::tests::commands_are_literal_bounded_and_redacted ... ok
gate (macos-15)	Run python3 scripts/gate.py	2026-09-08T15:18:40.9141360Z test process::tests::deadline_and_allocation_extremes_are_rejected ... ok
gate (macos-15)	Run python3 scripts/gate.py	2026-09-08T15:18:40.9142740Z test process::tests::environment_keys_validate_and_overrides_remain_last ... ok
gate (macos-15)	Run python3 scripts/gate.py	2026-09-08T15:18:40.9144020Z test projection::tests::close_rejects_late_commit_and_usable_completion_cannot_revive ... ok
gate (macos-15)	Run python3 scripts/gate.py	2026-09-08T15:18:40.9145390Z test projection::tests::failed_retries_are_bounded_until_real_mutation ... ok
gate (macos-15)	Run python3 scripts/gate.py	2026-09-08T15:18:40.9146770Z test projection::tests::invalid_policy_and_out_of_order_processed_controls_are_rejected ... ok
gate (macos-15)	Run python3 scripts/gate.py	2026-09-08T15:18:40.9148230Z test projection::tests::mutation_invalidates_parking_without_advancing_unprocessed_position ... ok
gate (macos-15)	Run python3 scripts/gate.py	2026-09-08T15:18:40.9149730Z test projection::tests::restoration_rejects_unadmitted_sources_and_preserves_failures ... ok
gate (macos-15)	Run python3 scripts/gate.py	2026-09-08T15:18:40.9150870Z test projection::tests::successful_parking_does_not_consume_failed_retry_budget ... ok
gate (macos-15)	Run python3 scripts/gate.py	2026-09-08T15:18:40.9151490Z test replay::tests::eviction_reports_gap_before_exact_suffix_and_reads_do_not_advance ... ok
gate (macos-15)	Run python3 scripts/gate.py	2026-09-08T15:18:40.9152050Z test replay::tests::identities_and_future_positions_are_validated_even_when_empty ... ok
gate (macos-15)	Run python3 scripts/gate.py	2026-09-08T15:18:40.9152640Z test replay::tests::offset_overflow_is_atomic_and_debug_redacts_content ... ok
gate (macos-15)	Run python3 scripts/gate.py	2026-09-08T15:18:40.9153200Z test replay::tests::zero_retention_and_global_eviction_keep_stream_position ... ok
gate (macos-15)	Run python3 scripts/gate.py	2026-09-08T15:18:40.9194340Z test replay::tests::chunking_matches_reference_suffix_across_capacities ... ok
gate (macos-15)	Run python3 scripts/gate.py	2026-09-08T15:18:40.9194710Z 
gate (macos-15)	Run python3 scripts/gate.py	2026-09-08T15:18:40.9194980Z test result: ok. 17 passed; 0 failed; 0 ignored; 0 measured; 0 filtered out; finished in 0.01s
gate (macos-15)	Run python3 scripts/gate.py	2026-09-08T15:18:40.9195350Z 
gate (macos-15)	Run python3 scripts/gate.py	2026-09-08T15:18:40.9195540Z      Running tests/replay_model.rs (target/debug/deps/replay_model-7d47b4b21cc3a474)
gate (macos-15)	Run python3 scripts/gate.py	2026-09-08T15:18:40.9223280Z 
gate (macos-15)	Run python3 scripts/gate.py	2026-09-08T15:18:40.9223580Z running 1 test
gate (macos-15)	Run python3 scripts/gate.py	2026-09-08T15:18:41.0722580Z test seeded_interleavings_match_an_append_only_ledger ... ok
gate (macos-15)	Run python3 scripts/gate.py	2026-09-08T15:18:41.0727380Z      Running unittests src/lib.rs (target/debug/deps/pty_runtime_infrastructure-06c475aec9df509e)
gate (macos-15)	Run python3 scripts/gate.py	2026-09-08T15:18:41.0729290Z 
gate (macos-15)	Run python3 scripts/gate.py	2026-09-08T15:18:41.0731530Z test result: ok. 1 passed; 0 failed; 0 ignored; 0 measured; 0 filtered out; finished in 0.15s
gate (macos-15)	Run python3 scripts/gate.py	2026-09-08T15:18:41.0732890Z 
gate (macos-15)	Run python3 scripts/gate.py	2026-09-08T15:18:41.0759090Z 
gate (macos-15)	Run python3 scripts/gate.py	2026-09-08T15:18:41.0766870Z running 8 tests
gate (macos-15)	Run python3 scripts/gate.py	2026-09-08T15:18:41.0825840Z test checkpoint::file::tests::failed_orphan_cleanup_retains_a_distinct_quota_charge ... ok
gate (macos-15)	Run python3 scripts/gate.py	2026-09-08T15:18:41.1148640Z test checkpoint::file::tests::concurrent_commit_reservation_cannot_exceed_quota ... ok
gate (macos-15)	Run python3 scripts/gate.py	2026-09-08T15:18:41.1160310Z test checkpoint::file::tests::renamed_namespace_drop_does_not_remove_unrelated_replacement ... ok
gate (macos-15)	Run python3 scripts/gate.py	2026-09-08T15:18:41.1206220Z test checkpoint::file::tests::partial_failed_writes_full_disk_and_zero_writes_clean_temporary_state ... ok
gate (macos-15)	Run python3 scripts/gate.py	2026-09-08T15:18:41.1210920Z test scheduling::blocking::tests::shutdown_joins_all_workers_and_releases_worker_state ... ok
gate (macos-15)	Run python3 scripts/gate.py	2026-09-08T15:18:41.1212930Z test scheduling::pool::tests::shutdown_joins_all_workers_and_releases_worker_state ... ok
gate (macos-15)	Run python3 scripts/gate.py	2026-09-08T15:18:41.1263290Z test process::spawn_barrier_tests::immediate_shutdown_reaps_existing_child_before_stalled_launch_finishes ... ok
gate (macos-15)	Run python3 scripts/gate.py	2026-09-08T15:18:41.1269400Z test process::spawn_barrier_tests::blocked_and_failed_spawn_does_not_delay_existing_controls_or_reaping ... ok
gate (macos-15)	Run python3 scripts/gate.py	2026-09-08T15:18:41.1270470Z 
gate (macos-15)	Run python3 scripts/gate.py	2026-09-08T15:18:41.1270990Z test result: ok. 8 passed; 0 failed; 0 ignored; 0 measured; 0 filtered out; finished in 0.05s
gate (macos-15)	Run python3 scripts/gate.py	2026-09-08T15:18:41.1271830Z 
gate (macos-15)	Run python3 scripts/gate.py	2026-09-08T15:18:41.1290100Z      Running tests/checkpoint_adversarial.rs (target/debug/deps/checkpoint_adversarial-1cec414af346b752)
gate (macos-15)	Run python3 scripts/gate.py	2026-09-08T15:18:41.1309640Z 
gate (macos-15)	Run python3 scripts/gate.py	2026-09-08T15:18:41.1311720Z running 4 tests
gate (macos-15)	Run python3 scripts/gate.py	2026-09-08T15:18:41.1356960Z test failed_namespace_construction_rolls_back_under_restrictive_umask ... ok
gate (macos-15)	Run python3 scripts/gate.py	2026-09-08T15:18:41.1361560Z test drop_does_not_remove_foreign_replacement_directory ... ok
gate (macos-15)	Run python3 scripts/gate.py	2026-09-08T15:18:41.1363270Z test permission_or_hardlink_change_rejects_read_without_exposing_payload ... ok
gate (macos-15)	Run python3 scripts/gate.py	2026-09-08T15:18:41.1385380Z test repeated_protection_uses_distinct_nonces_and_remains_authentic ... ok
gate (macos-15)	Run python3 scripts/gate.py	2026-09-08T15:18:41.1385790Z 
gate (macos-15)	Run python3 scripts/gate.py	2026-09-08T15:18:41.1386200Z test result: ok. 4 passed; 0 failed; 0 ignored; 0 measured; 0 filtered out; finished in 0.01s
gate (macos-15)	Run python3 scripts/gate.py	2026-09-08T15:18:41.1386730Z 
gate (macos-15)	Run python3 scripts/gate.py	2026-09-08T15:18:41.1392150Z      Running tests/checkpoint_contract.rs (target/debug/deps/checkpoint_contract-e1efefbfff11a4f9)
gate (macos-15)	Run python3 scripts/gate.py	2026-09-08T15:18:41.1426180Z 
gate (macos-15)	Run python3 scripts/gate.py	2026-09-08T15:18:41.1426560Z running 5 tests
gate (macos-15)	Run python3 scripts/gate.py	2026-09-08T15:18:41.1430020Z test injected_provider_same_contract ... ok
gate (macos-15)	Run python3 scripts/gate.py	2026-09-08T15:18:41.1437380Z test ciphertext_corruption_truncation_wrong_key_and_metadata_replay_rejected ... ok
gate (macos-15)	Run python3 scripts/gate.py	2026-09-08T15:18:41.1451210Z test existing_or_symlink_root_rejected_without_cleanup_of_foreign_content ... ok
gate (macos-15)	Run python3 scripts/gate.py	2026-09-08T15:18:41.1468590Z test real_disk_quota_short_reads_symlinks_and_corrupt_files ... ok
gate (macos-15)	Run python3 scripts/gate.py	2026-09-08T15:18:41.1482850Z test real_disk_contract_private_permissions_and_cleanup ... ok
gate (macos-15)	Run python3 scripts/gate.py	2026-09-08T15:18:41.1483130Z 
gate (macos-15)	Run python3 scripts/gate.py	2026-09-08T15:18:41.1483380Z test result: ok. 5 passed; 0 failed; 0 ignored; 0 measured; 0 filtered out; finished in 0.01s
gate (macos-15)	Run python3 scripts/gate.py	2026-09-08T15:18:41.1483720Z 
gate (macos-15)	Run python3 scripts/gate.py	2026-09-08T15:18:41.1485330Z      Running tests/checkpoint_opaque_envelope.rs (target/debug/deps/checkpoint_opaque_envelope-e161243bceaa20ca)
gate (macos-15)	Run python3 scripts/gate.py	2026-09-08T15:18:41.1514030Z 
gate (macos-15)	Run python3 scripts/gate.py	2026-09-08T15:18:41.1514410Z running 1 test
gate (macos-15)	Run python3 scripts/gate.py	2026-09-08T15:18:41.1528950Z test storage_roundtrips_short_opaque_envelope_without_cipher_assumptions ... ok
gate (macos-15)	Run python3 scripts/gate.py	2026-09-08T15:18:41.1529630Z 
gate (macos-15)	Run python3 scripts/gate.py	2026-09-08T15:18:41.1530010Z test result: ok. 1 passed; 0 failed; 0 ignored; 0 measured; 0 filtered out; finished in 0.00s
gate (macos-15)	Run python3 scripts/gate.py	2026-09-08T15:18:41.1530370Z 
gate (macos-15)	Run python3 scripts/gate.py	2026-09-08T15:18:41.1530790Z      Running tests/process_adversarial.rs (target/debug/deps/process_adversarial-f0ba7dd3d2cb640f)
gate (macos-15)	Run python3 scripts/gate.py	2026-09-08T15:18:41.1561330Z 
gate (macos-15)	Run python3 scripts/gate.py	2026-09-08T15:18:41.1561780Z running 1 test
gate (macos-15)	Run python3 scripts/gate.py	2026-09-08T15:18:41.1623540Z test failed_reader_terminates_long_lived_child_without_owner_shutdown ... ok
gate (macos-15)	Run python3 scripts/gate.py	2026-09-08T15:18:41.1624240Z 
gate (macos-15)	Run python3 scripts/gate.py	2026-09-08T15:18:41.1625190Z      Running tests/process_contract.rs (target/debug/deps/process_contract-a94189ce8c69e153)
gate (macos-15)	Run python3 scripts/gate.py	2026-09-08T15:18:41.1626130Z test result: ok. 1 passed; 0 failed; 0 ignored; 0 measured; 0 filtered out; finished in 0.01s
gate (macos-15)	Run python3 scripts/gate.py	2026-09-08T15:18:41.1626570Z 
gate (macos-15)	Run python3 scripts/gate.py	2026-09-08T15:18:41.1655060Z 
gate (macos-15)	Run python3 scripts/gate.py	2026-09-08T15:18:41.1656170Z running 7 tests
gate (macos-15)	Run python3 scripts/gate.py	2026-09-08T15:18:41.1723680Z test controlling_terminal_echo_off_ordered_input_and_real_exit ... ok
gate (macos-15)	Run python3 scripts/gate.py	2026-09-08T15:18:41.1781100Z test descendant_endpoint_has_bounded_drain_separate_from_exit ... ok
gate (macos-15)	Run python3 scripts/gate.py	2026-09-08T15:18:41.1904380Z test failed_spawn_releases_admission_and_drop_reaps_child ... ok
gate (macos-15)	Run python3 scripts/gate.py	2026-09-08T15:18:41.1958720Z test literal_arguments_empty_environment_overrides_and_canonical_roots ... ok
gate (macos-15)	Run python3 scripts/gate.py	2026-09-08T15:18:41.2025100Z test resize_and_quiet_reader_shutdown_are_interruptible ... ok
gate (macos-15)	Run python3 scripts/gate.py	2026-09-08T15:18:41.2180570Z test cancellation_bypasses_full_input_and_escalates_once ... ok
gate (macos-15)	Run python3 scripts/gate.py	2026-09-08T15:18:41.4363440Z      Running tests/process_handle_teardown.rs (target/debug/deps/process_handle_teardown-09130f35b302cdd7)
gate (macos-15)	Run python3 scripts/gate.py	2026-09-08T15:18:41.4364010Z test blocked_output_does_not_block_exit_or_shutdown ... ok
gate (macos-15)	Run python3 scripts/gate.py	2026-09-08T15:18:41.4463980Z 
gate (macos-15)	Run python3 scripts/gate.py	2026-09-08T15:18:41.4565990Z test result: ok. 7 passed; 0 failed; 0 ignored; 0 measured; 0 filtered out; finished in 0.26s
gate (macos-15)	Run python3 scripts/gate.py	2026-09-08T15:18:41.4681850Z 
gate (macos-15)	Run python3 scripts/gate.py	2026-09-08T15:18:41.4778570Z 
gate (macos-15)	Run python3 scripts/gate.py	2026-09-08T15:18:41.4879540Z running 1 test
gate (macos-15)	Run python3 scripts/gate.py	2026-09-08T15:18:41.6001220Z      Running tests/process_host_contract.rs (target/debug/deps/process_host_contract-a422ad2dd17b92eb)
gate (macos-15)	Run python3 scripts/gate.py	2026-09-08T15:18:41.6001830Z test retained_closed_handles_release_all_wake_descriptors ... ok
gate (macos-15)	Run python3 scripts/gate.py	2026-09-08T15:18:41.6121410Z 
gate (macos-15)	Run python3 scripts/gate.py	2026-09-08T15:18:41.6194380Z      Running tests/process_pressure.rs (target/debug/deps/process_pressure-6fc1c19c263c151f)
gate (macos-15)	Run python3 scripts/gate.py	2026-09-08T15:18:41.6195020Z test result: ok. 1 passed; 0 failed; 0 ignored; 0 measured; 0 filtered out; finished in 0.16s
gate (macos-15)	Run python3 scripts/gate.py	2026-09-08T15:18:41.6298750Z 
gate (macos-15)	Run python3 scripts/gate.py	2026-09-08T15:18:41.6510330Z 
gate (macos-15)	Run python3 scripts/gate.py	2026-09-08T15:18:41.6604040Z running 4 tests
gate (macos-15)	Run python3 scripts/gate.py	2026-09-08T15:18:41.6705550Z test sigchld_policy_fixture ... ignored, runs only inside the isolated host-policy subprocess
gate (macos-15)	Run python3 scripts/gate.py	2026-09-08T15:18:41.6807460Z test backend_drop_ignores_twenty_four_hour_grace_and_reaps ... ok
gate (macos-15)	Run python3 scripts/gate.py	2026-09-08T15:18:41.6910320Z test constructor_rejects_auto_reaping_policies_in_isolated_hosts ... ok
gate (macos-15)	Run python3 scripts/gate.py	2026-09-08T15:18:41.7012010Z test unexpected_reader_failure_kills_long_lived_child_without_grace_delay ... ok
gate (macos-15)	Run python3 scripts/gate.py	2026-09-08T15:18:41.7113350Z      Running tests/scheduling_adversarial.rs (target/debug/deps/scheduling_adversarial-cc799a1b44b239a9)
gate (macos-15)	Run python3 scripts/gate.py	2026-09-08T15:18:41.7113760Z 
gate (macos-15)	Run python3 scripts/gate.py	2026-09-08T15:18:41.7214680Z      Running tests/scheduling_blocking.rs (target/debug/deps/scheduling_blocking-54c59183b872966a)
gate (macos-15)	Run python3 scripts/gate.py	2026-09-08T15:18:41.7216260Z test result: ok. 3 passed; 0 failed; 1 ignored; 0 measured; 0 filtered out; finished in 0.01s
gate (macos-15)	Run python3 scripts/gate.py	2026-09-08T15:18:41.7317550Z      Running tests/scheduling_pool.rs (target/debug/deps/scheduling_pool-060e7b16073365c7)
gate (macos-15)	Run python3 scripts/gate.py	2026-09-08T15:18:41.7317990Z 
gate (macos-15)	Run python3 scripts/gate.py	2026-09-08T15:18:41.7419110Z 
gate (macos-15)	Run python3 scripts/gate.py	2026-09-08T15:18:41.7520960Z running 4 tests
gate (macos-15)	Run python3 scripts/gate.py	2026-09-08T15:18:41.7620840Z      Running tests/terminal_bounds.rs (target/debug/deps/terminal_bounds-232cc4a2d51afcbf)
gate (macos-15)	Run python3 scripts/gate.py	2026-09-08T15:18:41.7621500Z test callback_panics_do_not_orphan_children_or_break_other_sessions ... ok
gate (macos-15)	Run python3 scripts/gate.py	2026-09-08T15:18:41.7675060Z      Running tests/terminal_contract.rs (target/debug/deps/terminal_contract-de28c1c48c296b84)
gate (macos-15)	Run python3 scripts/gate.py	2026-09-08T15:18:41.7675660Z test symlinks_cannot_escape_allowed_launch_roots ... ok
gate (macos-15)	Run python3 scripts/gate.py	2026-09-08T15:18:41.7676550Z    Doc-tests pty_runtime
gate (macos-15)	Run python3 scripts/gate.py	2026-09-08T15:18:41.7676900Z test stalled_input_times_out_with_partial_ack_and_retains_no_admission ... ok
gate (macos-15)	Run python3 scripts/gate.py	2026-09-08T15:18:41.7678120Z test simultaneous_producers_deliver_complete_bytes_and_quiet_cancel_remains_live ... ok
gate (macos-15)	Run python3 scripts/gate.py	2026-09-08T15:18:41.7684100Z 
gate (macos-15)	Run python3 scripts/gate.py	2026-09-08T15:18:41.7685380Z test result: ok. 4 passed; 0 failed; 0 ignored; 0 measured; 0 filtered out; finished in 0.09s
gate (macos-15)	Run python3 scripts/gate.py	2026-09-08T15:18:41.7762150Z 
gate (macos-15)	Run python3 scripts/gate.py	2026-09-08T15:18:41.7819060Z 
gate (macos-15)	Run python3 scripts/gate.py	2026-09-08T15:18:41.7839340Z running 4 tests
gate (macos-15)	Run python3 scripts/gate.py	2026-09-08T15:18:41.7840750Z test excessive_worker_counts_are_rejected_before_thread_creation ... ok
gate (macos-15)	Run python3 scripts/gate.py	2026-09-08T15:18:41.7842780Z test impossible_blocking_queue_bound_returns_error_without_panicking ... ok
gate (macos-15)	Run python3 scripts/gate.py	2026-09-08T15:18:41.7843970Z test impossible_registration_bounds_return_errors_without_panicking ... ok
gate (macos-15)	Run python3 scripts/gate.py	2026-09-08T15:18:41.7845110Z test callback_owner_destructor_panic_does_not_destroy_worker_capacity ... ok
gate (macos-15)	Run python3 scripts/gate.py	2026-09-08T15:18:41.7845830Z 
gate (macos-15)	Run python3 scripts/gate.py	2026-09-08T15:18:41.7846400Z test result: ok. 4 passed; 0 failed; 0 ignored; 0 measured; 0 filtered out; finished in 0.00s
gate (macos-15)	Run python3 scripts/gate.py	2026-09-08T15:18:41.7847210Z 
gate (macos-15)	Run python3 scripts/gate.py	2026-09-08T15:18:41.7847220Z 
gate (macos-15)	Run python3 scripts/gate.py	2026-09-08T15:18:41.7847390Z running 3 tests
gate (macos-15)	Run python3 scripts/gate.py	2026-09-08T15:18:41.7848110Z test capacity_generation_preserves_early_notifications ... ok
gate (macos-15)	Run python3 scripts/gate.py	2026-09-08T15:18:41.7849220Z test blocked_job_admission_is_bounded_and_shutdown_drains_accepted_jobs ... ok
gate (macos-15)	Run python3 scripts/gate.py	2026-09-08T15:18:41.7850280Z test job_panic_does_not_kill_worker_and_drop_joins_work ... ok
gate (macos-15)	Run python3 scripts/gate.py	2026-09-08T15:18:41.7850870Z 
gate (macos-15)	Run python3 scripts/gate.py	2026-09-08T15:18:41.7851440Z test result: ok. 3 passed; 0 failed; 0 ignored; 0 measured; 0 filtered out; finished in 0.00s
gate (macos-15)	Run python3 scripts/gate.py	2026-09-08T15:18:41.7852180Z 
gate (macos-15)	Run python3 scripts/gate.py	2026-09-08T15:18:41.7852260Z 
gate (macos-15)	Run python3 scripts/gate.py	2026-09-08T15:18:41.7852430Z running 5 tests
gate (macos-15)	Run python3 scripts/gate.py	2026-09-08T15:18:41.7853170Z test registration_caps_handle_drop_and_weak_drop_reclaim_slots ... ok
gate (macos-15)	Run python3 scripts/gate.py	2026-09-08T15:18:41.7854150Z test callback_can_request_shutdown_without_self_join ... ok
gate (macos-15)	Run python3 scripts/gate.py	2026-09-08T15:18:41.7855080Z test panic_reports_failure_and_other_work_continues ... ok
gate (macos-15)	Run python3 scripts/gate.py	2026-09-08T15:18:41.7856120Z test running_wakes_coalesce_without_overlap_and_close_releases_after_run ... ok
gate (macos-15)	Run python3 scripts/gate.py	2026-09-08T15:18:41.7857320Z test timer_fires_without_external_wake_and_finished_closes_handle ... ok
gate (macos-15)	Run python3 scripts/gate.py	2026-09-08T15:18:41.7858820Z 
gate (macos-15)	Run python3 scripts/gate.py	2026-09-08T15:18:41.7859380Z test result: ok. 5 passed; 0 failed; 0 ignored; 0 measured; 0 filtered out; finished in 0.03s
gate (macos-15)	Run python3 scripts/gate.py	2026-09-08T15:18:41.7860120Z 
gate (macos-15)	Run python3 scripts/gate.py	2026-09-08T15:18:41.7860130Z 
gate (macos-15)	Run python3 scripts/gate.py	2026-09-08T15:18:41.7860560Z running 0 tests
gate (macos-15)	Run python3 scripts/gate.py	2026-09-08T15:18:41.7860870Z 
gate (macos-15)	Run python3 scripts/gate.py	2026-09-08T15:18:41.7861420Z test result: ok. 0 passed; 0 failed; 0 ignored; 0 measured; 0 filtered out; finished in 0.00s
gate (macos-15)	Run python3 scripts/gate.py	2026-09-08T15:18:41.7862220Z 
gate (macos-15)	Run python3 scripts/gate.py	2026-09-08T15:18:41.7862240Z 
gate (macos-15)	Run python3 scripts/gate.py	2026-09-08T15:18:41.7862410Z running 0 tests
gate (macos-15)	Run python3 scripts/gate.py	2026-09-08T15:18:41.7862730Z 
gate (macos-15)	Run python3 scripts/gate.py	2026-09-08T15:18:41.7863320Z test result: ok. 0 passed; 0 failed; 0 ignored; 0 measured; 0 filtered out; finished in 0.00s
gate (macos-15)	Run python3 scripts/gate.py	2026-09-08T15:18:41.7864120Z 
gate (macos-15)	Run python3 scripts/gate.py	2026-09-08T15:18:41.8317710Z 
gate (macos-15)	Run python3 scripts/gate.py	2026-09-08T15:18:41.8318630Z running 0 tests
gate (macos-15)	Run python3 scripts/gate.py	2026-09-08T15:18:41.8318820Z 
gate (macos-15)	Run python3 scripts/gate.py	2026-09-08T15:18:41.8319240Z test result: ok. 0 passed; 0 failed; 0 ignored; 0 measured; 0 filtered out; finished in 0.00s
gate (macos-15)	Run python3 scripts/gate.py	2026-09-08T15:18:41.8319720Z 
gate (macos-15)	Run python3 scripts/gate.py	2026-09-08T15:18:41.8330100Z    Doc-tests pty_runtime_application
gate (macos-15)	Run python3 scripts/gate.py	2026-09-08T15:18:41.8908520Z 
gate (macos-15)	Run python3 scripts/gate.py	2026-09-08T15:18:41.8909630Z running 0 tests
gate (macos-15)	Run python3 scripts/gate.py	2026-09-08T15:18:41.8910050Z 
gate (macos-15)	Run python3 scripts/gate.py	2026-09-08T15:18:41.8910330Z test result: ok. 0 passed; 0 failed; 0 ignored; 0 measured; 0 filtered out; finished in 0.00s
gate (macos-15)	Run python3 scripts/gate.py	2026-09-08T15:18:41.8910660Z 
gate (macos-15)	Run python3 scripts/gate.py	2026-09-08T15:18:41.8920600Z    Doc-tests pty_runtime_domain
gate (macos-15)	Run python3 scripts/gate.py	2026-09-08T15:18:41.9368340Z 
gate (macos-15)	Run python3 scripts/gate.py	2026-09-08T15:18:41.9368690Z running 0 tests
gate (macos-15)	Run python3 scripts/gate.py	2026-09-08T15:18:41.9368870Z 
gate (macos-15)	Run python3 scripts/gate.py	2026-09-08T15:18:41.9369130Z test result: ok. 0 passed; 0 failed; 0 ignored; 0 measured; 0 filtered out; finished in 0.00s
gate (macos-15)	Run python3 scripts/gate.py	2026-09-08T15:18:41.9369450Z 
gate (macos-15)	Run python3 scripts/gate.py	2026-09-08T15:18:41.9379440Z    Doc-tests pty_runtime_infrastructure
gate (macos-15)	Run python3 scripts/gate.py	2026-09-08T15:18:41.9887670Z 
gate (macos-15)	Run python3 scripts/gate.py	2026-09-08T15:18:41.9888410Z running 0 tests
gate (macos-15)	Run python3 scripts/gate.py	2026-09-08T15:18:41.9888940Z 
gate (macos-15)	Run python3 scripts/gate.py	2026-09-08T15:18:41.9889170Z test result: ok. 0 passed; 0 failed; 0 ignored; 0 measured; 0 filtered out; finished in 0.00s
gate (macos-15)	Run python3 scripts/gate.py	2026-09-08T15:18:41.9889510Z 
gate (macos-15)	Run python3 scripts/gate.py	2026-09-08T15:18:41.9926430Z + cargo doc --locked --workspace --no-deps --all-features
gate (macos-15)	Run python3 scripts/gate.py	2026-09-08T15:18:42.0511080Z     Checking pty-runtime-domain v0.1.0 (/Users/runner/work/pty-runtime/pty-runtime/crates/domain)
gate (macos-15)	Run python3 scripts/gate.py	2026-09-08T15:18:42.0518400Z  Documenting pty-runtime-domain v0.1.0 (/Users/runner/work/pty-runtime/pty-runtime/crates/domain)
gate (macos-15)	Run python3 scripts/gate.py	2026-09-08T15:18:42.2333760Z     Checking pty-runtime-application v0.1.0 (/Users/runner/work/pty-runtime/pty-runtime/crates/application)
gate (macos-15)	Run python3 scripts/gate.py	2026-09-08T15:18:42.2337110Z  Documenting pty-runtime-application v0.1.0 (/Users/runner/work/pty-runtime/pty-runtime/crates/application)
gate (macos-15)	Run python3 scripts/gate.py	2026-09-08T15:18:42.6666150Z     Checking pty-runtime-infrastructure v0.1.0 (/Users/runner/work/pty-runtime/pty-runtime/crates/infrastructure)
gate (macos-15)	Run python3 scripts/gate.py	2026-09-08T15:18:42.7607220Z  Documenting pty-runtime-infrastructure v0.1.0 (/Users/runner/work/pty-runtime/pty-runtime/crates/infrastructure)
gate (macos-15)	Run python3 scripts/gate.py	2026-09-08T15:18:43.1300920Z     Checking pty-runtime v0.1.0 (/Users/runner/work/pty-runtime/pty-runtime)
gate (macos-15)	Run python3 scripts/gate.py	2026-09-08T15:18:43.1402880Z  Documenting pty-runtime v0.1.0 (/Users/runner/work/pty-runtime/pty-runtime)
gate (macos-15)	Run python3 scripts/gate.py	2026-09-08T15:18:43.8724670Z     Finished `dev` profile [unoptimized + debuginfo] target(s) in 1.85s
gate (macos-15)	Run python3 scripts/gate.py	2026-09-08T15:18:43.8739420Z    Generated /Users/runner/work/pty-runtime/pty-runtime/target/doc/pty_runtime/index.html and 4 other files
gate (macos-15)	Run python3 scripts/gate.py	2026-09-08T15:18:43.8753610Z + python3 scripts/performance.py
gate (macos-15)	Run python3 scripts/gate.py	2026-09-08T15:18:43.9276850Z Evidence directory: /Users/runner/work/pty-runtime/pty-runtime/work/runtime-performance/20260908T151843Z-218219c1
gate (macos-15)	Run python3 scripts/gate.py	2026-09-08T15:18:50.8200070Z    Compiling libc v0.2.189
gate (macos-15)	Run python3 scripts/gate.py	2026-09-08T15:18:50.8200470Z    Compiling version_check v0.9.5
gate (macos-15)	Run python3 scripts/gate.py	2026-09-08T15:18:50.8200700Z    Compiling typenum v1.20.1
gate (macos-15)	Run python3 scripts/gate.py	2026-09-08T15:18:50.8200930Z    Compiling generic-array v0.14.7
gate (macos-15)	Run python3 scripts/gate.py	2026-09-08T15:18:50.8201160Z    Compiling cfg-if v1.0.4
gate (macos-15)	Run python3 scripts/gate.py	2026-09-08T15:18:50.8201340Z    Compiling subtle v2.6.1
gate (macos-15)	Run python3 scripts/gate.py	2026-09-08T15:18:50.8201510Z    Compiling zeroize v1.9.0
gate (macos-15)	Run python3 scripts/gate.py	2026-09-08T15:18:50.8201700Z    Compiling opaque-debug v0.3.1
gate (macos-15)	Run python3 scripts/gate.py	2026-09-08T15:18:50.8202110Z    Compiling pty-runtime-infrastructure v0.1.0 (/Users/runner/work/pty-runtime/pty-runtime/crates/infrastructure)
gate (macos-15)	Run python3 scripts/gate.py	2026-09-08T15:18:50.8203220Z    Compiling getrandom v0.2.16
gate (macos-15)	Run python3 scripts/gate.py	2026-09-08T15:18:50.8203460Z    Compiling rand_core v0.6.4
gate (macos-15)	Run python3 scripts/gate.py	2026-09-08T15:18:50.8203640Z    Compiling futures-core v0.3.34
gate (macos-15)	Run python3 scripts/gate.py	2026-09-08T15:18:50.8203990Z    Compiling pty-runtime-domain v0.1.0 (/Users/runner/work/pty-runtime/pty-runtime/crates/domain)
gate (macos-15)	Run python3 scripts/gate.py	2026-09-08T15:18:50.8204380Z    Compiling futures-channel v0.3.34
gate (macos-15)	Run python3 scripts/gate.py	2026-09-08T15:18:50.8204590Z    Compiling crypto-common v0.1.7
gate (macos-15)	Run python3 scripts/gate.py	2026-09-08T15:18:50.8204790Z    Compiling inout v0.1.4
gate (macos-15)	Run python3 scripts/gate.py	2026-09-08T15:18:50.8204970Z    Compiling universal-hash v0.5.1
gate (macos-15)	Run python3 scripts/gate.py	2026-09-08T15:18:50.8205170Z    Compiling poly1305 v0.8.0
gate (macos-15)	Run python3 scripts/gate.py	2026-09-08T15:18:50.8205360Z    Compiling cipher v0.4.4
gate (macos-15)	Run python3 scripts/gate.py	2026-09-08T15:18:50.8205540Z    Compiling aead v0.5.2
gate (macos-15)	Run python3 scripts/gate.py	2026-09-08T15:18:50.8205710Z    Compiling chacha20 v0.9.1
gate (macos-15)	Run python3 scripts/gate.py	2026-09-08T15:18:50.8206100Z    Compiling pty-runtime-application v0.1.0 (/Users/runner/work/pty-runtime/pty-runtime/crates/application)
gate (macos-15)	Run python3 scripts/gate.py	2026-09-08T15:18:50.8206520Z    Compiling chacha20poly1305 v0.10.1
gate (macos-15)	Run python3 scripts/gate.py	2026-09-08T15:18:50.8206830Z    Compiling pty-runtime v0.1.0 (/Users/runner/work/pty-runtime/pty-runtime)
gate (macos-15)	Run python3 scripts/gate.py	2026-09-08T15:18:50.8207190Z     Finished `release` profile [optimized] target(s) in 5.72s
gate (macos-15)	Run python3 scripts/gate.py	2026-09-08T15:18:50.8207620Z      Running tests/runtime_performance.rs (target/release/deps/runtime_performance-d19ce8a75c7201e1)
gate (macos-15)	Run python3 scripts/gate.py	2026-09-08T15:18:50.8207930Z 
gate (macos-15)	Run python3 scripts/gate.py	2026-09-08T15:18:50.8207990Z running 1 test
gate (macos-15)	Run python3 scripts/gate.py	2026-09-08T15:18:50.8209900Z test projected_real_pty_producers ... PERFORMANCE_JSON {"schema":1,"os":"macos","arch":"aarch64","build":"release","sessions":1,"payload_bytes_per_session":4194304,"raw_bytes_validated":4194326,"parser_processed_bytes":4194326,"startup_ns":8551583,"release_completion_skew_ns":0,"elapsed_ns":72420708,"payload_bytes_per_second":57915810.4889005,"cleanup_ns":278083,"rss_ready_bytes":3506176,"rss_after_processing_bytes":8830976,"open_fds_ready":14,"open_fds_after_shutdown":5,"descendant_processes_ready":1,"descendant_processes_after_shutdown":0,"peak_rss_bytes":null,"pss_bytes":null,"resident_budget_bytes":1073741824,"staging_budget_bytes":67108864,"replay_budget_bytes":4198400,"success":true}
gate (macos-15)	Run python3 scripts/gate.py	2026-09-08T15:18:50.8213480Z PERFORMANCE_JSON {"schema":1,"os":"macos","arch":"aarch64","build":"release","sessions":16,"payload_bytes_per_session":4194304,"raw_bytes_validated":67109222,"parser_processed_bytes":67109222,"startup_ns":74668542,"release_completion_skew_ns":457875,"elapsed_ns":764426375,"payload_bytes_per_second":87789833.2589584,"cleanup_ns":1708542,"rss_ready_bytes":9256960,"rss_after_processing_bytes":96141312,"open_fds_ready":89,"open_fds_after_shutdown":5,"descendant_processes_ready":16,"descendant_processes_after_shutdown":0,"peak_rss_bytes":null,"pss_bytes":null,"resident_budget_bytes":1073741824,"staging_budget_bytes":67108864,"replay_budget_bytes":67174400,"success":true}
gate (macos-15)	Run python3 scripts/gate.py	2026-09-08T15:18:50.8215340Z ok
gate (macos-15)	Run python3 scripts/gate.py	2026-09-08T15:18:50.8215410Z 
gate (macos-15)	Run python3 scripts/gate.py	2026-09-08T15:18:50.8215600Z test result: ok. 1 passed; 0 failed; 0 ignored; 0 measured; 0 filtered out; finished in 1.05s
gate (macos-15)	Run python3 scripts/gate.py	2026-09-08T15:18:50.8215870Z 
gate (macos-15)	Run python3 scripts/gate.py	2026-09-08T15:18:50.8242170Z + python3 -m unittest discover -s experiments/tests -v
gate (macos-15)	Run python3 scripts/gate.py	2026-09-08T15:18:50.9609110Z test_descriptor_leak_is_rejected (test_gate.GateTests.test_descriptor_leak_is_rejected) ... ok
gate (macos-15)	Run python3 scripts/gate.py	2026-09-08T15:18:50.9613110Z test_different_platform_is_rejected (test_gate.GateTests.test_different_platform_is_rejected) ... ok
gate (macos-15)	Run python3 scripts/gate.py	2026-09-08T15:18:50.9617000Z test_different_workload_is_rejected (test_gate.GateTests.test_different_workload_is_rejected) ... ok
gate (macos-15)	Run python3 scripts/gate.py	2026-09-08T15:18:50.9618530Z test_duplicate_result_is_rejected (test_gate.GateTests.test_duplicate_result_is_rejected) ... ok
gate (macos-15)	Run python3 scripts/gate.py	2026-09-08T15:18:50.9619730Z test_extra_worker_is_rejected (test_gate.GateTests.test_extra_worker_is_rejected) ... ok
gate (macos-15)	Run python3 scripts/gate.py	2026-09-08T15:18:50.9621340Z test_failed_result_cannot_be_omitted (test_gate.GateTests.test_failed_result_cannot_be_omitted) ... ok
gate (macos-15)	Run python3 scripts/gate.py	2026-09-08T15:18:51.0745920Z test_fixture_timeout_is_reported_and_reaped (test_gate.GateTests.test_fixture_timeout_is_reported_and_reaped) ... ok
gate (macos-15)	Run python3 scripts/gate.py	2026-09-08T15:18:51.0746910Z test_identical_baseline_passes (test_gate.GateTests.test_identical_baseline_passes) ... ok
gate (macos-15)	Run python3 scripts/gate.py	2026-09-08T15:18:51.0748020Z test_memory_regression_fails (test_gate.GateTests.test_memory_regression_fails) ... ok
gate (macos-15)	Run python3 scripts/gate.py	2026-09-08T15:18:51.0748800Z test_missing_latency_samples_are_rejected (test_gate.GateTests.test_missing_latency_samples_are_rejected) ... ok
gate (macos-15)	Run python3 scripts/gate.py	2026-09-08T15:18:51.0749590Z test_missing_metric_cannot_pass_comparison (test_gate.GateTests.test_missing_metric_cannot_pass_comparison) ... ok
gate (macos-15)	Run python3 scripts/gate.py	2026-09-08T15:18:51.0750400Z test_missing_repetition_is_rejected (test_gate.GateTests.test_missing_repetition_is_rejected) ... ok
gate (macos-15)	Run python3 scripts/gate.py	2026-09-08T15:18:51.0751130Z test_nonfinite_measurement_is_rejected (test_gate.GateTests.test_nonfinite_measurement_is_rejected) ... ok
gate (macos-15)	Run python3 scripts/gate.py	2026-09-08T15:18:51.0751950Z test_results_are_revalidated_from_raw_records (test_gate.GateTests.test_results_are_revalidated_from_raw_records) ... ok
gate (macos-15)	Run python3 scripts/gate.py	2026-09-08T15:18:51.0752680Z test_small_noise_passes (test_gate.GateTests.test_small_noise_passes) ... ok
gate (macos-15)	Run python3 scripts/gate.py	2026-09-08T15:18:51.0753420Z test_smoke_run_cannot_become_a_performance_baseline (test_gate.GateTests.test_smoke_run_cannot_become_a_performance_baseline) ... ok
gate (macos-15)	Run python3 scripts/gate.py	2026-09-08T15:18:51.0754240Z test_throughput_regression_fails (test_gate.GateTests.test_throughput_regression_fails) ... ok
gate (macos-15)	Run python3 scripts/gate.py	2026-09-08T15:18:51.0754920Z test_wrong_byte_total_is_rejected (test_gate.GateTests.test_wrong_byte_total_is_rejected) ... ok
gate (macos-15)	Run python3 scripts/gate.py	2026-09-08T15:18:51.0755670Z test_wrong_os_memory_counter_is_rejected (test_gate.GateTests.test_wrong_os_memory_counter_is_rejected) ... ok
gate (macos-15)	Run python3 scripts/gate.py	2026-09-08T15:18:51.0761380Z Building pinned libghostty-vt for x86_64-linux...
gate (macos-15)	Run python3 scripts/gate.py	2026-09-08T15:18:51.0781380Z Building pinned libghostty-vt for x86_64-linux...
gate (macos-15)	Run python3 scripts/gate.py	2026-09-08T15:18:51.0790890Z Building pinned libghostty-vt for x86_64-linux...
gate (macos-15)	Run python3 scripts/gate.py	2026-09-08T15:18:51.0800540Z Building pinned libghostty-vt for x86_64-linux...
gate (macos-15)	Run python3 scripts/gate.py	2026-09-08T15:18:51.0809680Z test_linux_build_and_cache_include_baseline_cpu_and_driver (test_native_build.NativeBuildContract.test_linux_build_and_cache_include_baseline_cpu_and_driver) ... ok
gate (macos-15)	Run python3 scripts/gate.py	2026-09-08T15:18:51.0821240Z Building pinned libghostty-vt for aarch64-macos...
gate (macos-15)	Run python3 scripts/gate.py	2026-09-08T15:18:51.0838560Z Building pinned libghostty-vt for aarch64-macos...
gate (macos-15)	Run python3 scripts/gate.py	2026-09-08T15:18:51.0846840Z Building pinned libghostty-vt for aarch64-macos...
gate (macos-15)	Run python3 scripts/gate.py	2026-09-08T15:18:51.0855500Z Building pinned libghostty-vt for aarch64-macos...
gate (macos-15)	Run python3 scripts/gate.py	2026-09-08T15:18:51.0867830Z test_macos_build_and_cache_include_baseline_cpu_and_driver (test_native_build.NativeBuildContract.test_macos_build_and_cache_include_baseline_cpu_and_driver) ... ok
gate (macos-15)	Run python3 scripts/gate.py	2026-09-08T15:18:51.0869870Z 
gate (macos-15)	Run python3 scripts/gate.py	2026-09-08T15:18:51.0870240Z ----------------------------------------------------------------------
gate (macos-15)	Run python3 scripts/gate.py	2026-09-08T15:18:51.0870980Z Ran 21 tests in 0.126s
gate (macos-15)	Run python3 scripts/gate.py	2026-09-08T15:18:51.0871490Z 
gate (macos-15)	Run python3 scripts/gate.py	2026-09-08T15:18:51.0871880Z OK
gate (macos-15)	Run python3 scripts/gate.py	2026-09-08T15:18:51.0989120Z + cargo fmt --manifest-path experiments/pty/Cargo.toml --check
gate (macos-15)	Run python3 scripts/gate.py	2026-09-08T15:18:51.1894630Z + cargo clippy --manifest-path experiments/pty/Cargo.toml --locked --all-targets -- -D warnings
gate (macos-15)	Run python3 scripts/gate.py	2026-09-08T15:18:51.2952320Z     Updating crates.io index
gate (macos-15)	Run python3 scripts/gate.py	2026-09-08T15:18:51.3515880Z  Downloading crates ...
gate (macos-15)	Run python3 scripts/gate.py	2026-09-08T15:18:51.3696440Z   Downloaded itoa v1.0.18
gate (macos-15)	Run python3 scripts/gate.py	2026-09-08T15:18:51.3781700Z   Downloaded zmij v1.0.23
gate (macos-15)	Run python3 scripts/gate.py	2026-09-08T15:18:51.3812060Z   Downloaded serde_json v1.0.151
gate (macos-15)	Run python3 scripts/gate.py	2026-09-08T15:18:51.3948550Z   Downloaded serde_core v1.0.229
gate (macos-15)	Run python3 scripts/gate.py	2026-09-08T15:18:51.3992040Z   Downloaded memchr v2.8.3
gate (macos-15)	Run python3 scripts/gate.py	2026-09-08T15:18:51.4300170Z    Compiling zmij v1.0.23
gate (macos-15)	Run python3 scripts/gate.py	2026-09-08T15:18:51.4300530Z    Compiling serde_core v1.0.229
gate (macos-15)	Run python3 scripts/gate.py	2026-09-08T15:18:51.4300820Z    Compiling serde_json v1.0.151
gate (macos-15)	Run python3 scripts/gate.py	2026-09-08T15:18:51.5459590Z    Compiling libc v0.2.189
gate (macos-15)	Run python3 scripts/gate.py	2026-09-08T15:18:51.8210640Z     Checking memchr v2.8.3
gate (macos-15)	Run python3 scripts/gate.py	2026-09-08T15:18:51.8248130Z     Checking itoa v1.0.18
gate (macos-15)	Run python3 scripts/gate.py	2026-09-08T15:18:53.3268550Z     Checking pty-experiment-harness v0.1.0 (/Users/runner/work/pty-runtime/pty-runtime/experiments/pty)
gate (macos-15)	Run python3 scripts/gate.py	2026-09-08T15:18:53.5004030Z     Finished `dev` profile [unoptimized + debuginfo] target(s) in 2.25s
gate (macos-15)	Run python3 scripts/gate.py	2026-09-08T15:18:53.5070630Z Mechanical gate passed. Specialist reviews and milestone proof remain required.
gate (macos-15)	Post Run actions/cache@v4	﻿2026-09-08T15:18:53.8351040Z Node 20 is being deprecated. This workflow is running with Node 24 by default. If you need to temporarily use Node 20, you can set the ACTIONS_ALLOW_USE_UNSECURE_NODE_VERSION=true environment variable. For more information see: https://github.blog/changelog/2025-09-19-deprecation-of-node-20-on-github-actions-runners/
gate (macos-15)	Post Run actions/cache@v4	2026-09-08T15:18:53.8352320Z Post job cleanup.
gate (macos-15)	Post Run actions/cache@v4	2026-09-08T15:18:54.2187910Z (node:15858) [DEP0040] DeprecationWarning: The `punycode` module is deprecated. Please use a userland alternative instead.
gate (macos-15)	Post Run actions/cache@v4	2026-09-08T15:18:54.2190290Z (Use `node --trace-deprecation ...` to show where the warning was created)
gate (macos-15)	Post Run actions/cache@v4	2026-09-08T15:18:54.2417280Z [command]/opt/homebrew/bin/gtar --posix -cf cache.tzst --exclude cache.tzst -P -C /Users/runner/work/pty-runtime/pty-runtime --files-from manifest.txt --delay-directory-restore --use-compress-program zstdmt
gate (macos-15)	Post Run actions/cache@v4	2026-09-08T15:19:02.2968410Z (node:15858) [DEP0169] DeprecationWarning: `url.parse()` behavior is not standardized and prone to errors that have security implications. Use the WHATWG URL API instead. CVEs are not issued for `url.parse()` vulnerabilities.
gate (macos-15)	Post Run actions/cache@v4	2026-09-08T15:19:03.2900000Z Sent 0 of 327773710 (0.0%), 0.0 MBs/sec
gate (macos-15)	Post Run actions/cache@v4	2026-09-08T15:19:04.2852770Z Sent 59338254 of 327773710 (18.1%), 28.3 MBs/sec
gate (macos-15)	Post Run actions/cache@v4	2026-09-08T15:19:04.4158650Z Sent 327773710 of 327773710 (100.0%), 146.5 MBs/sec
gate (macos-15)	Post Run actions/cache@v4	2026-09-08T15:19:04.4981850Z Cache saved with key: native-baseline-v2-macOS-ARM64-4159ce70eab311e023a97dc54988244068bc7daa2753c2b79070cfa6cb02643b
gate (macos-15)	Post Run actions/setup-python@v5	﻿2026-09-08T15:19:04.5166730Z Node 20 is being deprecated. This workflow is running with Node 24 by default. If you need to temporarily use Node 20, you can set the ACTIONS_ALLOW_USE_UNSECURE_NODE_VERSION=true environment variable. For more information see: https://github.blog/changelog/2025-09-19-deprecation-of-node-20-on-github-actions-runners/
gate (macos-15)	Post Run actions/setup-python@v5	2026-09-08T15:19:04.5167860Z Post job cleanup.
gate (macos-15)	Post Run actions/setup-python@v5	2026-09-08T15:19:04.6919990Z (node:16111) [DEP0040] DeprecationWarning: The `punycode` module is deprecated. Please use a userland alternative instead.
gate (macos-15)	Post Run actions/setup-python@v5	2026-09-08T15:19:04.6921770Z (Use `node --trace-deprecation ...` to show where the warning was created)
gate (macos-15)	Post Run actions/checkout@v4	﻿2026-09-08T15:19:04.7102650Z Node 20 is being deprecated. This workflow is running with Node 24 by default. If you need to temporarily use Node 20, you can set the ACTIONS_ALLOW_USE_UNSECURE_NODE_VERSION=true environment variable. For more information see: https://github.blog/changelog/2025-09-19-deprecation-of-node-20-on-github-actions-runners/
gate (macos-15)	Post Run actions/checkout@v4	2026-09-08T15:19:04.7112000Z Post job cleanup.
gate (macos-15)	Post Run actions/checkout@v4	2026-09-08T15:19:04.8063490Z [command]/opt/homebrew/bin/git version
gate (macos-15)	Post Run actions/checkout@v4	2026-09-08T15:19:04.8261800Z git version 2.55.0
gate (macos-15)	Post Run actions/checkout@v4	2026-09-08T15:19:04.8282350Z Copying '/Users/runner/.gitconfig' to '/Users/runner/work/_temp/87a17e64-e76a-446f-bb60-2490460c3722/.gitconfig'
gate (macos-15)	Post Run actions/checkout@v4	2026-09-08T15:19:04.8295260Z Temporarily overriding HOME='/Users/runner/work/_temp/87a17e64-e76a-446f-bb60-2490460c3722' before making global git config changes
gate (macos-15)	Post Run actions/checkout@v4	2026-09-08T15:19:04.8297350Z Adding repository directory to the temporary git global config as a safe directory
gate (macos-15)	Post Run actions/checkout@v4	2026-09-08T15:19:04.8299350Z [command]/opt/homebrew/bin/git config --global --add safe.directory /Users/runner/work/pty-runtime/pty-runtime
gate (macos-15)	Post Run actions/checkout@v4	2026-09-08T15:19:04.8422690Z [command]/opt/homebrew/bin/git config --local --name-only --get-regexp core\.sshCommand
gate (macos-15)	Post Run actions/checkout@v4	2026-09-08T15:19:04.8482200Z [command]/opt/homebrew/bin/git submodule foreach --recursive sh -c "git config --local --name-only --get-regexp 'core\.sshCommand' && git config --local --unset-all 'core.sshCommand' || :"
gate (macos-15)	Post Run actions/checkout@v4	2026-09-08T15:19:04.9974670Z [command]/opt/homebrew/bin/git config --local --name-only --get-regexp http\.https\:\/\/github\.com\/\.extraheader
gate (macos-15)	Post Run actions/checkout@v4	2026-09-08T15:19:04.9975330Z http.https://github.com/.extraheader
gate (macos-15)	Post Run actions/checkout@v4	2026-09-08T15:19:04.9977630Z [command]/opt/homebrew/bin/git config --local --unset-all http.https://github.com/.extraheader
gate (macos-15)	Post Run actions/checkout@v4	2026-09-08T15:19:05.0027360Z [command]/opt/homebrew/bin/git submodule foreach --recursive sh -c "git config --local --name-only --get-regexp 'http\.https\:\/\/github\.com\/\.extraheader' && git config --local --unset-all 'http.https://github.com/.extraheader' || :"
gate (macos-15)	Post Run actions/checkout@v4	2026-09-08T15:19:05.0914990Z [command]/opt/homebrew/bin/git config --local --name-only --get-regexp ^includeIf\.gitdir:
gate (macos-15)	Post Run actions/checkout@v4	2026-09-08T15:19:05.1029100Z [command]/opt/homebrew/bin/git submodule foreach --recursive git config --local --show-origin --name-only --get-regexp remote.origin.url
gate (macos-15)	Complete job	﻿2026-09-08T15:19:05.2886060Z Cleaning up orphan processes
gate (macos-15)	Complete job	2026-09-08T15:19:07.2354960Z ##[warning]Node.js 20 is deprecated. The following actions target Node.js 20 but are being forced to run on Node.js 24: actions/cache@v4, actions/checkout@v4, actions/setup-python@v5. For more information see: https://github.blog/changelog/2025-09-19-deprecation-of-node-20-on-github-actions-runners/
msrv	Set up job	﻿2026-09-08T15:15:24.3502688Z Current runner version: '2.337.0'
msrv	Set up job	2026-09-08T15:15:24.3543512Z ##[group]Runner Image Provisioner
msrv	Set up job	2026-09-08T15:15:24.3545049Z Hosted Compute Agent
msrv	Set up job	2026-09-08T15:15:24.3546068Z Version: 20260828.587
msrv	Set up job	2026-09-08T15:15:24.3547694Z Commit: abac92662cab4cc7352de4f9f9d2e2419aad9c29
msrv	Set up job	2026-09-08T15:15:24.3549022Z Build Date: 2026-08-28T16:44:25Z
msrv	Set up job	2026-09-08T15:15:24.3550334Z Worker ID: {6fb5287a-0806-43af-9352-52d79ad2f3c9}
msrv	Set up job	2026-09-08T15:15:24.3551702Z Azure Region: westus
msrv	Set up job	2026-09-08T15:15:24.3552745Z ##[endgroup]
msrv	Set up job	2026-09-08T15:15:24.3555660Z ##[group]Operating System
msrv	Set up job	2026-09-08T15:15:24.3558059Z Ubuntu
msrv	Set up job	2026-09-08T15:15:24.3559225Z 24.04.4
msrv	Set up job	2026-09-08T15:15:24.3560160Z LTS
msrv	Set up job	2026-09-08T15:15:24.3561047Z ##[endgroup]
msrv	Set up job	2026-09-08T15:15:24.3562181Z ##[group]Runner Image
msrv	Set up job	2026-09-08T15:15:24.3563280Z Image: ubuntu-24.04
msrv	Set up job	2026-09-08T15:15:24.3564413Z Version: 20260831.293.1
msrv	Set up job	2026-09-08T15:15:24.3566592Z Included Software: https://github.com/actions/runner-images/blob/ubuntu24/20260831.293/images/ubuntu/Ubuntu2404-Readme.md
msrv	Set up job	2026-09-08T15:15:24.3569776Z Image Release: https://github.com/actions/runner-images/releases/tag/ubuntu24%2F20260831.293
msrv	Set up job	2026-09-08T15:15:24.3571518Z ##[endgroup]
msrv	Set up job	2026-09-08T15:15:24.3573739Z ##[group]GITHUB_TOKEN Permissions
msrv	Set up job	2026-09-08T15:15:24.3577803Z Contents: read
msrv	Set up job	2026-09-08T15:15:24.3578915Z Metadata: read
msrv	Set up job	2026-09-08T15:15:24.3579975Z ##[endgroup]
msrv	Set up job	2026-09-08T15:15:24.3583229Z Secret source: Actions
msrv	Set up job	2026-09-08T15:15:24.3586099Z Prepare workflow directory
msrv	Set up job	2026-09-08T15:15:24.4224111Z Prepare all required actions
msrv	Set up job	2026-09-08T15:15:24.4304290Z Getting action download info
msrv	Set up job	2026-09-08T15:15:24.8377746Z Download action repository 'actions/checkout@v4' (SHA:11d5960a326750d5838078e36cf38b85af677262)
msrv	Set up job	2026-09-08T15:15:25.0533014Z Complete job name: msrv
msrv	Run actions/checkout@v4	﻿2026-09-08T15:15:25.1447637Z Node 20 is being deprecated. This workflow is running with Node 24 by default. If you need to temporarily use Node 20, you can set the ACTIONS_ALLOW_USE_UNSECURE_NODE_VERSION=true environment variable. For more information see: https://github.blog/changelog/2025-09-19-deprecation-of-node-20-on-github-actions-runners/
msrv	Run actions/checkout@v4	2026-09-08T15:15:25.1457350Z ##[group]Run actions/checkout@v4
msrv	Run actions/checkout@v4	2026-09-08T15:15:25.1458188Z with:
msrv	Run actions/checkout@v4	2026-09-08T15:15:25.1458666Z   repository: nessalabs/pty-runtime
msrv	Run actions/checkout@v4	2026-09-08T15:15:25.1462557Z   token: ***
msrv	Run actions/checkout@v4	2026-09-08T15:15:25.1463003Z   ssh-strict: true
msrv	Run actions/checkout@v4	2026-09-08T15:15:25.1463485Z   ssh-user: git
msrv	Run actions/checkout@v4	2026-09-08T15:15:25.1464004Z   persist-credentials: true
msrv	Run actions/checkout@v4	2026-09-08T15:15:25.1464539Z   clean: true
msrv	Run actions/checkout@v4	2026-09-08T15:15:25.1465053Z   sparse-checkout-cone-mode: true
msrv	Run actions/checkout@v4	2026-09-08T15:15:25.1465577Z   fetch-depth: 1
msrv	Run actions/checkout@v4	2026-09-08T15:15:25.1466012Z   fetch-tags: false
msrv	Run actions/checkout@v4	2026-09-08T15:15:25.1466640Z   show-progress: true
msrv	Run actions/checkout@v4	2026-09-08T15:15:25.1467151Z   lfs: false
msrv	Run actions/checkout@v4	2026-09-08T15:15:25.1467566Z   submodules: false
msrv	Run actions/checkout@v4	2026-09-08T15:15:25.1468072Z   set-safe-directory: true
msrv	Run actions/checkout@v4	2026-09-08T15:15:25.1468594Z   allow-unsafe-pr-checkout: false
msrv	Run actions/checkout@v4	2026-09-08T15:15:25.1469352Z env:
msrv	Run actions/checkout@v4	2026-09-08T15:15:25.1469782Z   RUSTUP_TOOLCHAIN: 1.85.0
msrv	Run actions/checkout@v4	2026-09-08T15:15:25.1470265Z ##[endgroup]
msrv	Run actions/checkout@v4	2026-09-08T15:15:25.2616858Z Syncing repository: nessalabs/pty-runtime
msrv	Run actions/checkout@v4	2026-09-08T15:15:25.2623807Z ##[group]Getting Git version info
msrv	Run actions/checkout@v4	2026-09-08T15:15:25.2626099Z Working directory is '/home/runner/work/pty-runtime/pty-runtime'
msrv	Run actions/checkout@v4	2026-09-08T15:15:25.2674918Z [command]/usr/bin/git version
msrv	Run actions/checkout@v4	2026-09-08T15:15:25.2816864Z git version 2.55.0
msrv	Run actions/checkout@v4	2026-09-08T15:15:25.3053896Z ##[endgroup]
msrv	Run actions/checkout@v4	2026-09-08T15:15:25.3084628Z Temporarily overriding HOME='/home/runner/work/_temp/3d71f69e-c97d-4420-92fc-39e557ca0034' before making global git config changes
msrv	Run actions/checkout@v4	2026-09-08T15:15:25.3088923Z Adding repository directory to the temporary git global config as a safe directory
msrv	Run actions/checkout@v4	2026-09-08T15:15:25.3091018Z [command]/usr/bin/git config --global --add safe.directory /home/runner/work/pty-runtime/pty-runtime
msrv	Run actions/checkout@v4	2026-09-08T15:15:25.3093804Z Deleting the contents of '/home/runner/work/pty-runtime/pty-runtime'
msrv	Run actions/checkout@v4	2026-09-08T15:15:25.3095556Z ##[group]Initializing the repository
msrv	Run actions/checkout@v4	2026-09-08T15:15:25.3097031Z [command]/usr/bin/git init /home/runner/work/pty-runtime/pty-runtime
msrv	Run actions/checkout@v4	2026-09-08T15:15:25.3234809Z hint: Using 'master' as the name for the initial branch. This default branch name
msrv	Run actions/checkout@v4	2026-09-08T15:15:25.3241254Z hint: will change to "main" in Git 3.0. To configure the initial branch name
msrv	Run actions/checkout@v4	2026-09-08T15:15:25.3268238Z hint: to use in all of your new repositories, which will suppress this warning,
msrv	Run actions/checkout@v4	2026-09-08T15:15:25.3287642Z hint: call:
msrv	Run actions/checkout@v4	2026-09-08T15:15:25.3305559Z hint:
msrv	Run actions/checkout@v4	2026-09-08T15:15:25.3308227Z hint: 	git config --global init.defaultBranch <name>
msrv	Run actions/checkout@v4	2026-09-08T15:15:25.3309471Z hint:
msrv	Run actions/checkout@v4	2026-09-08T15:15:25.3310518Z hint: Names commonly chosen instead of 'master' are 'main', 'trunk' and
msrv	Run actions/checkout@v4	2026-09-08T15:15:25.3312176Z hint: 'development'. The just-created branch can be renamed via this command:
msrv	Run actions/checkout@v4	2026-09-08T15:15:25.3313610Z hint:
msrv	Run actions/checkout@v4	2026-09-08T15:15:25.3314470Z hint: 	git branch -m <name>
msrv	Run actions/checkout@v4	2026-09-08T15:15:25.3315344Z hint:
msrv	Run actions/checkout@v4	2026-09-08T15:15:25.3316873Z hint: Disable this message with "git config set advice.defaultBranchName false"
msrv	Run actions/checkout@v4	2026-09-08T15:15:25.3319021Z Initialized empty Git repository in /home/runner/work/pty-runtime/pty-runtime/.git/
msrv	Run actions/checkout@v4	2026-09-08T15:15:25.3322230Z [command]/usr/bin/git remote add origin https://github.com/nessalabs/pty-runtime
msrv	Run actions/checkout@v4	2026-09-08T15:15:25.3407698Z ##[endgroup]
msrv	Run actions/checkout@v4	2026-09-08T15:15:25.3427635Z ##[group]Disabling automatic garbage collection
msrv	Run actions/checkout@v4	2026-09-08T15:15:25.3430556Z [command]/usr/bin/git config --local gc.auto 0
msrv	Run actions/checkout@v4	2026-09-08T15:15:25.3467837Z ##[endgroup]
msrv	Run actions/checkout@v4	2026-09-08T15:15:25.3487890Z ##[group]Setting up auth
msrv	Run actions/checkout@v4	2026-09-08T15:15:25.3489375Z [command]/usr/bin/git config --local --name-only --get-regexp core\.sshCommand
msrv	Run actions/checkout@v4	2026-09-08T15:15:25.3528454Z [command]/usr/bin/git submodule foreach --recursive sh -c "git config --local --name-only --get-regexp 'core\.sshCommand' && git config --local --unset-all 'core.sshCommand' || :"
msrv	Run actions/checkout@v4	2026-09-08T15:15:25.4913443Z [command]/usr/bin/git config --local --name-only --get-regexp http\.https\:\/\/github\.com\/\.extraheader
msrv	Run actions/checkout@v4	2026-09-08T15:15:25.4918889Z [command]/usr/bin/git submodule foreach --recursive sh -c "git config --local --name-only --get-regexp 'http\.https\:\/\/github\.com\/\.extraheader' && git config --local --unset-all 'http.https://github.com/.extraheader' || :"
msrv	Run actions/checkout@v4	2026-09-08T15:15:25.4923774Z [command]/usr/bin/git config --local --name-only --get-regexp ^includeIf\.gitdir:
msrv	Run actions/checkout@v4	2026-09-08T15:15:25.4927955Z [command]/usr/bin/git submodule foreach --recursive git config --local --show-origin --name-only --get-regexp remote.origin.url
msrv	Run actions/checkout@v4	2026-09-08T15:15:25.5144828Z [command]/usr/bin/git config --local http.https://github.com/.extraheader AUTHORIZATION: basic ***
msrv	Run actions/checkout@v4	2026-09-08T15:15:25.5207215Z ##[endgroup]
msrv	Run actions/checkout@v4	2026-09-08T15:15:25.5209130Z ##[group]Fetching the repository
msrv	Run actions/checkout@v4	2026-09-08T15:15:25.5229110Z [command]/usr/bin/git -c protocol.version=2 fetch --no-tags --prune --no-recurse-submodules --depth=1 origin +52ad04c3519616e6cedea9ac8707406970a40ed7:refs/remotes/origin/main
msrv	Run actions/checkout@v4	2026-09-08T15:15:26.3150691Z From https://github.com/nessalabs/pty-runtime
msrv	Run actions/checkout@v4	2026-09-08T15:15:26.3154145Z  * [new ref]         52ad04c3519616e6cedea9ac8707406970a40ed7 -> origin/main
msrv	Run actions/checkout@v4	2026-09-08T15:15:26.3159030Z ##[endgroup]
msrv	Run actions/checkout@v4	2026-09-08T15:15:26.3160671Z ##[group]Determining the checkout info
msrv	Run actions/checkout@v4	2026-09-08T15:15:26.3162660Z ##[endgroup]
msrv	Run actions/checkout@v4	2026-09-08T15:15:26.3163945Z [command]/usr/bin/git sparse-checkout disable
msrv	Run actions/checkout@v4	2026-09-08T15:15:26.3231761Z [command]/usr/bin/git config --local --unset-all extensions.worktreeConfig
msrv	Run actions/checkout@v4	2026-09-08T15:15:26.3263243Z ##[group]Checking out the ref
msrv	Run actions/checkout@v4	2026-09-08T15:15:26.3284475Z [command]/usr/bin/git checkout --progress --force -B main refs/remotes/origin/main
msrv	Run actions/checkout@v4	2026-09-08T15:15:26.3700064Z Switched to a new branch 'main'
msrv	Run actions/checkout@v4	2026-09-08T15:15:26.3701895Z branch 'main' set up to track 'origin/main'.
msrv	Run actions/checkout@v4	2026-09-08T15:15:26.3705622Z ##[endgroup]
msrv	Run actions/checkout@v4	2026-09-08T15:15:26.3750811Z [command]/usr/bin/git log -1 --format=%H
msrv	Run actions/checkout@v4	2026-09-08T15:15:26.3783883Z 52ad04c3519616e6cedea9ac8707406970a40ed7
msrv	Run rustup toolchain install 1.85.0 --profile minimal	﻿2026-09-08T15:15:26.4103317Z ##[group]Run rustup toolchain install 1.85.0 --profile minimal
msrv	Run rustup toolchain install 1.85.0 --profile minimal	2026-09-08T15:15:26.4104407Z ^[[36;1mrustup toolchain install 1.85.0 --profile minimal^[[0m
msrv	Run rustup toolchain install 1.85.0 --profile minimal	2026-09-08T15:15:26.4147446Z shell: /usr/bin/bash -e {0}
msrv	Run rustup toolchain install 1.85.0 --profile minimal	2026-09-08T15:15:26.4148079Z env:
msrv	Run rustup toolchain install 1.85.0 --profile minimal	2026-09-08T15:15:26.4148540Z   RUSTUP_TOOLCHAIN: 1.85.0
msrv	Run rustup toolchain install 1.85.0 --profile minimal	2026-09-08T15:15:26.4149071Z ##[endgroup]
msrv	Run rustup toolchain install 1.85.0 --profile minimal	2026-09-08T15:15:26.5324928Z info: syncing channel updates for 1.85.0-x86_64-unknown-linux-gnu
msrv	Run rustup toolchain install 1.85.0 --profile minimal	2026-09-08T15:15:26.8235891Z info: latest update on 2025-02-20 for version 1.85.0 (4d91de4e4 2025-02-17)
msrv	Run rustup toolchain install 1.85.0 --profile minimal	2026-09-08T15:15:26.8294780Z info: downloading 3 components
msrv	Run rustup toolchain install 1.85.0 --profile minimal	2026-09-08T15:15:35.7179065Z 
msrv	Run rustup toolchain install 1.85.0 --profile minimal	2026-09-08T15:15:35.7262598Z   1.85.0-x86_64-unknown-linux-gnu installed - rustc 1.85.0 (4d91de4e4 2025-02-17)
msrv	Run rustup toolchain install 1.85.0 --profile minimal	2026-09-08T15:15:35.7287211Z 
msrv	Run python3 scripts/native/bootstrap.py	﻿2026-09-08T15:15:35.7382707Z ##[group]Run python3 scripts/native/bootstrap.py
msrv	Run python3 scripts/native/bootstrap.py	2026-09-08T15:15:35.7383215Z ^[[36;1mpython3 scripts/native/bootstrap.py^[[0m
msrv	Run python3 scripts/native/bootstrap.py	2026-09-08T15:15:35.7422728Z shell: /usr/bin/bash -e {0}
msrv	Run python3 scripts/native/bootstrap.py	2026-09-08T15:15:35.7423111Z env:
msrv	Run python3 scripts/native/bootstrap.py	2026-09-08T15:15:35.7423374Z   RUSTUP_TOOLCHAIN: 1.85.0
msrv	Run python3 scripts/native/bootstrap.py	2026-09-08T15:15:35.7423660Z ##[endgroup]
msrv	Run python3 scripts/native/bootstrap.py	2026-09-08T15:15:35.8241561Z Downloading pinned dependency: https://ziglang.org/download/0.16.0/zig-x86_64-linux-0.16.0.tar.xz
msrv	Run python3 scripts/native/bootstrap.py	2026-09-08T15:15:49.8732982Z Downloading pinned dependency: https://codeload.github.com/ghostty-org/ghostty/tar.gz/82232ecde55405559dec29c5466cb9e39938cb41
msrv	Run python3 scripts/native/bootstrap.py	2026-09-08T15:15:54.5158166Z Building pinned libghostty-vt for x86_64-linux...
msrv	Run cargo test --locked --workspace --all-targets --all-features	﻿2026-09-08T15:20:07.1971063Z ##[group]Run cargo test --locked --workspace --all-targets --all-features
msrv	Run cargo test --locked --workspace --all-targets --all-features	2026-09-08T15:20:07.1972008Z ^[[36;1mcargo test --locked --workspace --all-targets --all-features^[[0m
msrv	Run cargo test --locked --workspace --all-targets --all-features	2026-09-08T15:20:07.2016604Z shell: /usr/bin/bash -e {0}
msrv	Run cargo test --locked --workspace --all-targets --all-features	2026-09-08T15:20:07.2016938Z env:
msrv	Run cargo test --locked --workspace --all-targets --all-features	2026-09-08T15:20:07.2017147Z   RUSTUP_TOOLCHAIN: 1.85.0
msrv	Run cargo test --locked --workspace --all-targets --all-features	2026-09-08T15:20:07.2017398Z ##[endgroup]
msrv	Run cargo test --locked --workspace --all-targets --all-features	2026-09-08T15:20:07.2398168Z     Updating crates.io index
msrv	Run cargo test --locked --workspace --all-targets --all-features	2026-09-08T15:20:07.2944762Z  Downloading crates ...
msrv	Run cargo test --locked --workspace --all-targets --all-features	2026-09-08T15:20:07.3285742Z   Downloaded aead v0.5.2
msrv	Run cargo test --locked --workspace --all-targets --all-features	2026-09-08T15:20:07.3305533Z   Downloaded universal-hash v0.5.1
msrv	Run cargo test --locked --workspace --all-targets --all-features	2026-09-08T15:20:07.3318722Z   Downloaded chacha20 v0.9.1
msrv	Run cargo test --locked --workspace --all-targets --all-features	2026-09-08T15:20:07.3345470Z   Downloaded inout v0.1.4
msrv	Run cargo test --locked --workspace --all-targets --all-features	2026-09-08T15:20:07.3363453Z   Downloaded version_check v0.9.5
msrv	Run cargo test --locked --workspace --all-targets --all-features	2026-09-08T15:20:07.3384085Z   Downloaded crypto-common v0.1.7
msrv	Run cargo test --locked --workspace --all-targets --all-features	2026-09-08T15:20:07.3398675Z   Downloaded subtle v2.6.1
msrv	Run cargo test --locked --workspace --all-targets --all-features	2026-09-08T15:20:07.3416961Z   Downloaded rand_core v0.6.4
msrv	Run cargo test --locked --workspace --all-targets --all-features	2026-09-08T15:20:07.3438044Z   Downloaded typenum v1.20.1
msrv	Run cargo test --locked --workspace --all-targets --all-features	2026-09-08T15:20:07.3483226Z   Downloaded generic-array v0.14.7
msrv	Run cargo test --locked --workspace --all-targets --all-features	2026-09-08T15:20:07.3501758Z   Downloaded opaque-debug v0.3.1
msrv	Run cargo test --locked --workspace --all-targets --all-features	2026-09-08T15:20:07.3514566Z   Downloaded zeroize v1.9.0
msrv	Run cargo test --locked --workspace --all-targets --all-features	2026-09-08T15:20:07.3534900Z   Downloaded futures-channel v0.3.34
msrv	Run cargo test --locked --workspace --all-targets --all-features	2026-09-08T15:20:07.3560467Z   Downloaded chacha20poly1305 v0.10.1
msrv	Run cargo test --locked --workspace --all-targets --all-features	2026-09-08T15:20:07.3580661Z   Downloaded poly1305 v0.8.0
msrv	Run cargo test --locked --workspace --all-targets --all-features	2026-09-08T15:20:07.3611824Z   Downloaded getrandom v0.2.16
msrv	Run cargo test --locked --workspace --all-targets --all-features	2026-09-08T15:20:07.3658017Z   Downloaded futures-core v0.3.34
msrv	Run cargo test --locked --workspace --all-targets --all-features	2026-09-08T15:20:07.3671004Z   Downloaded cfg-if v1.0.4
msrv	Run cargo test --locked --workspace --all-targets --all-features	2026-09-08T15:20:07.3689879Z   Downloaded cpufeatures v0.2.17
msrv	Run cargo test --locked --workspace --all-targets --all-features	2026-09-08T15:20:07.3717353Z   Downloaded cipher v0.4.4
msrv	Run cargo test --locked --workspace --all-targets --all-features	2026-09-08T15:20:07.3755895Z   Downloaded libc v0.2.189
msrv	Run cargo test --locked --workspace --all-targets --all-features	2026-09-08T15:20:07.4822527Z    Compiling version_check v0.9.5
msrv	Run cargo test --locked --workspace --all-targets --all-features	2026-09-08T15:20:07.4834444Z    Compiling libc v0.2.189
msrv	Run cargo test --locked --workspace --all-targets --all-features	2026-09-08T15:20:07.8027521Z    Compiling generic-array v0.14.7
msrv	Run cargo test --locked --workspace --all-targets --all-features	2026-09-08T15:20:07.9657487Z    Compiling cfg-if v1.0.4
msrv	Run cargo test --locked --workspace --all-targets --all-features	2026-09-08T15:20:07.9898145Z    Compiling typenum v1.20.1
msrv	Run cargo test --locked --workspace --all-targets --all-features	2026-09-08T15:20:09.3287730Z    Compiling getrandom v0.2.16
msrv	Run cargo test --locked --workspace --all-targets --all-features	2026-09-08T15:20:09.3367376Z    Compiling inout v0.1.4
msrv	Run cargo test --locked --workspace --all-targets --all-features	2026-09-08T15:20:09.4058685Z    Compiling cpufeatures v0.2.17
msrv	Run cargo test --locked --workspace --all-targets --all-features	2026-09-08T15:20:09.4345151Z    Compiling rand_core v0.6.4
msrv	Run cargo test --locked --workspace --all-targets --all-features	2026-09-08T15:20:09.4451584Z    Compiling pty-runtime-domain v0.1.0 (/home/runner/work/pty-runtime/pty-runtime/crates/domain)
msrv	Run cargo test --locked --workspace --all-targets --all-features	2026-09-08T15:20:09.5471111Z    Compiling crypto-common v0.1.7
msrv	Run cargo test --locked --workspace --all-targets --all-features	2026-09-08T15:20:09.5977627Z    Compiling zeroize v1.9.0
msrv	Run cargo test --locked --workspace --all-targets --all-features	2026-09-08T15:20:09.7127263Z    Compiling subtle v2.6.1
msrv	Run cargo test --locked --workspace --all-targets --all-features	2026-09-08T15:20:09.8057313Z    Compiling universal-hash v0.5.1
msrv	Run cargo test --locked --workspace --all-targets --all-features	2026-09-08T15:20:09.8567470Z    Compiling cipher v0.4.4
msrv	Run cargo test --locked --workspace --all-targets --all-features	2026-09-08T15:20:10.0367971Z    Compiling opaque-debug v0.3.1
msrv	Run cargo test --locked --workspace --all-targets --all-features	2026-09-08T15:20:10.0582113Z    Compiling poly1305 v0.8.0
msrv	Run cargo test --locked --workspace --all-targets --all-features	2026-09-08T15:20:10.3098297Z    Compiling chacha20 v0.9.1
msrv	Run cargo test --locked --workspace --all-targets --all-features	2026-09-08T15:20:10.4677217Z    Compiling aead v0.5.2
msrv	Run cargo test --locked --workspace --all-targets --all-features	2026-09-08T15:20:10.5258242Z    Compiling pty-runtime-infrastructure v0.1.0 (/home/runner/work/pty-runtime/pty-runtime/crates/infrastructure)
msrv	Run cargo test --locked --workspace --all-targets --all-features	2026-09-08T15:20:10.5565879Z    Compiling futures-core v0.3.34
msrv	Run cargo test --locked --workspace --all-targets --all-features	2026-09-08T15:20:10.6437806Z    Compiling futures-channel v0.3.34
msrv	Run cargo test --locked --workspace --all-targets --all-features	2026-09-08T15:20:10.8158099Z    Compiling chacha20poly1305 v0.10.1
msrv	Run cargo test --locked --workspace --all-targets --all-features	2026-09-08T15:20:10.8687748Z    Compiling pty-runtime-application v0.1.0 (/home/runner/work/pty-runtime/pty-runtime/crates/application)
msrv	Run cargo test --locked --workspace --all-targets --all-features	2026-09-08T15:20:16.2587642Z    Compiling pty-runtime v0.1.0 (/home/runner/work/pty-runtime/pty-runtime)
msrv	Run cargo test --locked --workspace --all-targets --all-features	2026-09-08T15:20:33.5247571Z     Finished `test` profile [unoptimized + debuginfo] target(s) in 26.30s
msrv	Run cargo test --locked --workspace --all-targets --all-features	2026-09-08T15:20:33.5364959Z      Running unittests src/lib.rs (target/debug/deps/pty_runtime-7de4522ce412244e)
msrv	Run cargo test --locked --workspace --all-targets --all-features	2026-09-08T15:20:33.5377381Z 
msrv	Run cargo test --locked --workspace --all-targets --all-features	2026-09-08T15:20:33.5377827Z running 0 tests
msrv	Run cargo test --locked --workspace --all-targets --all-features	2026-09-08T15:20:33.5378393Z 
msrv	Run cargo test --locked --workspace --all-targets --all-features	2026-09-08T15:20:33.5379143Z test result: ok. 0 passed; 0 failed; 0 ignored; 0 measured; 0 filtered out; finished in 0.00s
msrv	Run cargo test --locked --workspace --all-targets --all-features	2026-09-08T15:20:33.5383994Z      Running unittests tests/fixtures/pty_fixture.rs (target/debug/deps/pty_runtime_fixture-bb0e5a48e0199524)
msrv	Run cargo test --locked --workspace --all-targets --all-features	2026-09-08T15:20:33.5385266Z 
msrv	Run cargo test --locked --workspace --all-targets --all-features	2026-09-08T15:20:33.5393706Z 
msrv	Run cargo test --locked --workspace --all-targets --all-features	2026-09-08T15:20:33.5394070Z running 0 tests
msrv	Run cargo test --locked --workspace --all-targets --all-features	2026-09-08T15:20:33.5394559Z 
msrv	Run cargo test --locked --workspace --all-targets --all-features	2026-09-08T15:20:33.5395208Z test result: ok. 0 passed; 0 failed; 0 ignored; 0 measured; 0 filtered out; finished in 0.00s
msrv	Run cargo test --locked --workspace --all-targets --all-features	2026-09-08T15:20:33.5396080Z 
msrv	Run cargo test --locked --workspace --all-targets --all-features	2026-09-08T15:20:33.5397084Z      Running tests/ddd_spawn_failure.rs (target/debug/deps/ddd_spawn_failure-fc8c1e6224b9d2ee)
msrv	Run cargo test --locked --workspace --all-targets --all-features	2026-09-08T15:20:33.5408894Z 
msrv	Run cargo test --locked --workspace --all-targets --all-features	2026-09-08T15:20:33.5409279Z running 1 test
msrv	Run cargo test --locked --workspace --all-targets --all-features	2026-09-08T15:20:33.5413641Z test lookup_handle_obtained_during_failed_spawn_reaches_terminal_state ... ok
msrv	Run cargo test --locked --workspace --all-targets --all-features	2026-09-08T15:20:33.5414467Z 
msrv	Run cargo test --locked --workspace --all-targets --all-features	2026-09-08T15:20:33.5415195Z test result: ok. 1 passed; 0 failed; 0 ignored; 0 measured; 0 filtered out; finished in 0.00s
msrv	Run cargo test --locked --workspace --all-targets --all-features	2026-09-08T15:20:33.5417273Z      Running tests/default_parking.rs (target/debug/deps/default_parking-f79662d74396bc01)
msrv	Run cargo test --locked --workspace --all-targets --all-features	2026-09-08T15:20:33.5420141Z 
msrv	Run cargo test --locked --workspace --all-targets --all-features	2026-09-08T15:20:33.5430193Z 
msrv	Run cargo test --locked --workspace --all-targets --all-features	2026-09-08T15:20:33.5430633Z running 1 test
msrv	Run cargo test --locked --workspace --all-targets --all-features	2026-09-08T15:20:33.5431906Z test default_policy_parks_at_sixty_seconds_and_keeps_process_alive ... ignored, explicit real-clock sixty-second parking qualification
msrv	Run cargo test --locked --workspace --all-targets --all-features	2026-09-08T15:20:33.5433588Z      Running tests/input_reservation.rs (target/debug/deps/input_reservation-2c7caddac5d2686b)
msrv	Run cargo test --locked --workspace --all-targets --all-features	2026-09-08T15:20:33.5434552Z 
msrv	Run cargo test --locked --workspace --all-targets --all-features	2026-09-08T15:20:33.5435338Z test result: ok. 0 passed; 0 failed; 1 ignored; 0 measured; 0 filtered out; finished in 0.00s
msrv	Run cargo test --locked --workspace --all-targets --all-features	2026-09-08T15:20:33.5436487Z 
msrv	Run cargo test --locked --workspace --all-targets --all-features	2026-09-08T15:20:33.5446517Z 
msrv	Run cargo test --locked --workspace --all-targets --all-features	2026-09-08T15:20:33.5446911Z running 1 test
msrv	Run cargo test --locked --workspace --all-targets --all-features	2026-09-08T15:20:33.5450264Z test global_bytes_and_slots_survive_abandoned_wait_and_release_on_adapter_completion ... ok
msrv	Run cargo test --locked --workspace --all-targets --all-features	2026-09-08T15:20:33.5450985Z 
msrv	Run cargo test --locked --workspace --all-targets --all-features	2026-09-08T15:20:33.5453342Z      Running tests/process_handle_resources.rs (target/debug/deps/process_handle_resources-413754e3481276c8)
msrv	Run cargo test --locked --workspace --all-targets --all-features	2026-09-08T15:20:33.5466415Z test result: ok. 1 passed; 0 failed; 0 ignored; 0 measured; 0 filtered out; finished in 0.00s
msrv	Run cargo test --locked --workspace --all-targets --all-features	2026-09-08T15:20:33.5467300Z 
msrv	Run cargo test --locked --workspace --all-targets --all-features	2026-09-08T15:20:33.5467526Z 
msrv	Run cargo test --locked --workspace --all-targets --all-features	2026-09-08T15:20:33.5469572Z running 1 test
msrv	Run cargo test --locked --workspace --all-targets --all-features	2026-09-08T15:20:33.5704354Z test completed_old_handles_do_not_keep_process_wake_descriptors ... ok
msrv	Run cargo test --locked --workspace --all-targets --all-features	2026-09-08T15:20:33.5705061Z 
msrv	Run cargo test --locked --workspace --all-targets --all-features	2026-09-08T15:20:33.5711170Z      Running tests/projected_runtime.rs (target/debug/deps/projected_runtime-8709020443d5c758)
msrv	Run cargo test --locked --workspace --all-targets --all-features	2026-09-08T15:20:33.5712714Z test result: ok. 1 passed; 0 failed; 0 ignored; 0 measured; 0 filtered out; finished in 0.02s
msrv	Run cargo test --locked --workspace --all-targets --all-features	2026-09-08T15:20:33.5713718Z 
msrv	Run cargo test --locked --workspace --all-targets --all-features	2026-09-08T15:20:33.5719580Z 
msrv	Run cargo test --locked --workspace --all-targets --all-features	2026-09-08T15:20:33.5724147Z running 2 tests
msrv	Run cargo test --locked --workspace --all-targets --all-features	2026-09-08T15:20:33.5802563Z test real_query_reply_is_sent_once_with_multiple_observers ... ok
msrv	Run cargo test --locked --workspace --all-targets --all-features	2026-09-08T15:20:33.8514014Z test detached_real_model_parks_transfers_restores_and_resizes_without_losing_bytes ... ok
msrv	Run cargo test --locked --workspace --all-targets --all-features	2026-09-08T15:20:33.8515149Z 
msrv	Run cargo test --locked --workspace --all-targets --all-features	2026-09-08T15:20:33.8516597Z test result: ok. 2 passed; 0 failed; 0 ignored; 0 measured; 0 filtered out; finished in 0.28s
msrv	Run cargo test --locked --workspace --all-targets --all-features	2026-09-08T15:20:33.8517521Z 
msrv	Run cargo test --locked --workspace --all-targets --all-features	2026-09-08T15:20:33.8520549Z      Running tests/projection_cleanup_outcome.rs (target/debug/deps/projection_cleanup_outcome-58bb0bf1aa80a264)
msrv	Run cargo test --locked --workspace --all-targets --all-features	2026-09-08T15:20:33.8537460Z 
msrv	Run cargo test --locked --workspace --all-targets --all-features	2026-09-08T15:20:33.8537947Z running 2 tests
msrv	Run cargo test --locked --workspace --all-targets --all-features	2026-09-08T15:20:33.8542197Z test domain_session_validation_rejects_incompatible_projection_admission ... ok
msrv	Run cargo test --locked --workspace --all-targets --all-features	2026-09-08T15:20:33.8585149Z test forget_preserves_delete_and_uncertain_commit_failures_including_repeated_calls ... ok
msrv	Run cargo test --locked --workspace --all-targets --all-features	2026-09-08T15:20:33.8589817Z      Running tests/projection_correctness.rs (target/debug/deps/projection_correctness-729c1342951d5fc9)
msrv	Run cargo test --locked --workspace --all-targets --all-features	2026-09-08T15:20:33.8593407Z 
msrv	Run cargo test --locked --workspace --all-targets --all-features	2026-09-08T15:20:33.8593895Z test result: ok. 2 passed; 0 failed; 0 ignored; 0 measured; 0 filtered out; finished in 0.00s
msrv	Run cargo test --locked --workspace --all-targets --all-features	2026-09-08T15:20:33.8594551Z 
msrv	Run cargo test --locked --workspace --all-targets --all-features	2026-09-08T15:20:33.8604769Z 
msrv	Run cargo test --locked --workspace --all-targets --all-features	2026-09-08T15:20:33.8613892Z running 4 tests
msrv	Run cargo test --locked --workspace --all-targets --all-features	2026-09-08T15:20:33.8620082Z test impossible_global_parser_budgets_reject_before_child_launch ... ok
msrv	Run cargo test --locked --workspace --all-targets --all-features	2026-09-08T15:20:33.8628552Z test process_future_panic_does_not_strand_runtime_shutdown ... ok
msrv	Run cargo test --locked --workspace --all-targets --all-features	2026-09-08T15:20:33.8634440Z test resize_panic_during_close_keeps_cleanup_scheduled ... ok
msrv	Run cargo test --locked --workspace --all-targets --all-features	2026-09-08T15:20:33.8647799Z test shutdown_closes_model_with_completed_request_wait_retained ... ok
msrv	Run cargo test --locked --workspace --all-targets --all-features	2026-09-08T15:20:33.8649103Z 
msrv	Run cargo test --locked --workspace --all-targets --all-features	2026-09-08T15:20:33.8649964Z test result: ok. 4 passed; 0 failed; 0 ignored; 0 measured; 0 filtered out; finished in 0.00s
msrv	Run cargo test --locked --workspace --all-targets --all-features	2026-09-08T15:20:33.8650860Z 
msrv	Run cargo test --locked --workspace --all-targets --all-features	2026-09-08T15:20:33.8656562Z      Running tests/raw_adversarial.rs (target/debug/deps/raw_adversarial-41ad6b7a44c4210c)
msrv	Run cargo test --locked --workspace --all-targets --all-features	2026-09-08T15:20:33.8668915Z 
msrv	Run cargo test --locked --workspace --all-targets --all-features	2026-09-08T15:20:33.8669641Z running 1 test
msrv	Run cargo test --locked --workspace --all-targets --all-features	2026-09-08T15:20:33.8711125Z test dropping_polled_pending_waits_releases_admission_and_preserves_cursor ... ok
msrv	Run cargo test --locked --workspace --all-targets --all-features	2026-09-08T15:20:33.8711985Z 
msrv	Run cargo test --locked --workspace --all-targets --all-features	2026-09-08T15:20:33.8712888Z test result: ok. 1 passed; 0 failed; 0 ignored; 0 measured; 0 filtered out; finished in 0.00s
msrv	Run cargo test --locked --workspace --all-targets --all-features	2026-09-08T15:20:33.8713817Z 
msrv	Run cargo test --locked --workspace --all-targets --all-features	2026-09-08T15:20:33.8719625Z      Running tests/raw_child_contract.rs (target/debug/deps/raw_child_contract-a15135526c5c7e76)
msrv	Run cargo test --locked --workspace --all-targets --all-features	2026-09-08T15:20:33.8729328Z 
msrv	Run cargo test --locked --workspace --all-targets --all-features	2026-09-08T15:20:33.8729719Z running 2 tests
msrv	Run cargo test --locked --workspace --all-targets --all-features	2026-09-08T15:20:33.8785904Z test merged_stdout_stderr_preserves_binary_bytes_through_public_observer ... ok
msrv	Run cargo test --locked --workspace --all-targets --all-features	2026-09-08T15:20:33.8834313Z test explicit_environment_literal_args_canonical_cwd_and_ordered_resize_reach_real_child ... ok
msrv	Run cargo test --locked --workspace --all-targets --all-features	2026-09-08T15:20:33.8835315Z 
msrv	Run cargo test --locked --workspace --all-targets --all-features	2026-09-08T15:20:33.8836031Z test result: ok. 2 passed; 0 failed; 0 ignored; 0 measured; 0 filtered out; finished in 0.01s
msrv	Run cargo test --locked --workspace --all-targets --all-features	2026-09-08T15:20:33.8837378Z 
msrv	Run cargo test --locked --workspace --all-targets --all-features	2026-09-08T15:20:33.8842070Z      Running tests/raw_completion.rs (target/debug/deps/raw_completion-63465f290da6fbeb)
msrv	Run cargo test --locked --workspace --all-targets --all-features	2026-09-08T15:20:33.8851874Z 
msrv	Run cargo test --locked --workspace --all-targets --all-features	2026-09-08T15:20:33.8852296Z running 1 test
msrv	Run cargo test --locked --workspace --all-targets --all-features	2026-09-08T15:20:33.9312898Z test signal_death_and_descendant_drain_never_become_fabricated_success ... ok
msrv	Run cargo test --locked --workspace --all-targets --all-features	2026-09-08T15:20:33.9314001Z 
msrv	Run cargo test --locked --workspace --all-targets --all-features	2026-09-08T15:20:33.9315076Z test result: ok. 1 passed; 0 failed; 0 ignored; 0 measured; 0 filtered out; finished in 0.05s
msrv	Run cargo test --locked --workspace --all-targets --all-features	2026-09-08T15:20:33.9316723Z 
msrv	Run cargo test --locked --workspace --all-targets --all-features	2026-09-08T15:20:33.9322994Z      Running tests/raw_registration.rs (target/debug/deps/raw_registration-e942d7f49345b6af)
msrv	Run cargo test --locked --workspace --all-targets --all-features	2026-09-08T15:20:33.9334002Z 
msrv	Run cargo test --locked --workspace --all-targets --all-features	2026-09-08T15:20:33.9334398Z running 1 test
msrv	Run cargo test --locked --workspace --all-targets --all-features	2026-09-08T15:20:33.9424418Z test simultaneous_duplicate_calls_launch_once_even_after_completion_until_forgetting ... ok
msrv	Run cargo test --locked --workspace --all-targets --all-features	2026-09-08T15:20:33.9425509Z 
msrv	Run cargo test --locked --workspace --all-targets --all-features	2026-09-08T15:20:33.9427069Z test result: ok. 1 passed; 0 failed; 0 ignored; 0 measured; 0 filtered out; finished in 0.01s
msrv	Run cargo test --locked --workspace --all-targets --all-features	2026-09-08T15:20:33.9427999Z 
msrv	Run cargo test --locked --workspace --all-targets --all-features	2026-09-08T15:20:33.9432963Z      Running tests/raw_runtime.rs (target/debug/deps/raw_runtime-4b6ed5d027fdeb88)
msrv	Run cargo test --locked --workspace --all-targets --all-features	2026-09-08T15:20:33.9445457Z 
msrv	Run cargo test --locked --workspace --all-targets --all-features	2026-09-08T15:20:33.9445853Z running 4 tests
msrv	Run cargo test --locked --workspace --all-targets --all-features	2026-09-08T15:20:33.9496975Z test admission_bounds_and_owner_drop_preserve_explicit_completion ... ok
msrv	Run cargo test --locked --workspace --all-targets --all-features	2026-09-08T15:20:33.9513739Z test detach_and_cancelled_observation_preserve_live_process_and_cursor ... ok
msrv	Run cargo test --locked --workspace --all-targets --all-features	2026-09-08T15:20:33.9565581Z test synthetic_input_is_not_echoed_or_exposed_in_debug ... ok
msrv	Run cargo test --locked --workspace --all-targets --all-features	2026-09-08T15:20:33.9582835Z test raw_suffix_gap_completion_and_completed_id_are_stable ... ok
msrv	Run cargo test --locked --workspace --all-targets --all-features	2026-09-08T15:20:33.9583520Z 
msrv	Run cargo test --locked --workspace --all-targets --all-features	2026-09-08T15:20:33.9584124Z test result: ok. 4 passed; 0 failed; 0 ignored; 0 measured; 0 filtered out; finished in 0.01s
msrv	Run cargo test --locked --workspace --all-targets --all-features	2026-09-08T15:20:33.9584926Z 
msrv	Run cargo test --locked --workspace --all-targets --all-features	2026-09-08T15:20:33.9598146Z      Running tests/runtime_performance.rs (target/debug/deps/runtime_performance-866316829d0a2a96)
msrv	Run cargo test --locked --workspace --all-targets --all-features	2026-09-08T15:20:33.9599105Z 
msrv	Run cargo test --locked --workspace --all-targets --all-features	2026-09-08T15:20:33.9599509Z running 1 test
msrv	Run cargo test --locked --workspace --all-targets --all-features	2026-09-08T15:20:33.9600458Z test projected_real_pty_producers ... ignored, scoped release performance measurement: scripts/performance.py
msrv	Run cargo test --locked --workspace --all-targets --all-features	2026-09-08T15:20:33.9601414Z 
msrv	Run cargo test --locked --workspace --all-targets --all-features	2026-09-08T15:20:33.9602041Z test result: ok. 0 passed; 0 failed; 1 ignored; 0 measured; 0 filtered out; finished in 0.00s
msrv	Run cargo test --locked --workspace --all-targets --all-features	2026-09-08T15:20:33.9603278Z      Running unittests src/lib.rs (target/debug/deps/pty_runtime_application-360c554ef12e1fe4)
msrv	Run cargo test --locked --workspace --all-targets --all-features	2026-09-08T15:20:33.9603966Z 
msrv	Run cargo test --locked --workspace --all-targets --all-features	2026-09-08T15:20:33.9616462Z 
msrv	Run cargo test --locked --workspace --all-targets --all-features	2026-09-08T15:20:33.9616799Z running 21 tests
msrv	Run cargo test --locked --workspace --all-targets --all-features	2026-09-08T15:20:33.9630829Z test projection::tests::cleanup::close_during_pending_commit_deletes_late_result_and_releases_services ... ok
msrv	Run cargo test --locked --workspace --all-targets --all-features	2026-09-08T15:20:33.9632570Z test projection::tests::cleanup::authentication_failure_retains_only_source_and_close_releases_pool_handles ... ok
msrv	Run cargo test --locked --workspace --all-targets --all-features	2026-09-08T15:20:33.9636732Z test projection::tests::cleanup::close_progresses_with_every_normal_request_slot_held ... ok
msrv	Run cargo test --locked --workspace --all-targets --all-features	2026-09-08T15:20:33.9640211Z test projection::tests::cleanup::failed_restore_retains_source_and_bounded_unprocessed_output_without_empty_model ... ok
msrv	Run cargo test --locked --workspace --all-targets --all-features	2026-09-08T15:20:33.9641938Z test projection::tests::cleanup::failed_storage_has_finite_retries_and_retains_original_live_model ... ok
msrv	Run cargo test --locked --workspace --all-targets --all-features	2026-09-08T15:20:33.9650166Z test projection::tests::cleanup::permanent_delete_failure_closes_truthfully_and_stays_charged_in_bounded_ledger ... ok
msrv	Run cargo test --locked --workspace --all-targets --all-features	2026-09-08T15:20:33.9651919Z test projection::tests::cleanup::rejected_blocking_admission_schedules_bounded_retry_without_losing_model ... ok
msrv	Run cargo test --locked --workspace --all-targets --all-features	2026-09-08T15:20:33.9653624Z test projection::tests::cleanup::scheduler_shutdown_fallback_finishes_late_commit_without_retaining_services ... ok
msrv	Run cargo test --locked --workspace --all-targets --all-features	2026-09-08T15:20:33.9655615Z test projection::tests::cleanup::uncertain_commits_stay_charged_and_report_failure_on_every_close ... ok
msrv	Run cargo test --locked --workspace --all-targets --all-features	2026-09-08T15:20:33.9657501Z test projection::tests::parking::output_during_commit_retains_model_and_cleanup_does_not_block_feed ... ok
msrv	Run cargo test --locked --workspace --all-targets --all-features	2026-09-08T15:20:33.9659062Z test projection::tests::parking::idle_park_restore_orders_bytes_resize_history_and_single_authoritative_reply ... ok
msrv	Run cargo test --locked --workspace --all-targets --all-features	2026-09-08T15:20:33.9660786Z test projection::tests::parking::parked_transfer_pin_uses_saved_source_without_native_restore ... ok
msrv	Run cargo test --locked --workspace --all-targets --all-features	2026-09-08T15:20:33.9662140Z test projection::tests::parking::ready_view_captures_its_own_history_and_exact_order_boundary ... ok
msrv	Run cargo test --locked --workspace --all-targets --all-features	2026-09-08T15:20:33.9663604Z test projection::tests::pressure::copied_views_retain_global_memory_admission_until_consumer_drop ... ok
msrv	Run cargo test --locked --workspace --all-targets --all-features	2026-09-08T15:20:33.9665048Z test projection::tests::parking::output_during_encode_is_bounded_and_stale_commit_never_releases_live_model ... ok
msrv	Run cargo test --locked --workspace --all-targets --all-features	2026-09-08T15:20:33.9667150Z test projection::tests::pressure::generated_reply_waits_for_single_writer_admission_without_refeeding_or_duplicate_send ... ok
msrv	Run cargo test --locked --workspace --all-targets --all-features	2026-09-08T15:20:33.9668562Z      Running unittests src/lib.rs (target/debug/deps/pty_runtime_domain-9db201dddd2d3831)
msrv	Run cargo test --locked --workspace --all-targets --all-features	2026-09-08T15:20:33.9670138Z test projection::tests::pressure::independent_parser_admission_is_all_or_none_and_early_capacity_notice_survives ... ok
msrv	Run cargo test --locked --workspace --all-targets --all-features	2026-09-08T15:20:33.9671868Z test projection::tests::pressure::global_parser_capacity_released_by_another_session_wakes_waiter ... ok
msrv	Run cargo test --locked --workspace --all-targets --all-features	2026-09-08T15:20:33.9673415Z test projection::tests::pressure::partial_generated_reply_fails_projection_and_is_never_resent ... ok
msrv	Run cargo test --locked --workspace --all-targets --all-features	2026-09-08T15:20:33.9675077Z test projection::tests::pressure::resident_checkpoint_pin_reserves_plaintext_even_when_protection_bound_is_smaller ... ok
msrv	Run cargo test --locked --workspace --all-targets --all-features	2026-09-08T15:20:33.9678219Z test projection::tests::pressure::native_feed_panic_preserves_unprocessed_staging_and_rejects_projection_operations ... ok
msrv	Run cargo test --locked --workspace --all-targets --all-features	2026-09-08T15:20:33.9679584Z 
msrv	Run cargo test --locked --workspace --all-targets --all-features	2026-09-08T15:20:33.9680219Z test result: ok. 21 passed; 0 failed; 0 ignored; 0 measured; 0 filtered out; finished in 0.00s
msrv	Run cargo test --locked --workspace --all-targets --all-features	2026-09-08T15:20:33.9681027Z 
msrv	Run cargo test --locked --workspace --all-targets --all-features	2026-09-08T15:20:33.9681188Z 
msrv	Run cargo test --locked --workspace --all-targets --all-features	2026-09-08T15:20:33.9681441Z running 17 tests
msrv	Run cargo test --locked --workspace --all-targets --all-features	2026-09-08T15:20:33.9682284Z test identity::tests::accepted_identity_discards_excess_owned_capacity_and_redacts ... ok
msrv	Run cargo test --locked --workspace --all-targets --all-features	2026-09-08T15:20:33.9683508Z test identity::tests::identity_enforces_byte_limit_and_control_policy ... ok
msrv	Run cargo test --locked --workspace --all-targets --all-features	2026-09-08T15:20:33.9684627Z test identity::tests::identity_equality_is_literal_and_lifetimes_include_both_parts ... ok
msrv	Run cargo test --locked --workspace --all-targets --all-features	2026-09-08T15:20:33.9685730Z test process::tests::deadline_and_allocation_extremes_are_rejected ... ok
msrv	Run cargo test --locked --workspace --all-targets --all-features	2026-09-08T15:20:33.9687144Z test process::tests::environment_keys_validate_and_overrides_remain_last ... ok
msrv	Run cargo test --locked --workspace --all-targets --all-features	2026-09-08T15:20:33.9688155Z test process::tests::commands_are_literal_bounded_and_redacted ... ok
msrv	Run cargo test --locked --workspace --all-targets --all-features	2026-09-08T15:20:33.9689236Z test projection::tests::close_rejects_late_commit_and_usable_completion_cannot_revive ... ok
msrv	Run cargo test --locked --workspace --all-targets --all-features	2026-09-08T15:20:33.9690398Z test projection::tests::failed_retries_are_bounded_until_real_mutation ... ok
msrv	Run cargo test --locked --workspace --all-targets --all-features	2026-09-08T15:20:33.9691555Z test projection::tests::invalid_policy_and_out_of_order_processed_controls_are_rejected ... ok
msrv	Run cargo test --locked --workspace --all-targets --all-features	2026-09-08T15:20:33.9692868Z test projection::tests::mutation_invalidates_parking_without_advancing_unprocessed_position ... ok
msrv	Run cargo test --locked --workspace --all-targets --all-features	2026-09-08T15:20:33.9694435Z test projection::tests::restoration_rejects_unadmitted_sources_and_preserves_failures ... ok
msrv	Run cargo test --locked --workspace --all-targets --all-features	2026-09-08T15:20:33.9698081Z test projection::tests::successful_parking_does_not_consume_failed_retry_budget ... ok
msrv	Run cargo test --locked --workspace --all-targets --all-features	2026-09-08T15:20:33.9700685Z test replay::tests::eviction_reports_gap_before_exact_suffix_and_reads_do_not_advance ... ok
msrv	Run cargo test --locked --workspace --all-targets --all-features	2026-09-08T15:20:33.9704109Z test replay::tests::identities_and_future_positions_are_validated_even_when_empty ... ok
msrv	Run cargo test --locked --workspace --all-targets --all-features	2026-09-08T15:20:33.9708166Z test replay::tests::offset_overflow_is_atomic_and_debug_redacts_content ... ok
msrv	Run cargo test --locked --workspace --all-targets --all-features	2026-09-08T15:20:33.9711390Z test replay::tests::zero_retention_and_global_eviction_keep_stream_position ... ok
msrv	Run cargo test --locked --workspace --all-targets --all-features	2026-09-08T15:20:33.9759439Z test replay::tests::chunking_matches_reference_suffix_across_capacities ... ok
msrv	Run cargo test --locked --workspace --all-targets --all-features	2026-09-08T15:20:33.9760256Z 
msrv	Run cargo test --locked --workspace --all-targets --all-features	2026-09-08T15:20:33.9760790Z test result: ok. 17 passed; 0 failed; 0 ignored; 0 measured; 0 filtered out; finished in 0.01s
msrv	Run cargo test --locked --workspace --all-targets --all-features	2026-09-08T15:20:33.9761606Z 
msrv	Run cargo test --locked --workspace --all-targets --all-features	2026-09-08T15:20:33.9763277Z      Running tests/replay_model.rs (target/debug/deps/replay_model-fce0a89db76294c2)
msrv	Run cargo test --locked --workspace --all-targets --all-features	2026-09-08T15:20:33.9776040Z 
msrv	Run cargo test --locked --workspace --all-targets --all-features	2026-09-08T15:20:33.9776756Z running 1 test
msrv	Run cargo test --locked --workspace --all-targets --all-features	2026-09-08T15:20:34.1635301Z test seeded_interleavings_match_an_append_only_ledger ... ok
msrv	Run cargo test --locked --workspace --all-targets --all-features	2026-09-08T15:20:34.1636782Z 
msrv	Run cargo test --locked --workspace --all-targets --all-features	2026-09-08T15:20:34.1637387Z test result: ok. 1 passed; 0 failed; 0 ignored; 0 measured; 0 filtered out; finished in 0.19s
msrv	Run cargo test --locked --workspace --all-targets --all-features	2026-09-08T15:20:34.1638556Z      Running unittests src/lib.rs (target/debug/deps/pty_runtime_infrastructure-f9080ff6bc2b6a0a)
msrv	Run cargo test --locked --workspace --all-targets --all-features	2026-09-08T15:20:34.1639489Z 
msrv	Run cargo test --locked --workspace --all-targets --all-features	2026-09-08T15:20:34.1652595Z 
msrv	Run cargo test --locked --workspace --all-targets --all-features	2026-09-08T15:20:34.1652920Z running 8 tests
msrv	Run cargo test --locked --workspace --all-targets --all-features	2026-09-08T15:20:34.1660457Z test checkpoint::file::tests::failed_orphan_cleanup_retains_a_distinct_quota_charge ... ok
msrv	Run cargo test --locked --workspace --all-targets --all-features	2026-09-08T15:20:34.1676155Z test checkpoint::file::tests::concurrent_commit_reservation_cannot_exceed_quota ... ok
msrv	Run cargo test --locked --workspace --all-targets --all-features	2026-09-08T15:20:34.1678459Z test checkpoint::file::tests::partial_failed_writes_full_disk_and_zero_writes_clean_temporary_state ... ok
msrv	Run cargo test --locked --workspace --all-targets --all-features	2026-09-08T15:20:34.1689001Z test checkpoint::file::tests::renamed_namespace_drop_does_not_remove_unrelated_replacement ... ok
msrv	Run cargo test --locked --workspace --all-targets --all-features	2026-09-08T15:20:34.1723454Z test process::spawn_barrier_tests::blocked_and_failed_spawn_does_not_delay_existing_controls_or_reaping ... ok
msrv	Run cargo test --locked --workspace --all-targets --all-features	2026-09-08T15:20:34.1732337Z test scheduling::blocking::tests::shutdown_joins_all_workers_and_releases_worker_state ... ok
msrv	Run cargo test --locked --workspace --all-targets --all-features	2026-09-08T15:20:34.1736740Z test scheduling::pool::tests::shutdown_joins_all_workers_and_releases_worker_state ... ok
msrv	Run cargo test --locked --workspace --all-targets --all-features	2026-09-08T15:20:34.1738021Z test process::spawn_barrier_tests::immediate_shutdown_reaps_existing_child_before_stalled_launch_finishes ... ok
msrv	Run cargo test --locked --workspace --all-targets --all-features	2026-09-08T15:20:34.1739356Z 
msrv	Run cargo test --locked --workspace --all-targets --all-features	2026-09-08T15:20:34.1739892Z test result: ok. 8 passed; 0 failed; 0 ignored; 0 measured; 0 filtered out; finished in 0.01s
msrv	Run cargo test --locked --workspace --all-targets --all-features	2026-09-08T15:20:34.1740523Z 
msrv	Run cargo test --locked --workspace --all-targets --all-features	2026-09-08T15:20:34.1742309Z      Running tests/checkpoint_adversarial.rs (target/debug/deps/checkpoint_adversarial-da709df121130977)
msrv	Run cargo test --locked --workspace --all-targets --all-features	2026-09-08T15:20:34.1754574Z 
msrv	Run cargo test --locked --workspace --all-targets --all-features	2026-09-08T15:20:34.1754882Z running 4 tests
msrv	Run cargo test --locked --workspace --all-targets --all-features	2026-09-08T15:20:34.1777370Z test drop_does_not_remove_foreign_replacement_directory ... ok
msrv	Run cargo test --locked --workspace --all-targets --all-features	2026-09-08T15:20:34.1780158Z test failed_namespace_construction_rolls_back_under_restrictive_umask ... ok
msrv	Run cargo test --locked --workspace --all-targets --all-features	2026-09-08T15:20:34.1790138Z test permission_or_hardlink_change_rejects_read_without_exposing_payload ... ok
msrv	Run cargo test --locked --workspace --all-targets --all-features	2026-09-08T15:20:34.1907241Z test repeated_protection_uses_distinct_nonces_and_remains_authentic ... ok
msrv	Run cargo test --locked --workspace --all-targets --all-features	2026-09-08T15:20:34.1907884Z 
msrv	Run cargo test --locked --workspace --all-targets --all-features	2026-09-08T15:20:34.1908357Z test result: ok. 4 passed; 0 failed; 0 ignored; 0 measured; 0 filtered out; finished in 0.02s
msrv	Run cargo test --locked --workspace --all-targets --all-features	2026-09-08T15:20:34.1908984Z 
msrv	Run cargo test --locked --workspace --all-targets --all-features	2026-09-08T15:20:34.1911781Z      Running tests/checkpoint_contract.rs (target/debug/deps/checkpoint_contract-3d06eaa3131f646c)
msrv	Run cargo test --locked --workspace --all-targets --all-features	2026-09-08T15:20:34.1925611Z 
msrv	Run cargo test --locked --workspace --all-targets --all-features	2026-09-08T15:20:34.1925966Z running 5 tests
msrv	Run cargo test --locked --workspace --all-targets --all-features	2026-09-08T15:20:34.1937836Z test existing_or_symlink_root_rejected_without_cleanup_of_foreign_content ... ok
msrv	Run cargo test --locked --workspace --all-targets --all-features	2026-09-08T15:20:34.1940522Z test injected_provider_same_contract ... ok
msrv	Run cargo test --locked --workspace --all-targets --all-features	2026-09-08T15:20:34.1941813Z test ciphertext_corruption_truncation_wrong_key_and_metadata_replay_rejected ... ok
msrv	Run cargo test --locked --workspace --all-targets --all-features	2026-09-08T15:20:34.1961164Z test real_disk_quota_short_reads_symlinks_and_corrupt_files ... ok
msrv	Run cargo test --locked --workspace --all-targets --all-features	2026-09-08T15:20:34.1969742Z test real_disk_contract_private_permissions_and_cleanup ... ok
msrv	Run cargo test --locked --workspace --all-targets --all-features	2026-09-08T15:20:34.1970373Z 
msrv	Run cargo test --locked --workspace --all-targets --all-features	2026-09-08T15:20:34.1970896Z test result: ok. 5 passed; 0 failed; 0 ignored; 0 measured; 0 filtered out; finished in 0.00s
msrv	Run cargo test --locked --workspace --all-targets --all-features	2026-09-08T15:20:34.1971678Z 
msrv	Run cargo test --locked --workspace --all-targets --all-features	2026-09-08T15:20:34.1973695Z      Running tests/checkpoint_opaque_envelope.rs (target/debug/deps/checkpoint_opaque_envelope-d41a6b3caf1ebccb)
msrv	Run cargo test --locked --workspace --all-targets --all-features	2026-09-08T15:20:34.1985700Z 
msrv	Run cargo test --locked --workspace --all-targets --all-features	2026-09-08T15:20:34.1986029Z running 1 test
msrv	Run cargo test --locked --workspace --all-targets --all-features	2026-09-08T15:20:34.1995588Z test storage_roundtrips_short_opaque_envelope_without_cipher_assumptions ... ok
msrv	Run cargo test --locked --workspace --all-targets --all-features	2026-09-08T15:20:34.1996754Z 
msrv	Run cargo test --locked --workspace --all-targets --all-features	2026-09-08T15:20:34.1997353Z test result: ok. 1 passed; 0 failed; 0 ignored; 0 measured; 0 filtered out; finished in 0.00s
msrv	Run cargo test --locked --workspace --all-targets --all-features	2026-09-08T15:20:34.2000538Z      Running tests/process_adversarial.rs (target/debug/deps/process_adversarial-99986bb5d5fee979)
msrv	Run cargo test --locked --workspace --all-targets --all-features	2026-09-08T15:20:34.2001170Z 
msrv	Run cargo test --locked --workspace --all-targets --all-features	2026-09-08T15:20:34.2011868Z 
msrv	Run cargo test --locked --workspace --all-targets --all-features	2026-09-08T15:20:34.2012196Z running 1 test
msrv	Run cargo test --locked --workspace --all-targets --all-features	2026-09-08T15:20:34.2033251Z test failed_reader_terminates_long_lived_child_without_owner_shutdown ... ok
msrv	Run cargo test --locked --workspace --all-targets --all-features	2026-09-08T15:20:34.2033987Z 
msrv	Run cargo test --locked --workspace --all-targets --all-features	2026-09-08T15:20:34.2034529Z test result: ok. 1 passed; 0 failed; 0 ignored; 0 measured; 0 filtered out; finished in 0.00s
msrv	Run cargo test --locked --workspace --all-targets --all-features	2026-09-08T15:20:34.2035326Z 
msrv	Run cargo test --locked --workspace --all-targets --all-features	2026-09-08T15:20:34.2038322Z      Running tests/process_contract.rs (target/debug/deps/process_contract-1e385ae6accebaae)
msrv	Run cargo test --locked --workspace --all-targets --all-features	2026-09-08T15:20:34.2048525Z 
msrv	Run cargo test --locked --workspace --all-targets --all-features	2026-09-08T15:20:34.2048836Z running 7 tests
msrv	Run cargo test --locked --workspace --all-targets --all-features	2026-09-08T15:20:34.2509281Z test cancellation_bypasses_full_input_and_escalates_once ... ok
msrv	Run cargo test --locked --workspace --all-targets --all-features	2026-09-08T15:20:34.2530446Z test controlling_terminal_echo_off_ordered_input_and_real_exit ... ok
msrv	Run cargo test --locked --workspace --all-targets --all-features	2026-09-08T15:20:34.2953143Z test descendant_endpoint_has_bounded_drain_separate_from_exit ... ok
msrv	Run cargo test --locked --workspace --all-targets --all-features	2026-09-08T15:20:34.3086864Z test failed_spawn_releases_admission_and_drop_reaps_child ... ok
msrv	Run cargo test --locked --workspace --all-targets --all-features	2026-09-08T15:20:34.3108395Z test literal_arguments_empty_environment_overrides_and_canonical_roots ... ok
msrv	Run cargo test --locked --workspace --all-targets --all-features	2026-09-08T15:20:34.3131327Z test resize_and_quiet_reader_shutdown_are_interruptible ... ok
msrv	Run cargo test --locked --workspace --all-targets --all-features	2026-09-08T15:20:34.4688674Z test blocked_output_does_not_block_exit_or_shutdown ... ok
msrv	Run cargo test --locked --workspace --all-targets --all-features	2026-09-08T15:20:34.4689660Z 
msrv	Run cargo test --locked --workspace --all-targets --all-features	2026-09-08T15:20:34.4690546Z test result: ok. 7 passed; 0 failed; 0 ignored; 0 measured; 0 filtered out; finished in 0.26s
msrv	Run cargo test --locked --workspace --all-targets --all-features	2026-09-08T15:20:34.4691531Z 
msrv	Run cargo test --locked --workspace --all-targets --all-features	2026-09-08T15:20:34.4695632Z      Running tests/process_handle_teardown.rs (target/debug/deps/process_handle_teardown-bc094fbb8cb21593)
msrv	Run cargo test --locked --workspace --all-targets --all-features	2026-09-08T15:20:34.4710082Z 
msrv	Run cargo test --locked --workspace --all-targets --all-features	2026-09-08T15:20:34.4710425Z running 1 test
msrv	Run cargo test --locked --workspace --all-targets --all-features	2026-09-08T15:20:34.4965429Z test retained_closed_handles_release_all_wake_descriptors ... ok
msrv	Run cargo test --locked --workspace --all-targets --all-features	2026-09-08T15:20:34.4966513Z 
msrv	Run cargo test --locked --workspace --all-targets --all-features	2026-09-08T15:20:34.4967206Z test result: ok. 1 passed; 0 failed; 0 ignored; 0 measured; 0 filtered out; finished in 0.03s
msrv	Run cargo test --locked --workspace --all-targets --all-features	2026-09-08T15:20:34.4967963Z 
msrv	Run cargo test --locked --workspace --all-targets --all-features	2026-09-08T15:20:34.4972245Z      Running tests/process_host_contract.rs (target/debug/deps/process_host_contract-193c63dd603f470d)
msrv	Run cargo test --locked --workspace --all-targets --all-features	2026-09-08T15:20:34.4984021Z 
msrv	Run cargo test --locked --workspace --all-targets --all-features	2026-09-08T15:20:34.4984360Z running 4 tests
msrv	Run cargo test --locked --workspace --all-targets --all-features	2026-09-08T15:20:34.5018512Z test backend_drop_ignores_twenty_four_hour_grace_and_reaps ... ok
msrv	Run cargo test --locked --workspace --all-targets --all-features	2026-09-08T15:20:34.5022780Z test sigchld_policy_fixture ... ignored, runs only inside the isolated host-policy subprocess
msrv	Run cargo test --locked --workspace --all-targets --all-features	2026-09-08T15:20:34.5038876Z test unexpected_reader_failure_kills_long_lived_child_without_grace_delay ... ok
msrv	Run cargo test --locked --workspace --all-targets --all-features	2026-09-08T15:20:34.5042775Z test constructor_rejects_auto_reaping_policies_in_isolated_hosts ... ok
msrv	Run cargo test --locked --workspace --all-targets --all-features	2026-09-08T15:20:34.5043801Z      Running tests/process_pressure.rs (target/debug/deps/process_pressure-ca324e752b15d1f9)
msrv	Run cargo test --locked --workspace --all-targets --all-features	2026-09-08T15:20:34.5044630Z 
msrv	Run cargo test --locked --workspace --all-targets --all-features	2026-09-08T15:20:34.5045178Z test result: ok. 3 passed; 0 failed; 1 ignored; 0 measured; 0 filtered out; finished in 0.01s
msrv	Run cargo test --locked --workspace --all-targets --all-features	2026-09-08T15:20:34.5045906Z 
msrv	Run cargo test --locked --workspace --all-targets --all-features	2026-09-08T15:20:34.5054817Z 
msrv	Run cargo test --locked --workspace --all-targets --all-features	2026-09-08T15:20:34.5055134Z running 4 tests
msrv	Run cargo test --locked --workspace --all-targets --all-features	2026-09-08T15:20:34.5115497Z test callback_panics_do_not_orphan_children_or_break_other_sessions ... ok
msrv	Run cargo test --locked --workspace --all-targets --all-features	2026-09-08T15:20:34.5602290Z test stalled_input_times_out_with_partial_ack_and_retains_no_admission ... ok
msrv	Run cargo test --locked --workspace --all-targets --all-features	2026-09-08T15:20:34.5614488Z test symlinks_cannot_escape_allowed_launch_roots ... ok
msrv	Run cargo test --locked --workspace --all-targets --all-features	2026-09-08T15:20:34.5740243Z test simultaneous_producers_deliver_complete_bytes_and_quiet_cancel_remains_live ... ok
msrv	Run cargo test --locked --workspace --all-targets --all-features	2026-09-08T15:20:34.5741109Z 
msrv	Run cargo test --locked --workspace --all-targets --all-features	2026-09-08T15:20:34.5741677Z test result: ok. 4 passed; 0 failed; 0 ignored; 0 measured; 0 filtered out; finished in 0.07s
msrv	Run cargo test --locked --workspace --all-targets --all-features	2026-09-08T15:20:34.5742391Z 
msrv	Run cargo test --locked --workspace --all-targets --all-features	2026-09-08T15:20:34.5748155Z      Running tests/scheduling_adversarial.rs (target/debug/deps/scheduling_adversarial-11edb9bc72f48351)
msrv	Run cargo test --locked --workspace --all-targets --all-features	2026-09-08T15:20:34.5760876Z 
msrv	Run cargo test --locked --workspace --all-targets --all-features	2026-09-08T15:20:34.5761214Z running 4 tests
msrv	Run cargo test --locked --workspace --all-targets --all-features	2026-09-08T15:20:34.5766469Z test excessive_worker_counts_are_rejected_before_thread_creation ... ok
msrv	Run cargo test --locked --workspace --all-targets --all-features	2026-09-08T15:20:34.5767556Z test impossible_blocking_queue_bound_returns_error_without_panicking ... ok
msrv	Run cargo test --locked --workspace --all-targets --all-features	2026-09-08T15:20:34.5768701Z test callback_owner_destructor_panic_does_not_destroy_worker_capacity ... ok
msrv	Run cargo test --locked --workspace --all-targets --all-features	2026-09-08T15:20:34.5769922Z test impossible_registration_bounds_return_errors_without_panicking ... ok
msrv	Run cargo test --locked --workspace --all-targets --all-features	2026-09-08T15:20:34.5771056Z      Running tests/scheduling_blocking.rs (target/debug/deps/scheduling_blocking-b3244989428ac821)
msrv	Run cargo test --locked --workspace --all-targets --all-features	2026-09-08T15:20:34.5771756Z 
msrv	Run cargo test --locked --workspace --all-targets --all-features	2026-09-08T15:20:34.5772329Z test result: ok. 4 passed; 0 failed; 0 ignored; 0 measured; 0 filtered out; finished in 0.00s
msrv	Run cargo test --locked --workspace --all-targets --all-features	2026-09-08T15:20:34.5773012Z 
msrv	Run cargo test --locked --workspace --all-targets --all-features	2026-09-08T15:20:34.5783145Z 
msrv	Run cargo test --locked --workspace --all-targets --all-features	2026-09-08T15:20:34.5783459Z running 3 tests
msrv	Run cargo test --locked --workspace --all-targets --all-features	2026-09-08T15:20:34.5788460Z test capacity_generation_preserves_early_notifications ... ok
msrv	Run cargo test --locked --workspace --all-targets --all-features	2026-09-08T15:20:34.5791484Z test blocked_job_admission_is_bounded_and_shutdown_drains_accepted_jobs ... ok
msrv	Run cargo test --locked --workspace --all-targets --all-features	2026-09-08T15:20:34.5797169Z      Running tests/scheduling_pool.rs (target/debug/deps/scheduling_pool-703ef14f9affa11e)
msrv	Run cargo test --locked --workspace --all-targets --all-features	2026-09-08T15:20:34.5798044Z test job_panic_does_not_kill_worker_and_drop_joins_work ... ok
msrv	Run cargo test --locked --workspace --all-targets --all-features	2026-09-08T15:20:34.5798475Z 
msrv	Run cargo test --locked --workspace --all-targets --all-features	2026-09-08T15:20:34.5799257Z test result: ok. 3 passed; 0 failed; 0 ignored; 0 measured; 0 filtered out; finished in 0.00s
msrv	Run cargo test --locked --workspace --all-targets --all-features	2026-09-08T15:20:34.5800086Z 
msrv	Run cargo test --locked --workspace --all-targets --all-features	2026-09-08T15:20:34.5808562Z 
msrv	Run cargo test --locked --workspace --all-targets --all-features	2026-09-08T15:20:34.5808882Z running 5 tests
msrv	Run cargo test --locked --workspace --all-targets --all-features	2026-09-08T15:20:34.5815323Z test callback_can_request_shutdown_without_self_join ... ok
msrv	Run cargo test --locked --workspace --all-targets --all-features	2026-09-08T15:20:34.5819228Z test panic_reports_failure_and_other_work_continues ... ok
msrv	Run cargo test --locked --workspace --all-targets --all-features	2026-09-08T15:20:34.5823472Z test registration_caps_handle_drop_and_weak_drop_reclaim_slots ... ok
msrv	Run cargo test --locked --workspace --all-targets --all-features	2026-09-08T15:20:34.5824534Z test running_wakes_coalesce_without_overlap_and_close_releases_after_run ... ok
msrv	Run cargo test --locked --workspace --all-targets --all-features	2026-09-08T15:20:34.5927820Z test timer_fires_without_external_wake_and_finished_closes_handle ... ok
msrv	Run cargo test --locked --workspace --all-targets --all-features	2026-09-08T15:20:34.5928463Z 
msrv	Run cargo test --locked --workspace --all-targets --all-features	2026-09-08T15:20:34.5929350Z test result: ok. 5 passed; 0 failed; 0 ignored; 0 measured; 0 filtered out; finished in 0.01s
msrv	Run cargo test --locked --workspace --all-targets --all-features	2026-09-08T15:20:34.5929943Z 
msrv	Run cargo test --locked --workspace --all-targets --all-features	2026-09-08T15:20:34.5930430Z      Running tests/terminal_bounds.rs (target/debug/deps/terminal_bounds-67f75f438ef2f847)
msrv	Run cargo test --locked --workspace --all-targets --all-features	2026-09-08T15:20:34.5943768Z 
msrv	Run cargo test --locked --workspace --all-targets --all-features	2026-09-08T15:20:34.5944145Z running 5 tests
msrv	Run cargo test --locked --workspace --all-targets --all-features	2026-09-08T15:20:34.5967354Z test chunk_admission_does_not_mutate_and_reply_overflow_invalidates_projection ... ok
msrv	Run cargo test --locked --workspace --all-targets --all-features	2026-09-08T15:20:34.7180680Z test checkpoint_and_native_allocations_are_bounded ... ok
msrv	Run cargo test --locked --workspace --all-targets --all-features	2026-09-08T15:20:34.7519957Z test corrupted_and_truncated_snapshots_never_complete_successfully ... ok
msrv	Run cargo test --locked --workspace --all-targets --all-features	2026-09-08T15:20:34.8421439Z test rejects_invalid_dimensions_config_and_incompatible_checkpoints ... ok
msrv	Run cargo test --locked --workspace --all-targets --all-features	2026-09-08T15:20:34.9142799Z test view_and_parser_continuation_have_explicit_budgets ... ok
msrv	Run cargo test --locked --workspace --all-targets --all-features	2026-09-08T15:20:34.9143543Z 
msrv	Run cargo test --locked --workspace --all-targets --all-features	2026-09-08T15:20:34.9144172Z test result: ok. 5 passed; 0 failed; 0 ignored; 0 measured; 0 filtered out; finished in 0.32s
msrv	Run cargo test --locked --workspace --all-targets --all-features	2026-09-08T15:20:34.9144901Z 
msrv	Run cargo test --locked --workspace --all-targets --all-features	2026-09-08T15:20:34.9150896Z      Running tests/terminal_contract.rs (target/debug/deps/terminal_contract-2ce9ab7626c28609)
msrv	Run cargo test --locked --workspace --all-targets --all-features	2026-09-08T15:20:34.9164119Z 
msrv	Run cargo test --locked --workspace --all-targets --all-features	2026-09-08T15:20:34.9164474Z running 6 tests
msrv	Run cargo test --locked --workspace --all-targets --all-features	2026-09-08T15:20:35.2417716Z test compression_preserves_wide_combining_text_and_full_history ... ok
msrv	Run cargo test --locked --workspace --all-targets --all-features	2026-09-08T15:20:35.2447735Z test incremental_text_styles_modes_cursor_and_ordered_resize ... ok
msrv	Run cargo test --locked --workspace --all-targets --all-features	2026-09-08T15:20:35.2457159Z test palette_and_default_color_overrides_are_domain_values ... ok
msrv	Run cargo test --locked --workspace --all-targets --all-features	2026-09-08T15:20:40.2357720Z test checkpoints_preserve_parser_continuation_and_uninterrupted_state ... ok
msrv	Run cargo test --locked --workspace --all-targets --all-features	2026-09-08T15:20:42.5728779Z test ready_fences_mutations_to_preserve_one_hundred_thousand_history_lines ... ok
msrv	Run cargo test --locked --workspace --all-targets --all-features	2026-09-08T15:20:42.6213540Z test terminal_owner_can_move_threads_and_drop_with_pending_history ... ok
msrv	Run cargo test --locked --workspace --all-targets --all-features	2026-09-08T15:20:42.6214375Z 
msrv	Run cargo test --locked --workspace --all-targets --all-features	2026-09-08T15:20:42.6215173Z test result: ok. 6 passed; 0 failed; 0 ignored; 0 measured; 0 filtered out; finished in 7.70s
msrv	Run cargo test --locked --workspace --all-targets --all-features	2026-09-08T15:20:42.6218751Z 
msrv	Post Run actions/checkout@v4	﻿2026-09-08T15:20:42.6369183Z Node 20 is being deprecated. This workflow is running with Node 24 by default. If you need to temporarily use Node 20, you can set the ACTIONS_ALLOW_USE_UNSECURE_NODE_VERSION=true environment variable. For more information see: https://github.blog/changelog/2025-09-19-deprecation-of-node-20-on-github-actions-runners/
msrv	Post Run actions/checkout@v4	2026-09-08T15:20:42.6370869Z Post job cleanup.
msrv	Post Run actions/checkout@v4	2026-09-08T15:20:42.7359282Z [command]/usr/bin/git version
msrv	Post Run actions/checkout@v4	2026-09-08T15:20:42.7437507Z git version 2.55.0
msrv	Post Run actions/checkout@v4	2026-09-08T15:20:42.7526085Z Temporarily overriding HOME='/home/runner/work/_temp/ee12acff-76d1-476c-b203-fe307c30fa97' before making global git config changes
msrv	Post Run actions/checkout@v4	2026-09-08T15:20:42.7552070Z Adding repository directory to the temporary git global config as a safe directory
msrv	Post Run actions/checkout@v4	2026-09-08T15:20:42.7553547Z [command]/usr/bin/git config --global --add safe.directory /home/runner/work/pty-runtime/pty-runtime
msrv	Post Run actions/checkout@v4	2026-09-08T15:20:42.7697584Z [command]/usr/bin/git config --local --name-only --get-regexp core\.sshCommand
msrv	Post Run actions/checkout@v4	2026-09-08T15:20:42.7701688Z [command]/usr/bin/git submodule foreach --recursive sh -c "git config --local --name-only --get-regexp 'core\.sshCommand' && git config --local --unset-all 'core.sshCommand' || :"
msrv	Post Run actions/checkout@v4	2026-09-08T15:20:42.7983800Z [command]/usr/bin/git config --local --name-only --get-regexp http\.https\:\/\/github\.com\/\.extraheader
msrv	Post Run actions/checkout@v4	2026-09-08T15:20:42.8036076Z http.https://github.com/.extraheader
msrv	Post Run actions/checkout@v4	2026-09-08T15:20:42.8049190Z [command]/usr/bin/git config --local --unset-all http.https://github.com/.extraheader
msrv	Post Run actions/checkout@v4	2026-09-08T15:20:42.8103463Z [command]/usr/bin/git submodule foreach --recursive sh -c "git config --local --name-only --get-regexp 'http\.https\:\/\/github\.com\/\.extraheader' && git config --local --unset-all 'http.https://github.com/.extraheader' || :"
msrv	Post Run actions/checkout@v4	2026-09-08T15:20:42.9150268Z [command]/usr/bin/git config --local --name-only --get-regexp ^includeIf\.gitdir:
msrv	Post Run actions/checkout@v4	2026-09-08T15:20:42.9305123Z [command]/usr/bin/git submodule foreach --recursive git config --local --show-origin --name-only --get-regexp remote.origin.url
msrv	Complete job	﻿2026-09-08T15:20:42.9541400Z Cleaning up orphan processes
msrv	Complete job	2026-09-08T15:20:42.9985769Z ##[warning]Node.js 20 is deprecated. The following actions target Node.js 20 but are being forced to run on Node.js 24: actions/checkout@v4. For more information see: https://github.blog/changelog/2025-09-19-deprecation-of-node-20-on-github-actions-runners/
gate (ubuntu-24.04)	Set up job	﻿2026-09-08T15:15:23.3539457Z Current runner version: '2.337.0'
gate (ubuntu-24.04)	Set up job	2026-09-08T15:15:23.3579863Z ##[group]Runner Image Provisioner
gate (ubuntu-24.04)	Set up job	2026-09-08T15:15:23.3581179Z Hosted Compute Agent
gate (ubuntu-24.04)	Set up job	2026-09-08T15:15:23.3602792Z Version: 20260828.587
gate (ubuntu-24.04)	Set up job	2026-09-08T15:15:23.3603935Z Commit: abac92662cab4cc7352de4f9f9d2e2419aad9c29
gate (ubuntu-24.04)	Set up job	2026-09-08T15:15:23.3605190Z Build Date: 2026-08-28T16:44:25Z
gate (ubuntu-24.04)	Set up job	2026-09-08T15:15:23.3606296Z Worker ID: {b5086157-9c82-498a-a754-6d7541e8b1ae}
gate (ubuntu-24.04)	Set up job	2026-09-08T15:15:23.3607394Z Azure Region: centralus
gate (ubuntu-24.04)	Set up job	2026-09-08T15:15:23.3608401Z ##[endgroup]
gate (ubuntu-24.04)	Set up job	2026-09-08T15:15:23.3610692Z ##[group]Operating System
gate (ubuntu-24.04)	Set up job	2026-09-08T15:15:23.3611969Z Ubuntu
gate (ubuntu-24.04)	Set up job	2026-09-08T15:15:23.3612943Z 24.04.4
gate (ubuntu-24.04)	Set up job	2026-09-08T15:15:23.3613786Z LTS
gate (ubuntu-24.04)	Set up job	2026-09-08T15:15:23.3614685Z ##[endgroup]
gate (ubuntu-24.04)	Set up job	2026-09-08T15:15:23.3615592Z ##[group]Runner Image
gate (ubuntu-24.04)	Set up job	2026-09-08T15:15:23.3616480Z Image: ubuntu-24.04
gate (ubuntu-24.04)	Set up job	2026-09-08T15:15:23.3617512Z Version: 20260831.293.1
gate (ubuntu-24.04)	Set up job	2026-09-08T15:15:23.3619303Z Included Software: https://github.com/actions/runner-images/blob/ubuntu24/20260831.293/images/ubuntu/Ubuntu2404-Readme.md
gate (ubuntu-24.04)	Set up job	2026-09-08T15:15:23.3623353Z Image Release: https://github.com/actions/runner-images/releases/tag/ubuntu24%2F20260831.293
gate (ubuntu-24.04)	Set up job	2026-09-08T15:15:23.3624960Z ##[endgroup]
gate (ubuntu-24.04)	Set up job	2026-09-08T15:15:23.3626911Z ##[group]GITHUB_TOKEN Permissions
gate (ubuntu-24.04)	Set up job	2026-09-08T15:15:23.3630389Z Contents: read
gate (ubuntu-24.04)	Set up job	2026-09-08T15:15:23.3631832Z Metadata: read
gate (ubuntu-24.04)	Set up job	2026-09-08T15:15:23.3632738Z ##[endgroup]
gate (ubuntu-24.04)	Set up job	2026-09-08T15:15:23.3636145Z Secret source: Actions
gate (ubuntu-24.04)	Set up job	2026-09-08T15:15:23.3638152Z Prepare workflow directory
gate (ubuntu-24.04)	Set up job	2026-09-08T15:15:23.4817773Z Prepare all required actions
gate (ubuntu-24.04)	Set up job	2026-09-08T15:15:23.4950692Z Getting action download info
gate (ubuntu-24.04)	Set up job	2026-09-08T15:15:23.7620590Z Download action repository 'actions/checkout@v4' (SHA:11d5960a326750d5838078e36cf38b85af677262)
gate (ubuntu-24.04)	Set up job	2026-09-08T15:15:23.8840125Z Download action repository 'actions/setup-python@v5' (SHA:a26af69be951a213d495a4c3e4e4022e16d87065)
gate (ubuntu-24.04)	Set up job	2026-09-08T15:15:23.9752121Z Download action repository 'actions/cache@v4' (SHA:0057852bfaa89a56745cba8c7296529d2fc39830)
gate (ubuntu-24.04)	Set up job	2026-09-08T15:15:24.1899517Z Complete job name: gate (ubuntu-24.04)
gate (ubuntu-24.04)	Run actions/checkout@v4	﻿2026-09-08T15:15:24.2635856Z Node 20 is being deprecated. This workflow is running with Node 24 by default. If you need to temporarily use Node 20, you can set the ACTIONS_ALLOW_USE_UNSECURE_NODE_VERSION=true environment variable. For more information see: https://github.blog/changelog/2025-09-19-deprecation-of-node-20-on-github-actions-runners/
gate (ubuntu-24.04)	Run actions/checkout@v4	2026-09-08T15:15:24.2644754Z ##[group]Run actions/checkout@v4
gate (ubuntu-24.04)	Run actions/checkout@v4	2026-09-08T15:15:24.2645459Z with:
gate (ubuntu-24.04)	Run actions/checkout@v4	2026-09-08T15:15:24.2645911Z   repository: nessalabs/pty-runtime
gate (ubuntu-24.04)	Run actions/checkout@v4	2026-09-08T15:15:24.2649792Z   token: ***
gate (ubuntu-24.04)	Run actions/checkout@v4	2026-09-08T15:15:24.2650237Z   ssh-strict: true
gate (ubuntu-24.04)	Run actions/checkout@v4	2026-09-08T15:15:24.2650682Z   ssh-user: git
gate (ubuntu-24.04)	Run actions/checkout@v4	2026-09-08T15:15:24.2651125Z   persist-credentials: true
gate (ubuntu-24.04)	Run actions/checkout@v4	2026-09-08T15:15:24.2651794Z   clean: true
gate (ubuntu-24.04)	Run actions/checkout@v4	2026-09-08T15:15:24.2652250Z   sparse-checkout-cone-mode: true
gate (ubuntu-24.04)	Run actions/checkout@v4	2026-09-08T15:15:24.2652768Z   fetch-depth: 1
gate (ubuntu-24.04)	Run actions/checkout@v4	2026-09-08T15:15:24.2653193Z   fetch-tags: false
gate (ubuntu-24.04)	Run actions/checkout@v4	2026-09-08T15:15:24.2653643Z   show-progress: true
gate (ubuntu-24.04)	Run actions/checkout@v4	2026-09-08T15:15:24.2654086Z   lfs: false
gate (ubuntu-24.04)	Run actions/checkout@v4	2026-09-08T15:15:24.2654497Z   submodules: false
gate (ubuntu-24.04)	Run actions/checkout@v4	2026-09-08T15:15:24.2655012Z   set-safe-directory: true
gate (ubuntu-24.04)	Run actions/checkout@v4	2026-09-08T15:15:24.2655513Z   allow-unsafe-pr-checkout: false
gate (ubuntu-24.04)	Run actions/checkout@v4	2026-09-08T15:15:24.2656399Z env:
gate (ubuntu-24.04)	Run actions/checkout@v4	2026-09-08T15:15:24.2656821Z   RUSTUP_TOOLCHAIN: stable
gate (ubuntu-24.04)	Run actions/checkout@v4	2026-09-08T15:15:24.2657322Z ##[endgroup]
gate (ubuntu-24.04)	Run actions/checkout@v4	2026-09-08T15:15:24.4596278Z Syncing repository: nessalabs/pty-runtime
gate (ubuntu-24.04)	Run actions/checkout@v4	2026-09-08T15:15:24.4598956Z ##[group]Getting Git version info
gate (ubuntu-24.04)	Run actions/checkout@v4	2026-09-08T15:15:24.4600370Z Working directory is '/home/runner/work/pty-runtime/pty-runtime'
gate (ubuntu-24.04)	Run actions/checkout@v4	2026-09-08T15:15:24.4602622Z [command]/usr/bin/git version
gate (ubuntu-24.04)	Run actions/checkout@v4	2026-09-08T15:15:24.4603526Z git version 2.55.0
gate (ubuntu-24.04)	Run actions/checkout@v4	2026-09-08T15:15:24.4606427Z ##[endgroup]
gate (ubuntu-24.04)	Run actions/checkout@v4	2026-09-08T15:15:24.4613134Z Temporarily overriding HOME='/home/runner/work/_temp/27d1a54a-dbe1-4b5b-ad03-5d7cff0e29d7' before making global git config changes
gate (ubuntu-24.04)	Run actions/checkout@v4	2026-09-08T15:15:24.4615493Z Adding repository directory to the temporary git global config as a safe directory
gate (ubuntu-24.04)	Run actions/checkout@v4	2026-09-08T15:15:24.4617387Z [command]/usr/bin/git config --global --add safe.directory /home/runner/work/pty-runtime/pty-runtime
gate (ubuntu-24.04)	Run actions/checkout@v4	2026-09-08T15:15:24.4640588Z Deleting the contents of '/home/runner/work/pty-runtime/pty-runtime'
gate (ubuntu-24.04)	Run actions/checkout@v4	2026-09-08T15:15:24.4642943Z ##[group]Initializing the repository
gate (ubuntu-24.04)	Run actions/checkout@v4	2026-09-08T15:15:24.4644399Z [command]/usr/bin/git init /home/runner/work/pty-runtime/pty-runtime
gate (ubuntu-24.04)	Run actions/checkout@v4	2026-09-08T15:15:24.4723040Z hint: Using 'master' as the name for the initial branch. This default branch name
gate (ubuntu-24.04)	Run actions/checkout@v4	2026-09-08T15:15:24.4752572Z hint: will change to "main" in Git 3.0. To configure the initial branch name
gate (ubuntu-24.04)	Run actions/checkout@v4	2026-09-08T15:15:24.4754308Z hint: to use in all of your new repositories, which will suppress this warning,
gate (ubuntu-24.04)	Run actions/checkout@v4	2026-09-08T15:15:24.4772496Z hint: call:
gate (ubuntu-24.04)	Run actions/checkout@v4	2026-09-08T15:15:24.4773264Z hint:
gate (ubuntu-24.04)	Run actions/checkout@v4	2026-09-08T15:15:24.4792542Z hint: 	git config --global init.defaultBranch <name>
gate (ubuntu-24.04)	Run actions/checkout@v4	2026-09-08T15:15:24.4809895Z hint:
gate (ubuntu-24.04)	Run actions/checkout@v4	2026-09-08T15:15:24.4856929Z hint: Names commonly chosen instead of 'master' are 'main', 'trunk' and
gate (ubuntu-24.04)	Run actions/checkout@v4	2026-09-08T15:15:24.4858815Z hint: 'development'. The just-created branch can be renamed via this command:
gate (ubuntu-24.04)	Run actions/checkout@v4	2026-09-08T15:15:24.4860331Z hint:
gate (ubuntu-24.04)	Run actions/checkout@v4	2026-09-08T15:15:24.4861270Z hint: 	git branch -m <name>
gate (ubuntu-24.04)	Run actions/checkout@v4	2026-09-08T15:15:24.4862575Z hint:
gate (ubuntu-24.04)	Run actions/checkout@v4	2026-09-08T15:15:24.4863720Z hint: Disable this message with "git config set advice.defaultBranchName false"
gate (ubuntu-24.04)	Run actions/checkout@v4	2026-09-08T15:15:24.4865804Z Initialized empty Git repository in /home/runner/work/pty-runtime/pty-runtime/.git/
gate (ubuntu-24.04)	Run actions/checkout@v4	2026-09-08T15:15:24.4869425Z [command]/usr/bin/git remote add origin https://github.com/nessalabs/pty-runtime
gate (ubuntu-24.04)	Run actions/checkout@v4	2026-09-08T15:15:24.4872799Z ##[endgroup]
gate (ubuntu-24.04)	Run actions/checkout@v4	2026-09-08T15:15:24.4874117Z ##[group]Disabling automatic garbage collection
gate (ubuntu-24.04)	Run actions/checkout@v4	2026-09-08T15:15:24.4875316Z [command]/usr/bin/git config --local gc.auto 0
gate (ubuntu-24.04)	Run actions/checkout@v4	2026-09-08T15:15:24.4902970Z ##[endgroup]
gate (ubuntu-24.04)	Run actions/checkout@v4	2026-09-08T15:15:24.4904449Z ##[group]Setting up auth
gate (ubuntu-24.04)	Run actions/checkout@v4	2026-09-08T15:15:24.4905967Z [command]/usr/bin/git config --local --name-only --get-regexp core\.sshCommand
gate (ubuntu-24.04)	Run actions/checkout@v4	2026-09-08T15:15:24.4916591Z [command]/usr/bin/git submodule foreach --recursive sh -c "git config --local --name-only --get-regexp 'core\.sshCommand' && git config --local --unset-all 'core.sshCommand' || :"
gate (ubuntu-24.04)	Run actions/checkout@v4	2026-09-08T15:15:24.5627268Z [command]/usr/bin/git config --local --name-only --get-regexp http\.https\:\/\/github\.com\/\.extraheader
gate (ubuntu-24.04)	Run actions/checkout@v4	2026-09-08T15:15:24.5646204Z [command]/usr/bin/git submodule foreach --recursive sh -c "git config --local --name-only --get-regexp 'http\.https\:\/\/github\.com\/\.extraheader' && git config --local --unset-all 'http.https://github.com/.extraheader' || :"
gate (ubuntu-24.04)	Run actions/checkout@v4	2026-09-08T15:15:24.6197301Z [command]/usr/bin/git config --local --name-only --get-regexp ^includeIf\.gitdir:
gate (ubuntu-24.04)	Run actions/checkout@v4	2026-09-08T15:15:24.6202471Z [command]/usr/bin/git submodule foreach --recursive git config --local --show-origin --name-only --get-regexp remote.origin.url
gate (ubuntu-24.04)	Run actions/checkout@v4	2026-09-08T15:15:24.6306295Z [command]/usr/bin/git config --local http.https://github.com/.extraheader AUTHORIZATION: basic ***
gate (ubuntu-24.04)	Run actions/checkout@v4	2026-09-08T15:15:24.6352068Z ##[endgroup]
gate (ubuntu-24.04)	Run actions/checkout@v4	2026-09-08T15:15:24.6354254Z ##[group]Fetching the repository
gate (ubuntu-24.04)	Run actions/checkout@v4	2026-09-08T15:15:24.6364162Z [command]/usr/bin/git -c protocol.version=2 fetch --no-tags --prune --no-recurse-submodules --depth=1 origin +52ad04c3519616e6cedea9ac8707406970a40ed7:refs/remotes/origin/main
gate (ubuntu-24.04)	Run actions/checkout@v4	2026-09-08T15:15:25.3579017Z From https://github.com/nessalabs/pty-runtime
gate (ubuntu-24.04)	Run actions/checkout@v4	2026-09-08T15:15:25.3594292Z  * [new ref]         52ad04c3519616e6cedea9ac8707406970a40ed7 -> origin/main
gate (ubuntu-24.04)	Run actions/checkout@v4	2026-09-08T15:15:25.3598764Z ##[endgroup]
gate (ubuntu-24.04)	Run actions/checkout@v4	2026-09-08T15:15:25.3600271Z ##[group]Determining the checkout info
gate (ubuntu-24.04)	Run actions/checkout@v4	2026-09-08T15:15:25.3602148Z ##[endgroup]
gate (ubuntu-24.04)	Run actions/checkout@v4	2026-09-08T15:15:25.3603156Z [command]/usr/bin/git sparse-checkout disable
gate (ubuntu-24.04)	Run actions/checkout@v4	2026-09-08T15:15:25.3653058Z [command]/usr/bin/git config --local --unset-all extensions.worktreeConfig
gate (ubuntu-24.04)	Run actions/checkout@v4	2026-09-08T15:15:25.3697136Z ##[group]Checking out the ref
gate (ubuntu-24.04)	Run actions/checkout@v4	2026-09-08T15:15:25.3698803Z [command]/usr/bin/git checkout --progress --force -B main refs/remotes/origin/main
gate (ubuntu-24.04)	Run actions/checkout@v4	2026-09-08T15:15:25.4031303Z Switched to a new branch 'main'
gate (ubuntu-24.04)	Run actions/checkout@v4	2026-09-08T15:15:25.4048745Z branch 'main' set up to track 'origin/main'.
gate (ubuntu-24.04)	Run actions/checkout@v4	2026-09-08T15:15:25.4062555Z ##[endgroup]
gate (ubuntu-24.04)	Run actions/checkout@v4	2026-09-08T15:15:25.4100429Z [command]/usr/bin/git log -1 --format=%H
gate (ubuntu-24.04)	Run actions/checkout@v4	2026-09-08T15:15:25.4142339Z 52ad04c3519616e6cedea9ac8707406970a40ed7
gate (ubuntu-24.04)	Run actions/setup-python@v5	﻿2026-09-08T15:15:25.4448415Z Node 20 is being deprecated. This workflow is running with Node 24 by default. If you need to temporarily use Node 20, you can set the ACTIONS_ALLOW_USE_UNSECURE_NODE_VERSION=true environment variable. For more information see: https://github.blog/changelog/2025-09-19-deprecation-of-node-20-on-github-actions-runners/
gate (ubuntu-24.04)	Run actions/setup-python@v5	2026-09-08T15:15:25.4451306Z ##[group]Run actions/setup-python@v5
gate (ubuntu-24.04)	Run actions/setup-python@v5	2026-09-08T15:15:25.4452024Z with:
gate (ubuntu-24.04)	Run actions/setup-python@v5	2026-09-08T15:15:25.4452480Z   python-version: 3.12
gate (ubuntu-24.04)	Run actions/setup-python@v5	2026-09-08T15:15:25.4452992Z   check-latest: false
gate (ubuntu-24.04)	Run actions/setup-python@v5	2026-09-08T15:15:25.4456949Z   token: ***
gate (ubuntu-24.04)	Run actions/setup-python@v5	2026-09-08T15:15:25.4457432Z   update-environment: true
gate (ubuntu-24.04)	Run actions/setup-python@v5	2026-09-08T15:15:25.4457978Z   allow-prereleases: false
gate (ubuntu-24.04)	Run actions/setup-python@v5	2026-09-08T15:15:25.4458501Z   freethreaded: false
gate (ubuntu-24.04)	Run actions/setup-python@v5	2026-09-08T15:15:25.4458981Z env:
gate (ubuntu-24.04)	Run actions/setup-python@v5	2026-09-08T15:15:25.4459427Z   RUSTUP_TOOLCHAIN: stable
gate (ubuntu-24.04)	Run actions/setup-python@v5	2026-09-08T15:15:25.4459955Z ##[endgroup]
gate (ubuntu-24.04)	Run actions/setup-python@v5	2026-09-08T15:15:25.6085542Z ##[group]Installed versions
gate (ubuntu-24.04)	Run actions/setup-python@v5	2026-09-08T15:15:25.6175968Z (node:2017) [DEP0040] DeprecationWarning: The `punycode` module is deprecated. Please use a userland alternative instead.
gate (ubuntu-24.04)	Run actions/setup-python@v5	2026-09-08T15:15:25.6178694Z Successfully set up CPython (3.12.14)
gate (ubuntu-24.04)	Run actions/setup-python@v5	2026-09-08T15:15:25.6180573Z (Use `node --trace-deprecation ...` to show where the warning was created)
gate (ubuntu-24.04)	Run actions/setup-python@v5	2026-09-08T15:15:25.6204518Z ##[endgroup]
gate (ubuntu-24.04)	Run rustup toolchain install stable --profile minimal --component clippy --component rustfmt	﻿2026-09-08T15:15:25.6598038Z ##[group]Run rustup toolchain install stable --profile minimal --component clippy --component rustfmt
gate (ubuntu-24.04)	Run rustup toolchain install stable --profile minimal --component clippy --component rustfmt	2026-09-08T15:15:25.6602327Z ^[[36;1mrustup toolchain install stable --profile minimal --component clippy --component rustfmt^[[0m
gate (ubuntu-24.04)	Run rustup toolchain install stable --profile minimal --component clippy --component rustfmt	2026-09-08T15:15:25.6703050Z shell: /usr/bin/bash -e {0}
gate (ubuntu-24.04)	Run rustup toolchain install stable --profile minimal --component clippy --component rustfmt	2026-09-08T15:15:25.6704313Z env:
gate (ubuntu-24.04)	Run rustup toolchain install stable --profile minimal --component clippy --component rustfmt	2026-09-08T15:15:25.6705199Z   RUSTUP_TOOLCHAIN: stable
gate (ubuntu-24.04)	Run rustup toolchain install stable --profile minimal --component clippy --component rustfmt	2026-09-08T15:15:25.6706665Z   pythonLocation: /opt/hostedtoolcache/Python/3.12.14/x64
gate (ubuntu-24.04)	Run rustup toolchain install stable --profile minimal --component clippy --component rustfmt	2026-09-08T15:15:25.6709054Z   PKG_CONFIG_PATH: /opt/hostedtoolcache/Python/3.12.14/x64/lib/pkgconfig
gate (ubuntu-24.04)	Run rustup toolchain install stable --profile minimal --component clippy --component rustfmt	2026-09-08T15:15:25.6712260Z   Python_ROOT_DIR: /opt/hostedtoolcache/Python/3.12.14/x64
gate (ubuntu-24.04)	Run rustup toolchain install stable --profile minimal --component clippy --component rustfmt	2026-09-08T15:15:25.6714847Z   Python2_ROOT_DIR: /opt/hostedtoolcache/Python/3.12.14/x64
gate (ubuntu-24.04)	Run rustup toolchain install stable --profile minimal --component clippy --component rustfmt	2026-09-08T15:15:25.6716950Z   Python3_ROOT_DIR: /opt/hostedtoolcache/Python/3.12.14/x64
gate (ubuntu-24.04)	Run rustup toolchain install stable --profile minimal --component clippy --component rustfmt	2026-09-08T15:15:25.6718977Z   LD_LIBRARY_PATH: /opt/hostedtoolcache/Python/3.12.14/x64/lib
gate (ubuntu-24.04)	Run rustup toolchain install stable --profile minimal --component clippy --component rustfmt	2026-09-08T15:15:25.6720730Z ##[endgroup]
gate (ubuntu-24.04)	Run rustup toolchain install stable --profile minimal --component clippy --component rustfmt	2026-09-08T15:15:25.9282980Z info: syncing channel updates for stable-x86_64-unknown-linux-gnu
gate (ubuntu-24.04)	Run rustup toolchain install stable --profile minimal --component clippy --component rustfmt	2026-09-08T15:15:26.4397562Z info: latest update on 2026-09-03 for version 1.98.1 (48a229cea 2026-09-01)
gate (ubuntu-24.04)	Run rustup toolchain install stable --profile minimal --component clippy --component rustfmt	2026-09-08T15:15:26.4652905Z info: removing previous version of component clippy
gate (ubuntu-24.04)	Run rustup toolchain install stable --profile minimal --component clippy --component rustfmt	2026-09-08T15:15:26.4668181Z info: removing previous version of component rustfmt
gate (ubuntu-24.04)	Run rustup toolchain install stable --profile minimal --component clippy --component rustfmt	2026-09-08T15:15:26.4682698Z info: removing previous version of component cargo
gate (ubuntu-24.04)	Run rustup toolchain install stable --profile minimal --component clippy --component rustfmt	2026-09-08T15:15:26.4740654Z info: removing previous version of component rust-std
gate (ubuntu-24.04)	Run rustup toolchain install stable --profile minimal --component clippy --component rustfmt	2026-09-08T15:15:26.4809146Z info: removing previous version of component rustc
gate (ubuntu-24.04)	Run rustup toolchain install stable --profile minimal --component clippy --component rustfmt	2026-09-08T15:15:26.4878028Z info: downloading 5 components
gate (ubuntu-24.04)	Run rustup toolchain install stable --profile minimal --component clippy --component rustfmt	2026-09-08T15:15:35.8539189Z 
gate (ubuntu-24.04)	Run rustup toolchain install stable --profile minimal --component clippy --component rustfmt	2026-09-08T15:15:35.8641982Z   stable-x86_64-unknown-linux-gnu updated - rustc 1.98.1 (48a229cea 2026-09-01) (from rustc 1.98.0 (88d9e12ae 2026-08-18))
gate (ubuntu-24.04)	Run rustup toolchain install stable --profile minimal --component clippy --component rustfmt	2026-09-08T15:15:35.8643638Z 
gate (ubuntu-24.04)	Run actions/cache@v4	﻿2026-09-08T15:15:35.9452526Z Node 20 is being deprecated. This workflow is running with Node 24 by default. If you need to temporarily use Node 20, you can set the ACTIONS_ALLOW_USE_UNSECURE_NODE_VERSION=true environment variable. For more information see: https://github.blog/changelog/2025-09-19-deprecation-of-node-20-on-github-actions-runners/
gate (ubuntu-24.04)	Run actions/cache@v4	2026-09-08T15:15:35.9453810Z ##[group]Run actions/cache@v4
gate (ubuntu-24.04)	Run actions/cache@v4	2026-09-08T15:15:35.9454064Z with:
gate (ubuntu-24.04)	Run actions/cache@v4	2026-09-08T15:15:35.9454283Z   path: work/experiment-cache
gate (ubuntu-24.04)	Run actions/cache@v4	2026-09-08T15:15:35.9454783Z   key: native-baseline-v2-Linux-X64-4159ce70eab311e023a97dc54988244068bc7daa2753c2b79070cfa6cb02643b
gate (ubuntu-24.04)	Run actions/cache@v4	2026-09-08T15:15:35.9455329Z   enableCrossOsArchive: false
gate (ubuntu-24.04)	Run actions/cache@v4	2026-09-08T15:15:35.9455582Z   fail-on-cache-miss: false
gate (ubuntu-24.04)	Run actions/cache@v4	2026-09-08T15:15:35.9455825Z   lookup-only: false
gate (ubuntu-24.04)	Run actions/cache@v4	2026-09-08T15:15:35.9456048Z   save-always: false
gate (ubuntu-24.04)	Run actions/cache@v4	2026-09-08T15:15:35.9456566Z env:
gate (ubuntu-24.04)	Run actions/cache@v4	2026-09-08T15:15:35.9456768Z   RUSTUP_TOOLCHAIN: stable
gate (ubuntu-24.04)	Run actions/cache@v4	2026-09-08T15:15:35.9457081Z   pythonLocation: /opt/hostedtoolcache/Python/3.12.14/x64
gate (ubuntu-24.04)	Run actions/cache@v4	2026-09-08T15:15:35.9457530Z   PKG_CONFIG_PATH: /opt/hostedtoolcache/Python/3.12.14/x64/lib/pkgconfig
gate (ubuntu-24.04)	Run actions/cache@v4	2026-09-08T15:15:35.9458022Z   Python_ROOT_DIR: /opt/hostedtoolcache/Python/3.12.14/x64
gate (ubuntu-24.04)	Run actions/cache@v4	2026-09-08T15:15:35.9458407Z   Python2_ROOT_DIR: /opt/hostedtoolcache/Python/3.12.14/x64
gate (ubuntu-24.04)	Run actions/cache@v4	2026-09-08T15:15:35.9458794Z   Python3_ROOT_DIR: /opt/hostedtoolcache/Python/3.12.14/x64
gate (ubuntu-24.04)	Run actions/cache@v4	2026-09-08T15:15:35.9459175Z   LD_LIBRARY_PATH: /opt/hostedtoolcache/Python/3.12.14/x64/lib
gate (ubuntu-24.04)	Run actions/cache@v4	2026-09-08T15:15:35.9459512Z ##[endgroup]
gate (ubuntu-24.04)	Run actions/cache@v4	2026-09-08T15:15:36.0652055Z (node:2069) [DEP0040] DeprecationWarning: The `punycode` module is deprecated. Please use a userland alternative instead.
gate (ubuntu-24.04)	Run actions/cache@v4	2026-09-08T15:15:36.0653424Z (Use `node --trace-deprecation ...` to show where the warning was created)
gate (ubuntu-24.04)	Run actions/cache@v4	2026-09-08T15:15:36.2013851Z Cache not found for input keys: native-baseline-v2-Linux-X64-4159ce70eab311e023a97dc54988244068bc7daa2753c2b79070cfa6cb02643b
gate (ubuntu-24.04)	Run python3 scripts/gate.py	﻿2026-09-08T15:15:36.2138568Z ##[group]Run python3 scripts/gate.py
gate (ubuntu-24.04)	Run python3 scripts/gate.py	2026-09-08T15:15:36.2138932Z ^[[36;1mpython3 scripts/gate.py^[[0m
gate (ubuntu-24.04)	Run python3 scripts/gate.py	2026-09-08T15:15:36.2182279Z shell: /usr/bin/bash -e {0}
gate (ubuntu-24.04)	Run python3 scripts/gate.py	2026-09-08T15:15:36.2182565Z env:
gate (ubuntu-24.04)	Run python3 scripts/gate.py	2026-09-08T15:15:36.2182781Z   RUSTUP_TOOLCHAIN: stable
gate (ubuntu-24.04)	Run python3 scripts/gate.py	2026-09-08T15:15:36.2183139Z   pythonLocation: /opt/hostedtoolcache/Python/3.12.14/x64
gate (ubuntu-24.04)	Run python3 scripts/gate.py	2026-09-08T15:15:36.2183588Z   PKG_CONFIG_PATH: /opt/hostedtoolcache/Python/3.12.14/x64/lib/pkgconfig
gate (ubuntu-24.04)	Run python3 scripts/gate.py	2026-09-08T15:15:36.2184020Z   Python_ROOT_DIR: /opt/hostedtoolcache/Python/3.12.14/x64
gate (ubuntu-24.04)	Run python3 scripts/gate.py	2026-09-08T15:15:36.2184458Z   Python2_ROOT_DIR: /opt/hostedtoolcache/Python/3.12.14/x64
gate (ubuntu-24.04)	Run python3 scripts/gate.py	2026-09-08T15:15:36.2184848Z   Python3_ROOT_DIR: /opt/hostedtoolcache/Python/3.12.14/x64
gate (ubuntu-24.04)	Run python3 scripts/gate.py	2026-09-08T15:15:36.2185230Z   LD_LIBRARY_PATH: /opt/hostedtoolcache/Python/3.12.14/x64/lib
gate (ubuntu-24.04)	Run python3 scripts/gate.py	2026-09-08T15:15:36.2185559Z ##[endgroup]
gate (ubuntu-24.04)	Run python3 scripts/gate.py	2026-09-08T15:15:36.3119040Z + python3 -m unittest discover -s scripts/tests -v
gate (ubuntu-24.04)	Run python3 scripts/gate.py	2026-09-08T15:15:36.7535082Z test_actual_workspace_is_accepted (test_gate.ArchitectureGateTests.test_actual_workspace_is_accepted) ... ok
gate (ubuntu-24.04)	Run python3 scripts/gate.py	2026-09-08T15:15:36.7556214Z test_correctly_named_dependency_pointing_elsewhere_is_rejected (test_gate.ArchitectureGateTests.test_correctly_named_dependency_pointing_elsewhere_is_rejected) ... ok
gate (ubuntu-24.04)	Run python3 scripts/gate.py	2026-09-08T15:15:36.7768119Z test_external_core_dependencies_in_all_declaration_kinds_are_rejected (test_gate.ArchitectureGateTests.test_external_core_dependencies_in_all_declaration_kinds_are_rejected) ... ok
gate (ubuntu-24.04)	Run python3 scripts/gate.py	2026-09-08T15:15:36.7792215Z test_infrastructure_to_facade_reverse_edge_is_rejected (test_gate.ArchitectureGateTests.test_infrastructure_to_facade_reverse_edge_is_rejected) ... ok
gate (ubuntu-24.04)	Run python3 scripts/gate.py	2026-09-08T15:15:36.7837388Z test_missing_each_required_package_is_rejected (test_gate.ArchitectureGateTests.test_missing_each_required_package_is_rejected) ... ok
gate (ubuntu-24.04)	Run python3 scripts/gate.py	2026-09-08T15:15:36.7855646Z test_registry_dependency_impersonating_domain_is_rejected (test_gate.ArchitectureGateTests.test_registry_dependency_impersonating_domain_is_rejected) ... ok
gate (ubuntu-24.04)	Run python3 scripts/gate.py	2026-09-08T15:15:36.7868610Z test_relocated_package_is_rejected (test_gate.ArchitectureGateTests.test_relocated_package_is_rejected) ... ok
gate (ubuntu-24.04)	Run python3 scripts/gate.py	2026-09-08T15:15:36.7887743Z test_renamed_alias_does_not_hide_wrong_path (test_gate.ArchitectureGateTests.test_renamed_alias_does_not_hide_wrong_path) ... ok
gate (ubuntu-24.04)	Run python3 scripts/gate.py	2026-09-08T15:15:36.7899306Z test_renamed_core_package_is_rejected (test_gate.ArchitectureGateTests.test_renamed_core_package_is_rejected) ... ok
gate (ubuntu-24.04)	Run python3 scripts/gate.py	2026-09-08T15:15:36.7912779Z test_required_nonmember_is_rejected (test_gate.ArchitectureGateTests.test_required_nonmember_is_rejected) ... ok
gate (ubuntu-24.04)	Run python3 scripts/gate.py	2026-09-08T15:15:36.8004074Z test_valid_domain_alias_remains_allowed (test_gate.ArchitectureGateTests.test_valid_domain_alias_remains_allowed) ... ok
gate (ubuntu-24.04)	Run python3 scripts/gate.py	2026-09-08T15:15:36.8018624Z test_existing_evidence_is_never_overwritten (test_performance.PerformanceEvidence.test_existing_evidence_is_never_overwritten) ... ok
gate (ubuntu-24.04)	Run python3 scripts/gate.py	2026-09-08T15:15:36.8044400Z test_timeout_preserves_raw_and_metadata (test_performance.PerformanceEvidence.test_timeout_preserves_raw_and_metadata) ... ok
gate (ubuntu-24.04)	Run python3 scripts/gate.py	2026-09-08T15:15:36.8045805Z Evidence directory: /tmp/tmp7hf9_jz8/evidence
gate (ubuntu-24.04)	Run python3 scripts/gate.py	2026-09-08T15:15:36.9227699Z test_oversized_native_rust_c_and_header_are_rejected (test_sizes.SizeGateTests.test_oversized_native_rust_c_and_header_are_rejected) ... ok
gate (ubuntu-24.04)	Run python3 scripts/gate.py	2026-09-08T15:15:36.9228878Z partial test output
gate (ubuntu-24.04)	Run python3 scripts/gate.py	2026-09-08T15:15:36.9242451Z 
gate (ubuntu-24.04)	Run python3 scripts/gate.py	2026-09-08T15:15:36.9262532Z ----------------------------------------------------------------------
gate (ubuntu-24.04)	Run python3 scripts/gate.py	2026-09-08T15:15:36.9282116Z Ran 14 tests in 0.199s
gate (ubuntu-24.04)	Run python3 scripts/gate.py	2026-09-08T15:15:36.9296443Z 
gate (ubuntu-24.04)	Run python3 scripts/gate.py	2026-09-08T15:15:36.9302158Z OK
gate (ubuntu-24.04)	Run python3 scripts/gate.py	2026-09-08T15:15:36.9452833Z + cargo test --locked -p pty-runtime-domain --no-default-features
gate (ubuntu-24.04)	Run python3 scripts/gate.py	2026-09-08T15:15:36.9958631Z     Updating crates.io index
gate (ubuntu-24.04)	Run python3 scripts/gate.py	2026-09-08T15:15:37.3157261Z    Compiling pty-runtime-domain v0.1.0 (/home/runner/work/pty-runtime/pty-runtime/crates/domain)
gate (ubuntu-24.04)	Run python3 scripts/gate.py	2026-09-08T15:15:38.4703372Z     Finished `test` profile [unoptimized + debuginfo] target(s) in 1.51s
gate (ubuntu-24.04)	Run python3 scripts/gate.py	2026-09-08T15:15:38.4723389Z      Running unittests src/lib.rs (target/debug/deps/pty_runtime_domain-74f7f9dee138c564)
gate (ubuntu-24.04)	Run python3 scripts/gate.py	2026-09-08T15:15:38.4736314Z 
gate (ubuntu-24.04)	Run python3 scripts/gate.py	2026-09-08T15:15:38.4736704Z running 17 tests
gate (ubuntu-24.04)	Run python3 scripts/gate.py	2026-09-08T15:15:38.4740206Z test identity::tests::accepted_identity_discards_excess_owned_capacity_and_redacts ... ok
gate (ubuntu-24.04)	Run python3 scripts/gate.py	2026-09-08T15:15:38.4741384Z test identity::tests::identity_enforces_byte_limit_and_control_policy ... ok
gate (ubuntu-24.04)	Run python3 scripts/gate.py	2026-09-08T15:15:38.4742813Z test identity::tests::identity_equality_is_literal_and_lifetimes_include_both_parts ... ok
gate (ubuntu-24.04)	Run python3 scripts/gate.py	2026-09-08T15:15:38.4743916Z test process::tests::commands_are_literal_bounded_and_redacted ... ok
gate (ubuntu-24.04)	Run python3 scripts/gate.py	2026-09-08T15:15:38.4744853Z test process::tests::deadline_and_allocation_extremes_are_rejected ... ok
gate (ubuntu-24.04)	Run python3 scripts/gate.py	2026-09-08T15:15:38.4746005Z test process::tests::environment_keys_validate_and_overrides_remain_last ... ok
gate (ubuntu-24.04)	Run python3 scripts/gate.py	2026-09-08T15:15:38.4752363Z test projection::tests::close_rejects_late_commit_and_usable_completion_cannot_revive ... ok
gate (ubuntu-24.04)	Run python3 scripts/gate.py	2026-09-08T15:15:38.4761768Z test projection::tests::failed_retries_are_bounded_until_real_mutation ... ok
gate (ubuntu-24.04)	Run python3 scripts/gate.py	2026-09-08T15:15:38.4763208Z test projection::tests::invalid_policy_and_out_of_order_processed_controls_are_rejected ... ok
gate (ubuntu-24.04)	Run python3 scripts/gate.py	2026-09-08T15:15:38.4764495Z test projection::tests::mutation_invalidates_parking_without_advancing_unprocessed_position ... ok
gate (ubuntu-24.04)	Run python3 scripts/gate.py	2026-09-08T15:15:38.4765706Z test projection::tests::restoration_rejects_unadmitted_sources_and_preserves_failures ... ok
gate (ubuntu-24.04)	Run python3 scripts/gate.py	2026-09-08T15:15:38.4766910Z test projection::tests::successful_parking_does_not_consume_failed_retry_budget ... ok
gate (ubuntu-24.04)	Run python3 scripts/gate.py	2026-09-08T15:15:38.4768080Z test replay::tests::eviction_reports_gap_before_exact_suffix_and_reads_do_not_advance ... ok
gate (ubuntu-24.04)	Run python3 scripts/gate.py	2026-09-08T15:15:38.4769033Z test replay::tests::identities_and_future_positions_are_validated_even_when_empty ... ok
gate (ubuntu-24.04)	Run python3 scripts/gate.py	2026-09-08T15:15:38.4769925Z test replay::tests::offset_overflow_is_atomic_and_debug_redacts_content ... ok
gate (ubuntu-24.04)	Run python3 scripts/gate.py	2026-09-08T15:15:38.4770754Z test replay::tests::zero_retention_and_global_eviction_keep_stream_position ... ok
gate (ubuntu-24.04)	Run python3 scripts/gate.py	2026-09-08T15:15:38.4818338Z test replay::tests::chunking_matches_reference_suffix_across_capacities ... ok
gate (ubuntu-24.04)	Run python3 scripts/gate.py	2026-09-08T15:15:38.4819347Z      Running tests/replay_model.rs (target/debug/deps/replay_model-eafe28ce43f53de0)
gate (ubuntu-24.04)	Run python3 scripts/gate.py	2026-09-08T15:15:38.4841957Z 
gate (ubuntu-24.04)	Run python3 scripts/gate.py	2026-09-08T15:15:38.4842690Z test result: ok. 17 passed; 0 failed; 0 ignored; 0 measured; 0 filtered out; finished in 0.01s
gate (ubuntu-24.04)	Run python3 scripts/gate.py	2026-09-08T15:15:38.4843450Z 
gate (ubuntu-24.04)	Run python3 scripts/gate.py	2026-09-08T15:15:38.4843635Z 
gate (ubuntu-24.04)	Run python3 scripts/gate.py	2026-09-08T15:15:38.4843952Z running 1 test
gate (ubuntu-24.04)	Run python3 scripts/gate.py	2026-09-08T15:15:38.6561283Z test seeded_interleavings_match_an_append_only_ledger ... ok
gate (ubuntu-24.04)	Run python3 scripts/gate.py	2026-09-08T15:15:38.6566004Z    Doc-tests pty_runtime_domain
gate (ubuntu-24.04)	Run python3 scripts/gate.py	2026-09-08T15:15:38.6566591Z 
gate (ubuntu-24.04)	Run python3 scripts/gate.py	2026-09-08T15:15:38.6567230Z test result: ok. 1 passed; 0 failed; 0 ignored; 0 measured; 0 filtered out; finished in 0.17s
gate (ubuntu-24.04)	Run python3 scripts/gate.py	2026-09-08T15:15:38.6568242Z 
gate (ubuntu-24.04)	Run python3 scripts/gate.py	2026-09-08T15:15:38.6942896Z 
gate (ubuntu-24.04)	Run python3 scripts/gate.py	2026-09-08T15:15:38.6943674Z running 0 tests
gate (ubuntu-24.04)	Run python3 scripts/gate.py	2026-09-08T15:15:38.6944220Z 
gate (ubuntu-24.04)	Run python3 scripts/gate.py	2026-09-08T15:15:38.6944868Z test result: ok. 0 passed; 0 failed; 0 ignored; 0 measured; 0 filtered out; finished in 0.00s
gate (ubuntu-24.04)	Run python3 scripts/gate.py	2026-09-08T15:15:38.6946026Z 
gate (ubuntu-24.04)	Run python3 scripts/gate.py	2026-09-08T15:15:38.7022664Z + cargo test --locked -p pty-runtime-application --no-default-features
gate (ubuntu-24.04)	Run python3 scripts/gate.py	2026-09-08T15:15:38.7259386Z    Compiling pty-runtime-application v0.1.0 (/home/runner/work/pty-runtime/pty-runtime/crates/application)
gate (ubuntu-24.04)	Run python3 scripts/gate.py	2026-09-08T15:15:40.9249863Z     Finished `test` profile [unoptimized + debuginfo] target(s) in 2.21s
gate (ubuntu-24.04)	Run python3 scripts/gate.py	2026-09-08T15:15:40.9254494Z      Running unittests src/lib.rs (target/debug/deps/pty_runtime_application-4b2b7ce6301a0b93)
gate (ubuntu-24.04)	Run python3 scripts/gate.py	2026-09-08T15:15:40.9266788Z 
gate (ubuntu-24.04)	Run python3 scripts/gate.py	2026-09-08T15:15:40.9267104Z running 21 tests
gate (ubuntu-24.04)	Run python3 scripts/gate.py	2026-09-08T15:15:40.9273008Z test projection::tests::cleanup::authentication_failure_retains_only_source_and_close_releases_pool_handles ... ok
gate (ubuntu-24.04)	Run python3 scripts/gate.py	2026-09-08T15:15:40.9278201Z test projection::tests::cleanup::close_progresses_with_every_normal_request_slot_held ... ok
gate (ubuntu-24.04)	Run python3 scripts/gate.py	2026-09-08T15:15:40.9297660Z test projection::tests::cleanup::close_during_pending_commit_deletes_late_result_and_releases_services ... ok
gate (ubuntu-24.04)	Run python3 scripts/gate.py	2026-09-08T15:15:40.9304969Z test projection::tests::cleanup::failed_restore_retains_source_and_bounded_unprocessed_output_without_empty_model ... ok
gate (ubuntu-24.04)	Run python3 scripts/gate.py	2026-09-08T15:15:40.9306634Z test projection::tests::cleanup::failed_storage_has_finite_retries_and_retains_original_live_model ... ok
gate (ubuntu-24.04)	Run python3 scripts/gate.py	2026-09-08T15:15:40.9316856Z test projection::tests::cleanup::permanent_delete_failure_closes_truthfully_and_stays_charged_in_bounded_ledger ... ok
gate (ubuntu-24.04)	Run python3 scripts/gate.py	2026-09-08T15:15:40.9317845Z    Doc-tests pty_runtime_application
gate (ubuntu-24.04)	Run python3 scripts/gate.py	2026-09-08T15:15:40.9318679Z test projection::tests::cleanup::rejected_blocking_admission_schedules_bounded_retry_without_losing_model ... ok
gate (ubuntu-24.04)	Run python3 scripts/gate.py	2026-09-08T15:15:40.9319966Z test projection::tests::cleanup::uncertain_commits_stay_charged_and_report_failure_on_every_close ... ok
gate (ubuntu-24.04)	Run python3 scripts/gate.py	2026-09-08T15:15:40.9321242Z test projection::tests::parking::idle_park_restore_orders_bytes_resize_history_and_single_authoritative_reply ... ok
gate (ubuntu-24.04)	Run python3 scripts/gate.py	2026-09-08T15:15:40.9322926Z test projection::tests::parking::output_during_commit_retains_model_and_cleanup_does_not_block_feed ... ok
gate (ubuntu-24.04)	Run python3 scripts/gate.py	2026-09-08T15:15:40.9324213Z test projection::tests::parking::output_during_encode_is_bounded_and_stale_commit_never_releases_live_model ... ok
gate (ubuntu-24.04)	Run python3 scripts/gate.py	2026-09-08T15:15:40.9325572Z test projection::tests::cleanup::scheduler_shutdown_fallback_finishes_late_commit_without_retaining_services ... ok
gate (ubuntu-24.04)	Run python3 scripts/gate.py	2026-09-08T15:15:40.9326863Z test projection::tests::parking::parked_transfer_pin_uses_saved_source_without_native_restore ... ok
gate (ubuntu-24.04)	Run python3 scripts/gate.py	2026-09-08T15:15:40.9328054Z test projection::tests::parking::ready_view_captures_its_own_history_and_exact_order_boundary ... ok
gate (ubuntu-24.04)	Run python3 scripts/gate.py	2026-09-08T15:15:40.9329346Z test projection::tests::pressure::generated_reply_waits_for_single_writer_admission_without_refeeding_or_duplicate_send ... ok
gate (ubuntu-24.04)	Run python3 scripts/gate.py	2026-09-08T15:15:40.9330669Z test projection::tests::pressure::copied_views_retain_global_memory_admission_until_consumer_drop ... ok
gate (ubuntu-24.04)	Run python3 scripts/gate.py	2026-09-08T15:15:40.9332271Z test projection::tests::pressure::global_parser_capacity_released_by_another_session_wakes_waiter ... ok
gate (ubuntu-24.04)	Run python3 scripts/gate.py	2026-09-08T15:15:40.9333697Z test projection::tests::pressure::native_feed_panic_preserves_unprocessed_staging_and_rejects_projection_operations ... ok
gate (ubuntu-24.04)	Run python3 scripts/gate.py	2026-09-08T15:15:40.9335093Z test projection::tests::pressure::partial_generated_reply_fails_projection_and_is_never_resent ... ok
gate (ubuntu-24.04)	Run python3 scripts/gate.py	2026-09-08T15:15:40.9336427Z test projection::tests::pressure::independent_parser_admission_is_all_or_none_and_early_capacity_notice_survives ... ok
gate (ubuntu-24.04)	Run python3 scripts/gate.py	2026-09-08T15:15:40.9337882Z test projection::tests::pressure::resident_checkpoint_pin_reserves_plaintext_even_when_protection_bound_is_smaller ... ok
gate (ubuntu-24.04)	Run python3 scripts/gate.py	2026-09-08T15:15:40.9338741Z 
gate (ubuntu-24.04)	Run python3 scripts/gate.py	2026-09-08T15:15:40.9339257Z test result: ok. 21 passed; 0 failed; 0 ignored; 0 measured; 0 filtered out; finished in 0.00s
gate (ubuntu-24.04)	Run python3 scripts/gate.py	2026-09-08T15:15:40.9339932Z 
gate (ubuntu-24.04)	Run python3 scripts/gate.py	2026-09-08T15:15:40.9686721Z 
gate (ubuntu-24.04)	Run python3 scripts/gate.py	2026-09-08T15:15:40.9687448Z running 0 tests
gate (ubuntu-24.04)	Run python3 scripts/gate.py	2026-09-08T15:15:40.9687920Z 
gate (ubuntu-24.04)	Run python3 scripts/gate.py	2026-09-08T15:15:40.9688419Z test result: ok. 0 passed; 0 failed; 0 ignored; 0 measured; 0 filtered out; finished in 0.00s
gate (ubuntu-24.04)	Run python3 scripts/gate.py	2026-09-08T15:15:40.9689059Z 
gate (ubuntu-24.04)	Run python3 scripts/gate.py	2026-09-08T15:15:40.9718760Z + cargo fmt --all --check
gate (ubuntu-24.04)	Run python3 scripts/gate.py	2026-09-08T15:15:41.1593252Z + python3 scripts/native/bootstrap.py
gate (ubuntu-24.04)	Run python3 scripts/gate.py	2026-09-08T15:15:41.2755460Z Downloading pinned dependency: https://ziglang.org/download/0.16.0/zig-x86_64-linux-0.16.0.tar.xz
gate (ubuntu-24.04)	Run python3 scripts/gate.py	2026-09-08T15:15:54.8206084Z Downloading pinned dependency: https://codeload.github.com/ghostty-org/ghostty/tar.gz/82232ecde55405559dec29c5466cb9e39938cb41
gate (ubuntu-24.04)	Run python3 scripts/gate.py	2026-09-08T15:15:59.2717686Z Building pinned libghostty-vt for x86_64-linux...
gate (ubuntu-24.04)	Run python3 scripts/gate.py	2026-09-08T15:19:44.7632921Z + cargo clippy --locked --workspace --all-targets --all-features -- -D warnings
gate (ubuntu-24.04)	Run python3 scripts/gate.py	2026-09-08T15:19:44.8264311Z  Downloading crates ...
gate (ubuntu-24.04)	Run python3 scripts/gate.py	2026-09-08T15:19:44.8897715Z   Downloaded aead v0.5.2
gate (ubuntu-24.04)	Run python3 scripts/gate.py	2026-09-08T15:19:44.8952204Z   Downloaded chacha20 v0.9.1
gate (ubuntu-24.04)	Run python3 scripts/gate.py	2026-09-08T15:19:44.9012465Z   Downloaded cfg-if v1.0.4
gate (ubuntu-24.04)	Run python3 scripts/gate.py	2026-09-08T15:19:44.9102361Z   Downloaded chacha20poly1305 v0.10.1
gate (ubuntu-24.04)	Run python3 scripts/gate.py	2026-09-08T15:19:44.9152347Z   Downloaded version_check v0.9.5
gate (ubuntu-24.04)	Run python3 scripts/gate.py	2026-09-08T15:19:44.9195518Z   Downloaded crypto-common v0.1.7
gate (ubuntu-24.04)	Run python3 scripts/gate.py	2026-09-08T15:19:44.9263552Z   Downloaded cpufeatures v0.2.17
gate (ubuntu-24.04)	Run python3 scripts/gate.py	2026-09-08T15:19:44.9280871Z   Downloaded generic-array v0.14.7
gate (ubuntu-24.04)	Run python3 scripts/gate.py	2026-09-08T15:19:44.9297986Z   Downloaded inout v0.1.4
gate (ubuntu-24.04)	Run python3 scripts/gate.py	2026-09-08T15:19:44.9311981Z   Downloaded futures-core v0.3.34
gate (ubuntu-24.04)	Run python3 scripts/gate.py	2026-09-08T15:19:44.9329427Z   Downloaded opaque-debug v0.3.1
gate (ubuntu-24.04)	Run python3 scripts/gate.py	2026-09-08T15:19:44.9341914Z   Downloaded poly1305 v0.8.0
gate (ubuntu-24.04)	Run python3 scripts/gate.py	2026-09-08T15:19:44.9438364Z   Downloaded getrandom v0.2.16
gate (ubuntu-24.04)	Run python3 scripts/gate.py	2026-09-08T15:19:44.9477209Z   Downloaded futures-channel v0.3.34
gate (ubuntu-24.04)	Run python3 scripts/gate.py	2026-09-08T15:19:44.9498598Z   Downloaded zeroize v1.9.0
gate (ubuntu-24.04)	Run python3 scripts/gate.py	2026-09-08T15:19:44.9516322Z   Downloaded typenum v1.20.1
gate (ubuntu-24.04)	Run python3 scripts/gate.py	2026-09-08T15:19:44.9854013Z   Downloaded libc v0.2.189
gate (ubuntu-24.04)	Run python3 scripts/gate.py	2026-09-08T15:19:45.0324979Z   Downloaded subtle v2.6.1
gate (ubuntu-24.04)	Run python3 scripts/gate.py	2026-09-08T15:19:45.0338103Z   Downloaded universal-hash v0.5.1
gate (ubuntu-24.04)	Run python3 scripts/gate.py	2026-09-08T15:19:45.0348517Z   Downloaded cipher v0.4.4
gate (ubuntu-24.04)	Run python3 scripts/gate.py	2026-09-08T15:19:45.0365077Z   Downloaded rand_core v0.6.4
gate (ubuntu-24.04)	Run python3 scripts/gate.py	2026-09-08T15:19:45.0651159Z    Compiling version_check v0.9.5
gate (ubuntu-24.04)	Run python3 scripts/gate.py	2026-09-08T15:19:45.0681672Z    Compiling libc v0.2.189
gate (ubuntu-24.04)	Run python3 scripts/gate.py	2026-09-08T15:19:45.2704286Z    Compiling generic-array v0.14.7
gate (ubuntu-24.04)	Run python3 scripts/gate.py	2026-09-08T15:19:45.3672415Z     Checking cfg-if v1.0.4
gate (ubuntu-24.04)	Run python3 scripts/gate.py	2026-09-08T15:19:45.3872590Z     Checking typenum v1.20.1
gate (ubuntu-24.04)	Run python3 scripts/gate.py	2026-09-08T15:19:46.1152910Z     Checking getrandom v0.2.16
gate (ubuntu-24.04)	Run python3 scripts/gate.py	2026-09-08T15:19:46.1902628Z     Checking rand_core v0.6.4
gate (ubuntu-24.04)	Run python3 scripts/gate.py	2026-09-08T15:19:46.2682782Z     Checking pty-runtime-domain v0.1.0 (/home/runner/work/pty-runtime/pty-runtime/crates/domain)
gate (ubuntu-24.04)	Run python3 scripts/gate.py	2026-09-08T15:19:46.4652793Z     Checking crypto-common v0.1.7
gate (ubuntu-24.04)	Run python3 scripts/gate.py	2026-09-08T15:19:46.5102774Z     Checking inout v0.1.4
gate (ubuntu-24.04)	Run python3 scripts/gate.py	2026-09-08T15:19:46.5382857Z     Checking zeroize v1.9.0
gate (ubuntu-24.04)	Run python3 scripts/gate.py	2026-09-08T15:19:46.5592769Z     Checking cpufeatures v0.2.17
gate (ubuntu-24.04)	Run python3 scripts/gate.py	2026-09-08T15:19:46.5792811Z     Checking subtle v2.6.1
gate (ubuntu-24.04)	Run python3 scripts/gate.py	2026-09-08T15:19:46.6162606Z     Checking cipher v0.4.4
gate (ubuntu-24.04)	Run python3 scripts/gate.py	2026-09-08T15:19:46.6442674Z     Checking universal-hash v0.5.1
gate (ubuntu-24.04)	Run python3 scripts/gate.py	2026-09-08T15:19:46.6852791Z     Checking opaque-debug v0.3.1
gate (ubuntu-24.04)	Run python3 scripts/gate.py	2026-09-08T15:19:46.7062634Z     Checking poly1305 v0.8.0
gate (ubuntu-24.04)	Run python3 scripts/gate.py	2026-09-08T15:19:46.7380596Z     Checking chacha20 v0.9.1
gate (ubuntu-24.04)	Run python3 scripts/gate.py	2026-09-08T15:19:46.8512579Z     Checking aead v0.5.2
gate (ubuntu-24.04)	Run python3 scripts/gate.py	2026-09-08T15:19:46.8587202Z     Checking futures-core v0.3.34
gate (ubuntu-24.04)	Run python3 scripts/gate.py	2026-09-08T15:19:46.9093244Z    Compiling pty-runtime-infrastructure v0.1.0 (/home/runner/work/pty-runtime/pty-runtime/crates/infrastructure)
gate (ubuntu-24.04)	Run python3 scripts/gate.py	2026-09-08T15:19:46.9202819Z     Checking chacha20poly1305 v0.10.1
gate (ubuntu-24.04)	Run python3 scripts/gate.py	2026-09-08T15:19:46.9772946Z     Checking futures-channel v0.3.34
gate (ubuntu-24.04)	Run python3 scripts/gate.py	2026-09-08T15:19:47.1083805Z     Checking pty-runtime-application v0.1.0 (/home/runner/work/pty-runtime/pty-runtime/crates/application)
gate (ubuntu-24.04)	Run python3 scripts/gate.py	2026-09-08T15:19:54.9970701Z     Checking pty-runtime v0.1.0 (/home/runner/work/pty-runtime/pty-runtime)
gate (ubuntu-24.04)	Run python3 scripts/gate.py	2026-09-08T15:19:56.4646758Z     Finished `dev` profile [unoptimized + debuginfo] target(s) in 11.66s
gate (ubuntu-24.04)	Run python3 scripts/gate.py	2026-09-08T15:19:56.4760488Z + cargo test --locked --workspace --all-targets --all-features
gate (ubuntu-24.04)	Run python3 scripts/gate.py	2026-09-08T15:19:56.5433347Z    Compiling libc v0.2.189
gate (ubuntu-24.04)	Run python3 scripts/gate.py	2026-09-08T15:19:56.5452260Z    Compiling typenum v1.20.1
gate (ubuntu-24.04)	Run python3 scripts/gate.py	2026-09-08T15:19:57.2472816Z    Compiling cfg-if v1.0.4
gate (ubuntu-24.04)	Run python3 scripts/gate.py	2026-09-08T15:19:57.2697031Z    Compiling generic-array v0.14.7
gate (ubuntu-24.04)	Run python3 scripts/gate.py	2026-09-08T15:19:57.4706971Z    Compiling getrandom v0.2.16
gate (ubuntu-24.04)	Run python3 scripts/gate.py	2026-09-08T15:19:57.5843021Z    Compiling rand_core v0.6.4
gate (ubuntu-24.04)	Run python3 scripts/gate.py	2026-09-08T15:19:57.6907631Z    Compiling subtle v2.6.1
gate (ubuntu-24.04)	Run python3 scripts/gate.py	2026-09-08T15:19:57.7744345Z    Compiling zeroize v1.9.0
gate (ubuntu-24.04)	Run python3 scripts/gate.py	2026-09-08T15:19:57.8102817Z    Compiling crypto-common v0.1.7
gate (ubuntu-24.04)	Run python3 scripts/gate.py	2026-09-08T15:19:57.8582545Z    Compiling inout v0.1.4
gate (ubuntu-24.04)	Run python3 scripts/gate.py	2026-09-08T15:19:57.8872697Z    Compiling cpufeatures v0.2.17
gate (ubuntu-24.04)	Run python3 scripts/gate.py	2026-09-08T15:19:57.9122710Z    Compiling universal-hash v0.5.1
gate (ubuntu-24.04)	Run python3 scripts/gate.py	2026-09-08T15:19:57.9222695Z    Compiling cipher v0.4.4
gate (ubuntu-24.04)	Run python3 scripts/gate.py	2026-09-08T15:19:57.9624367Z    Compiling opaque-debug v0.3.1
gate (ubuntu-24.04)	Run python3 scripts/gate.py	2026-09-08T15:19:57.9839837Z    Compiling poly1305 v0.8.0
gate (ubuntu-24.04)	Run python3 scripts/gate.py	2026-09-08T15:19:58.0652318Z    Compiling chacha20 v0.9.1
gate (ubuntu-24.04)	Run python3 scripts/gate.py	2026-09-08T15:19:58.2026638Z    Compiling aead v0.5.2
gate (ubuntu-24.04)	Run python3 scripts/gate.py	2026-09-08T15:19:58.2902995Z    Compiling pty-runtime-infrastructure v0.1.0 (/home/runner/work/pty-runtime/pty-runtime/crates/infrastructure)
gate (ubuntu-24.04)	Run python3 scripts/gate.py	2026-09-08T15:19:58.3573415Z    Compiling futures-core v0.3.34
gate (ubuntu-24.04)	Run python3 scripts/gate.py	2026-09-08T15:19:58.4342648Z    Compiling futures-channel v0.3.34
gate (ubuntu-24.04)	Run python3 scripts/gate.py	2026-09-08T15:19:58.5842686Z    Compiling chacha20poly1305 v0.10.1
gate (ubuntu-24.04)	Run python3 scripts/gate.py	2026-09-08T15:20:02.4584248Z    Compiling pty-runtime v0.1.0 (/home/runner/work/pty-runtime/pty-runtime)
gate (ubuntu-24.04)	Run python3 scripts/gate.py	2026-09-08T15:20:12.1542140Z     Finished `test` profile [unoptimized + debuginfo] target(s) in 15.66s
gate (ubuntu-24.04)	Run python3 scripts/gate.py	2026-09-08T15:20:12.1608494Z      Running unittests src/lib.rs (target/debug/deps/pty_runtime-b5a90b50b56e00f8)
gate (ubuntu-24.04)	Run python3 scripts/gate.py	2026-09-08T15:20:12.1622321Z 
gate (ubuntu-24.04)	Run python3 scripts/gate.py	2026-09-08T15:20:12.1622797Z running 0 tests
gate (ubuntu-24.04)	Run python3 scripts/gate.py	2026-09-08T15:20:12.1623325Z 
gate (ubuntu-24.04)	Run python3 scripts/gate.py	2026-09-08T15:20:12.1624012Z test result: ok. 0 passed; 0 failed; 0 ignored; 0 measured; 0 filtered out; finished in 0.00s
gate (ubuntu-24.04)	Run python3 scripts/gate.py	2026-09-08T15:20:12.1628098Z 
gate (ubuntu-24.04)	Run python3 scripts/gate.py	2026-09-08T15:20:12.1633549Z      Running unittests tests/fixtures/pty_fixture.rs (target/debug/deps/pty_runtime_fixture-ee564a510aaf83c4)
gate (ubuntu-24.04)	Run python3 scripts/gate.py	2026-09-08T15:20:12.1638807Z 
gate (ubuntu-24.04)	Run python3 scripts/gate.py	2026-09-08T15:20:12.1641879Z running 0 tests
gate (ubuntu-24.04)	Run python3 scripts/gate.py	2026-09-08T15:20:12.1642413Z 
gate (ubuntu-24.04)	Run python3 scripts/gate.py	2026-09-08T15:20:12.1643009Z      Running tests/ddd_spawn_failure.rs (target/debug/deps/ddd_spawn_failure-65e96d671f5f67a7)
gate (ubuntu-24.04)	Run python3 scripts/gate.py	2026-09-08T15:20:12.1643942Z test result: ok. 0 passed; 0 failed; 0 ignored; 0 measured; 0 filtered out; finished in 0.00s
gate (ubuntu-24.04)	Run python3 scripts/gate.py	2026-09-08T15:20:12.1644722Z 
gate (ubuntu-24.04)	Run python3 scripts/gate.py	2026-09-08T15:20:12.1655273Z 
gate (ubuntu-24.04)	Run python3 scripts/gate.py	2026-09-08T15:20:12.1655652Z running 1 test
gate (ubuntu-24.04)	Run python3 scripts/gate.py	2026-09-08T15:20:12.1659915Z test lookup_handle_obtained_during_failed_spawn_reaches_terminal_state ... ok
gate (ubuntu-24.04)	Run python3 scripts/gate.py	2026-09-08T15:20:12.1660659Z 
gate (ubuntu-24.04)	Run python3 scripts/gate.py	2026-09-08T15:20:12.1661311Z test result: ok. 1 passed; 0 failed; 0 ignored; 0 measured; 0 filtered out; finished in 0.00s
gate (ubuntu-24.04)	Run python3 scripts/gate.py	2026-09-08T15:20:12.1662526Z 
gate (ubuntu-24.04)	Run python3 scripts/gate.py	2026-09-08T15:20:12.1670014Z      Running tests/default_parking.rs (target/debug/deps/default_parking-9e8540eefe47c1a4)
gate (ubuntu-24.04)	Run python3 scripts/gate.py	2026-09-08T15:20:12.1677255Z 
gate (ubuntu-24.04)	Run python3 scripts/gate.py	2026-09-08T15:20:12.1677601Z running 1 test
gate (ubuntu-24.04)	Run python3 scripts/gate.py	2026-09-08T15:20:12.1678727Z test default_policy_parks_at_sixty_seconds_and_keeps_process_alive ... ignored, explicit real-clock sixty-second parking qualification
gate (ubuntu-24.04)	Run python3 scripts/gate.py	2026-09-08T15:20:12.1683779Z      Running tests/input_reservation.rs (target/debug/deps/input_reservation-dc6c6c09cd41f2f0)
gate (ubuntu-24.04)	Run python3 scripts/gate.py	2026-09-08T15:20:12.1684397Z 
gate (ubuntu-24.04)	Run python3 scripts/gate.py	2026-09-08T15:20:12.1684779Z test result: ok. 0 passed; 0 failed; 1 ignored; 0 measured; 0 filtered out; finished in 0.00s
gate (ubuntu-24.04)	Run python3 scripts/gate.py	2026-09-08T15:20:12.1685341Z 
gate (ubuntu-24.04)	Run python3 scripts/gate.py	2026-09-08T15:20:12.1696715Z 
gate (ubuntu-24.04)	Run python3 scripts/gate.py	2026-09-08T15:20:12.1697084Z running 1 test
gate (ubuntu-24.04)	Run python3 scripts/gate.py	2026-09-08T15:20:12.1700304Z test global_bytes_and_slots_survive_abandoned_wait_and_release_on_adapter_completion ... ok
gate (ubuntu-24.04)	Run python3 scripts/gate.py	2026-09-08T15:20:12.1701225Z 
gate (ubuntu-24.04)	Run python3 scripts/gate.py	2026-09-08T15:20:12.1702115Z test result: ok. 1 passed; 0 failed; 0 ignored; 0 measured; 0 filtered out; finished in 0.00s
gate (ubuntu-24.04)	Run python3 scripts/gate.py	2026-09-08T15:20:12.1706412Z 
gate (ubuntu-24.04)	Run python3 scripts/gate.py	2026-09-08T15:20:12.1712523Z      Running tests/process_handle_resources.rs (target/debug/deps/process_handle_resources-e9de490b3193ad6d)
gate (ubuntu-24.04)	Run python3 scripts/gate.py	2026-09-08T15:20:12.1718412Z 
gate (ubuntu-24.04)	Run python3 scripts/gate.py	2026-09-08T15:20:12.1718751Z running 1 test
gate (ubuntu-24.04)	Run python3 scripts/gate.py	2026-09-08T15:20:12.1949999Z test completed_old_handles_do_not_keep_process_wake_descriptors ... ok
gate (ubuntu-24.04)	Run python3 scripts/gate.py	2026-09-08T15:20:12.1950864Z 
gate (ubuntu-24.04)	Run python3 scripts/gate.py	2026-09-08T15:20:12.1951802Z test result: ok. 1 passed; 0 failed; 0 ignored; 0 measured; 0 filtered out; finished in 0.02s
gate (ubuntu-24.04)	Run python3 scripts/gate.py	2026-09-08T15:20:12.1952570Z 
gate (ubuntu-24.04)	Run python3 scripts/gate.py	2026-09-08T15:20:12.1953510Z      Running tests/projected_runtime.rs (target/debug/deps/projected_runtime-88a9277b2b5cdd16)
gate (ubuntu-24.04)	Run python3 scripts/gate.py	2026-09-08T15:20:12.1982415Z 
gate (ubuntu-24.04)	Run python3 scripts/gate.py	2026-09-08T15:20:12.1982845Z running 2 tests
gate (ubuntu-24.04)	Run python3 scripts/gate.py	2026-09-08T15:20:12.2061060Z test real_query_reply_is_sent_once_with_multiple_observers ... ok
gate (ubuntu-24.04)	Run python3 scripts/gate.py	2026-09-08T15:20:12.4497456Z test detached_real_model_parks_transfers_restores_and_resizes_without_losing_bytes ... ok
gate (ubuntu-24.04)	Run python3 scripts/gate.py	2026-09-08T15:20:12.4498388Z 
gate (ubuntu-24.04)	Run python3 scripts/gate.py	2026-09-08T15:20:12.4499012Z test result: ok. 2 passed; 0 failed; 0 ignored; 0 measured; 0 filtered out; finished in 0.25s
gate (ubuntu-24.04)	Run python3 scripts/gate.py	2026-09-08T15:20:12.4499905Z 
gate (ubuntu-24.04)	Run python3 scripts/gate.py	2026-09-08T15:20:12.4502478Z      Running tests/projection_cleanup_outcome.rs (target/debug/deps/projection_cleanup_outcome-1fa791dd8b00fb92)
gate (ubuntu-24.04)	Run python3 scripts/gate.py	2026-09-08T15:20:12.4517637Z 
gate (ubuntu-24.04)	Run python3 scripts/gate.py	2026-09-08T15:20:12.4518002Z running 2 tests
gate (ubuntu-24.04)	Run python3 scripts/gate.py	2026-09-08T15:20:12.4520327Z test domain_session_validation_rejects_incompatible_projection_admission ... ok
gate (ubuntu-24.04)	Run python3 scripts/gate.py	2026-09-08T15:20:12.4562520Z test forget_preserves_delete_and_uncertain_commit_failures_including_repeated_calls ... ok
gate (ubuntu-24.04)	Run python3 scripts/gate.py	2026-09-08T15:20:12.4563417Z 
gate (ubuntu-24.04)	Run python3 scripts/gate.py	2026-09-08T15:20:12.4564124Z test result: ok. 2 passed; 0 failed; 0 ignored; 0 measured; 0 filtered out; finished in 0.00s
gate (ubuntu-24.04)	Run python3 scripts/gate.py	2026-09-08T15:20:12.4565425Z 
gate (ubuntu-24.04)	Run python3 scripts/gate.py	2026-09-08T15:20:12.4566302Z      Running tests/projection_correctness.rs (target/debug/deps/projection_correctness-2af4676ecfcab862)
gate (ubuntu-24.04)	Run python3 scripts/gate.py	2026-09-08T15:20:12.4579560Z 
gate (ubuntu-24.04)	Run python3 scripts/gate.py	2026-09-08T15:20:12.4580260Z running 4 tests
gate (ubuntu-24.04)	Run python3 scripts/gate.py	2026-09-08T15:20:12.4592153Z test impossible_global_parser_budgets_reject_before_child_launch ... ok
gate (ubuntu-24.04)	Run python3 scripts/gate.py	2026-09-08T15:20:12.4610307Z test process_future_panic_does_not_strand_runtime_shutdown ... ok
gate (ubuntu-24.04)	Run python3 scripts/gate.py	2026-09-08T15:20:12.4611041Z test resize_panic_during_close_keeps_cleanup_scheduled ... ok
gate (ubuntu-24.04)	Run python3 scripts/gate.py	2026-09-08T15:20:12.4620044Z test shutdown_closes_model_with_completed_request_wait_retained ... ok
gate (ubuntu-24.04)	Run python3 scripts/gate.py	2026-09-08T15:20:12.4620698Z 
gate (ubuntu-24.04)	Run python3 scripts/gate.py	2026-09-08T15:20:12.4621198Z test result: ok. 4 passed; 0 failed; 0 ignored; 0 measured; 0 filtered out; finished in 0.00s
gate (ubuntu-24.04)	Run python3 scripts/gate.py	2026-09-08T15:20:12.4622114Z 
gate (ubuntu-24.04)	Run python3 scripts/gate.py	2026-09-08T15:20:12.4624104Z      Running tests/raw_adversarial.rs (target/debug/deps/raw_adversarial-916088da248b891f)
gate (ubuntu-24.04)	Run python3 scripts/gate.py	2026-09-08T15:20:12.4636186Z 
gate (ubuntu-24.04)	Run python3 scripts/gate.py	2026-09-08T15:20:12.4636504Z running 1 test
gate (ubuntu-24.04)	Run python3 scripts/gate.py	2026-09-08T15:20:12.4672177Z test dropping_polled_pending_waits_releases_admission_and_preserves_cursor ... ok
gate (ubuntu-24.04)	Run python3 scripts/gate.py	2026-09-08T15:20:12.4672942Z 
gate (ubuntu-24.04)	Run python3 scripts/gate.py	2026-09-08T15:20:12.4673437Z test result: ok. 1 passed; 0 failed; 0 ignored; 0 measured; 0 filtered out; finished in 0.00s
gate (ubuntu-24.04)	Run python3 scripts/gate.py	2026-09-08T15:20:12.4674153Z 
gate (ubuntu-24.04)	Run python3 scripts/gate.py	2026-09-08T15:20:12.4675490Z      Running tests/raw_child_contract.rs (target/debug/deps/raw_child_contract-285cfff9af804242)
gate (ubuntu-24.04)	Run python3 scripts/gate.py	2026-09-08T15:20:12.4687605Z 
gate (ubuntu-24.04)	Run python3 scripts/gate.py	2026-09-08T15:20:12.4687934Z running 2 tests
gate (ubuntu-24.04)	Run python3 scripts/gate.py	2026-09-08T15:20:12.4734667Z test merged_stdout_stderr_preserves_binary_bytes_through_public_observer ... ok
gate (ubuntu-24.04)	Run python3 scripts/gate.py	2026-09-08T15:20:12.4814398Z test explicit_environment_literal_args_canonical_cwd_and_ordered_resize_reach_real_child ... ok
gate (ubuntu-24.04)	Run python3 scripts/gate.py	2026-09-08T15:20:12.4820326Z      Running tests/raw_completion.rs (target/debug/deps/raw_completion-49f5cbe57e1376fe)
gate (ubuntu-24.04)	Run python3 scripts/gate.py	2026-09-08T15:20:12.4821062Z 
gate (ubuntu-24.04)	Run python3 scripts/gate.py	2026-09-08T15:20:12.4823615Z test result: ok. 2 passed; 0 failed; 0 ignored; 0 measured; 0 filtered out; finished in 0.01s
gate (ubuntu-24.04)	Run python3 scripts/gate.py	2026-09-08T15:20:12.4825667Z 
gate (ubuntu-24.04)	Run python3 scripts/gate.py	2026-09-08T15:20:12.4826217Z 
gate (ubuntu-24.04)	Run python3 scripts/gate.py	2026-09-08T15:20:12.4826525Z running 1 test
gate (ubuntu-24.04)	Run python3 scripts/gate.py	2026-09-08T15:20:12.5270358Z test signal_death_and_descendant_drain_never_become_fabricated_success ... ok
gate (ubuntu-24.04)	Run python3 scripts/gate.py	2026-09-08T15:20:12.5273742Z 
gate (ubuntu-24.04)	Run python3 scripts/gate.py	2026-09-08T15:20:12.5274627Z      Running tests/raw_registration.rs (target/debug/deps/raw_registration-ad550ddcbb0afba8)
gate (ubuntu-24.04)	Run python3 scripts/gate.py	2026-09-08T15:20:12.5275592Z test result: ok. 1 passed; 0 failed; 0 ignored; 0 measured; 0 filtered out; finished in 0.05s
gate (ubuntu-24.04)	Run python3 scripts/gate.py	2026-09-08T15:20:12.5276214Z 
gate (ubuntu-24.04)	Run python3 scripts/gate.py	2026-09-08T15:20:12.5289304Z 
gate (ubuntu-24.04)	Run python3 scripts/gate.py	2026-09-08T15:20:12.5289690Z running 1 test
gate (ubuntu-24.04)	Run python3 scripts/gate.py	2026-09-08T15:20:12.5366175Z test simultaneous_duplicate_calls_launch_once_even_after_completion_until_forgetting ... ok
gate (ubuntu-24.04)	Run python3 scripts/gate.py	2026-09-08T15:20:12.5367233Z      Running tests/raw_runtime.rs (target/debug/deps/raw_runtime-c58d8df0526cf3f3)
gate (ubuntu-24.04)	Run python3 scripts/gate.py	2026-09-08T15:20:12.5369523Z 
gate (ubuntu-24.04)	Run python3 scripts/gate.py	2026-09-08T15:20:12.5370202Z test result: ok. 1 passed; 0 failed; 0 ignored; 0 measured; 0 filtered out; finished in 0.01s
gate (ubuntu-24.04)	Run python3 scripts/gate.py	2026-09-08T15:20:12.5371250Z 
gate (ubuntu-24.04)	Run python3 scripts/gate.py	2026-09-08T15:20:12.5379134Z 
gate (ubuntu-24.04)	Run python3 scripts/gate.py	2026-09-08T15:20:12.5379438Z running 4 tests
gate (ubuntu-24.04)	Run python3 scripts/gate.py	2026-09-08T15:20:12.5425927Z test admission_bounds_and_owner_drop_preserve_explicit_completion ... ok
gate (ubuntu-24.04)	Run python3 scripts/gate.py	2026-09-08T15:20:12.5435805Z test detach_and_cancelled_observation_preserve_live_process_and_cursor ... ok
gate (ubuntu-24.04)	Run python3 scripts/gate.py	2026-09-08T15:20:12.5485032Z test synthetic_input_is_not_echoed_or_exposed_in_debug ... ok
gate (ubuntu-24.04)	Run python3 scripts/gate.py	2026-09-08T15:20:12.5492198Z test raw_suffix_gap_completion_and_completed_id_are_stable ... ok
gate (ubuntu-24.04)	Run python3 scripts/gate.py	2026-09-08T15:20:12.5493294Z      Running tests/runtime_performance.rs (target/debug/deps/runtime_performance-a43d9affb5bdb865)
gate (ubuntu-24.04)	Run python3 scripts/gate.py	2026-09-08T15:20:12.5495750Z 
gate (ubuntu-24.04)	Run python3 scripts/gate.py	2026-09-08T15:20:12.5496362Z test result: ok. 4 passed; 0 failed; 0 ignored; 0 measured; 0 filtered out; finished in 0.01s
gate (ubuntu-24.04)	Run python3 scripts/gate.py	2026-09-08T15:20:12.5497171Z 
gate (ubuntu-24.04)	Run python3 scripts/gate.py	2026-09-08T15:20:12.5505885Z 
gate (ubuntu-24.04)	Run python3 scripts/gate.py	2026-09-08T15:20:12.5506187Z running 1 test
gate (ubuntu-24.04)	Run python3 scripts/gate.py	2026-09-08T15:20:12.5507063Z test projected_real_pty_producers ... ignored, scoped release performance measurement: scripts/performance.py
gate (ubuntu-24.04)	Run python3 scripts/gate.py	2026-09-08T15:20:12.5507915Z 
gate (ubuntu-24.04)	Run python3 scripts/gate.py	2026-09-08T15:20:12.5508406Z test result: ok. 0 passed; 0 failed; 1 ignored; 0 measured; 0 filtered out; finished in 0.00s
gate (ubuntu-24.04)	Run python3 scripts/gate.py	2026-09-08T15:20:12.5509935Z      Running unittests src/lib.rs (target/debug/deps/pty_runtime_application-4b2b7ce6301a0b93)
gate (ubuntu-24.04)	Run python3 scripts/gate.py	2026-09-08T15:20:12.5510533Z 
gate (ubuntu-24.04)	Run python3 scripts/gate.py	2026-09-08T15:20:12.5520933Z 
gate (ubuntu-24.04)	Run python3 scripts/gate.py	2026-09-08T15:20:12.5521120Z running 21 tests
gate (ubuntu-24.04)	Run python3 scripts/gate.py	2026-09-08T15:20:12.5526151Z test projection::tests::cleanup::close_during_pending_commit_deletes_late_result_and_releases_services ... ok
gate (ubuntu-24.04)	Run python3 scripts/gate.py	2026-09-08T15:20:12.5527663Z test projection::tests::cleanup::authentication_failure_retains_only_source_and_close_releases_pool_handles ... ok
gate (ubuntu-24.04)	Run python3 scripts/gate.py	2026-09-08T15:20:12.5529001Z test projection::tests::cleanup::close_progresses_with_every_normal_request_slot_held ... ok
gate (ubuntu-24.04)	Run python3 scripts/gate.py	2026-09-08T15:20:12.5530317Z test projection::tests::cleanup::failed_restore_retains_source_and_bounded_unprocessed_output_without_empty_model ... ok
gate (ubuntu-24.04)	Run python3 scripts/gate.py	2026-09-08T15:20:12.5532021Z test projection::tests::cleanup::failed_storage_has_finite_retries_and_retains_original_live_model ... ok
gate (ubuntu-24.04)	Run python3 scripts/gate.py	2026-09-08T15:20:12.5533443Z test projection::tests::cleanup::permanent_delete_failure_closes_truthfully_and_stays_charged_in_bounded_ledger ... ok
gate (ubuntu-24.04)	Run python3 scripts/gate.py	2026-09-08T15:20:12.5534886Z test projection::tests::cleanup::rejected_blocking_admission_schedules_bounded_retry_without_losing_model ... ok
gate (ubuntu-24.04)	Run python3 scripts/gate.py	2026-09-08T15:20:12.5536328Z test projection::tests::cleanup::scheduler_shutdown_fallback_finishes_late_commit_without_retaining_services ... ok
gate (ubuntu-24.04)	Run python3 scripts/gate.py	2026-09-08T15:20:12.5539318Z test projection::tests::cleanup::uncertain_commits_stay_charged_and_report_failure_on_every_close ... ok
gate (ubuntu-24.04)	Run python3 scripts/gate.py	2026-09-08T15:20:12.5540761Z test projection::tests::parking::idle_park_restore_orders_bytes_resize_history_and_single_authoritative_reply ... ok
gate (ubuntu-24.04)	Run python3 scripts/gate.py	2026-09-08T15:20:12.5544266Z test projection::tests::parking::output_during_commit_retains_model_and_cleanup_does_not_block_feed ... ok
gate (ubuntu-24.04)	Run python3 scripts/gate.py	2026-09-08T15:20:12.5545649Z test projection::tests::parking::output_during_encode_is_bounded_and_stale_commit_never_releases_live_model ... ok
gate (ubuntu-24.04)	Run python3 scripts/gate.py	2026-09-08T15:20:12.5548511Z test projection::tests::parking::parked_transfer_pin_uses_saved_source_without_native_restore ... ok
gate (ubuntu-24.04)	Run python3 scripts/gate.py	2026-09-08T15:20:12.5549849Z test projection::tests::parking::ready_view_captures_its_own_history_and_exact_order_boundary ... ok
gate (ubuntu-24.04)	Run python3 scripts/gate.py	2026-09-08T15:20:12.5551100Z test projection::tests::pressure::copied_views_retain_global_memory_admission_until_consumer_drop ... ok
gate (ubuntu-24.04)	Run python3 scripts/gate.py	2026-09-08T15:20:12.5552790Z test projection::tests::pressure::generated_reply_waits_for_single_writer_admission_without_refeeding_or_duplicate_send ... ok
gate (ubuntu-24.04)	Run python3 scripts/gate.py	2026-09-08T15:20:12.5554292Z test projection::tests::pressure::global_parser_capacity_released_by_another_session_wakes_waiter ... ok
gate (ubuntu-24.04)	Run python3 scripts/gate.py	2026-09-08T15:20:12.5555681Z test projection::tests::pressure::independent_parser_admission_is_all_or_none_and_early_capacity_notice_survives ... ok
gate (ubuntu-24.04)	Run python3 scripts/gate.py	2026-09-08T15:20:12.5557211Z test projection::tests::pressure::native_feed_panic_preserves_unprocessed_staging_and_rejects_projection_operations ... ok
gate (ubuntu-24.04)	Run python3 scripts/gate.py	2026-09-08T15:20:12.5558837Z test projection::tests::pressure::partial_generated_reply_fails_projection_and_is_never_resent ... ok
gate (ubuntu-24.04)	Run python3 scripts/gate.py	2026-09-08T15:20:12.5560235Z test projection::tests::pressure::resident_checkpoint_pin_reserves_plaintext_even_when_protection_bound_is_smaller ... ok
gate (ubuntu-24.04)	Run python3 scripts/gate.py	2026-09-08T15:20:12.5561188Z 
gate (ubuntu-24.04)	Run python3 scripts/gate.py	2026-09-08T15:20:12.5561978Z test result: ok. 21 passed; 0 failed; 0 ignored; 0 measured; 0 filtered out; finished in 0.00s
gate (ubuntu-24.04)	Run python3 scripts/gate.py	2026-09-08T15:20:12.5563249Z      Running unittests src/lib.rs (target/debug/deps/pty_runtime_domain-74f7f9dee138c564)
gate (ubuntu-24.04)	Run python3 scripts/gate.py	2026-09-08T15:20:12.5563919Z 
gate (ubuntu-24.04)	Run python3 scripts/gate.py	2026-09-08T15:20:12.5569687Z 
gate (ubuntu-24.04)	Run python3 scripts/gate.py	2026-09-08T15:20:12.5569983Z running 17 tests
gate (ubuntu-24.04)	Run python3 scripts/gate.py	2026-09-08T15:20:12.5573742Z test identity::tests::accepted_identity_discards_excess_owned_capacity_and_redacts ... ok
gate (ubuntu-24.04)	Run python3 scripts/gate.py	2026-09-08T15:20:12.5576134Z test identity::tests::identity_enforces_byte_limit_and_control_policy ... ok
gate (ubuntu-24.04)	Run python3 scripts/gate.py	2026-09-08T15:20:12.5577026Z test identity::tests::identity_equality_is_literal_and_lifetimes_include_both_parts ... ok
gate (ubuntu-24.04)	Run python3 scripts/gate.py	2026-09-08T15:20:12.5577867Z test process::tests::commands_are_literal_bounded_and_redacted ... ok
gate (ubuntu-24.04)	Run python3 scripts/gate.py	2026-09-08T15:20:12.5578805Z test process::tests::environment_keys_validate_and_overrides_remain_last ... ok
gate (ubuntu-24.04)	Run python3 scripts/gate.py	2026-09-08T15:20:12.5581316Z test process::tests::deadline_and_allocation_extremes_are_rejected ... ok
gate (ubuntu-24.04)	Run python3 scripts/gate.py	2026-09-08T15:20:12.5583134Z test projection::tests::close_rejects_late_commit_and_usable_completion_cannot_revive ... ok
gate (ubuntu-24.04)	Run python3 scripts/gate.py	2026-09-08T15:20:12.5584291Z test projection::tests::invalid_policy_and_out_of_order_processed_controls_are_rejected ... ok
gate (ubuntu-24.04)	Run python3 scripts/gate.py	2026-09-08T15:20:12.5585530Z test projection::tests::mutation_invalidates_parking_without_advancing_unprocessed_position ... ok
gate (ubuntu-24.04)	Run python3 scripts/gate.py	2026-09-08T15:20:12.5586749Z test projection::tests::restoration_rejects_unadmitted_sources_and_preserves_failures ... ok
gate (ubuntu-24.04)	Run python3 scripts/gate.py	2026-09-08T15:20:12.5587799Z test projection::tests::failed_retries_are_bounded_until_real_mutation ... ok
gate (ubuntu-24.04)	Run python3 scripts/gate.py	2026-09-08T15:20:12.5588808Z test projection::tests::successful_parking_does_not_consume_failed_retry_budget ... ok
gate (ubuntu-24.04)	Run python3 scripts/gate.py	2026-09-08T15:20:12.5592887Z test replay::tests::eviction_reports_gap_before_exact_suffix_and_reads_do_not_advance ... ok
gate (ubuntu-24.04)	Run python3 scripts/gate.py	2026-09-08T15:20:12.5596352Z test replay::tests::identities_and_future_positions_are_validated_even_when_empty ... ok
gate (ubuntu-24.04)	Run python3 scripts/gate.py	2026-09-08T15:20:12.5599659Z test replay::tests::offset_overflow_is_atomic_and_debug_redacts_content ... ok
gate (ubuntu-24.04)	Run python3 scripts/gate.py	2026-09-08T15:20:12.5603035Z test replay::tests::zero_retention_and_global_eviction_keep_stream_position ... ok
gate (ubuntu-24.04)	Run python3 scripts/gate.py	2026-09-08T15:20:12.5644639Z test replay::tests::chunking_matches_reference_suffix_across_capacities ... ok
gate (ubuntu-24.04)	Run python3 scripts/gate.py	2026-09-08T15:20:12.5645346Z 
gate (ubuntu-24.04)	Run python3 scripts/gate.py	2026-09-08T15:20:12.5645891Z test result: ok. 17 passed; 0 failed; 0 ignored; 0 measured; 0 filtered out; finished in 0.01s
gate (ubuntu-24.04)	Run python3 scripts/gate.py	2026-09-08T15:20:12.5646536Z 
gate (ubuntu-24.04)	Run python3 scripts/gate.py	2026-09-08T15:20:12.5647124Z      Running tests/replay_model.rs (target/debug/deps/replay_model-eafe28ce43f53de0)
gate (ubuntu-24.04)	Run python3 scripts/gate.py	2026-09-08T15:20:12.5657553Z 
gate (ubuntu-24.04)	Run python3 scripts/gate.py	2026-09-08T15:20:12.5657859Z running 1 test
gate (ubuntu-24.04)	Run python3 scripts/gate.py	2026-09-08T15:20:12.7433239Z test seeded_interleavings_match_an_append_only_ledger ... ok
gate (ubuntu-24.04)	Run python3 scripts/gate.py	2026-09-08T15:20:12.7434000Z 
gate (ubuntu-24.04)	Run python3 scripts/gate.py	2026-09-08T15:20:12.7434504Z test result: ok. 1 passed; 0 failed; 0 ignored; 0 measured; 0 filtered out; finished in 0.18s
gate (ubuntu-24.04)	Run python3 scripts/gate.py	2026-09-08T15:20:12.7435720Z      Running unittests src/lib.rs (target/debug/deps/pty_runtime_infrastructure-139654d6623fbf4f)
gate (ubuntu-24.04)	Run python3 scripts/gate.py	2026-09-08T15:20:12.7436253Z 
gate (ubuntu-24.04)	Run python3 scripts/gate.py	2026-09-08T15:20:12.7449229Z 
gate (ubuntu-24.04)	Run python3 scripts/gate.py	2026-09-08T15:20:12.7449567Z running 8 tests
gate (ubuntu-24.04)	Run python3 scripts/gate.py	2026-09-08T15:20:12.7456860Z test checkpoint::file::tests::failed_orphan_cleanup_retains_a_distinct_quota_charge ... ok
gate (ubuntu-24.04)	Run python3 scripts/gate.py	2026-09-08T15:20:12.7466965Z test checkpoint::file::tests::concurrent_commit_reservation_cannot_exceed_quota ... ok
gate (ubuntu-24.04)	Run python3 scripts/gate.py	2026-09-08T15:20:12.7476302Z test checkpoint::file::tests::partial_failed_writes_full_disk_and_zero_writes_clean_temporary_state ... ok
gate (ubuntu-24.04)	Run python3 scripts/gate.py	2026-09-08T15:20:12.7477665Z test checkpoint::file::tests::renamed_namespace_drop_does_not_remove_unrelated_replacement ... ok
gate (ubuntu-24.04)	Run python3 scripts/gate.py	2026-09-08T15:20:12.7511168Z test process::spawn_barrier_tests::blocked_and_failed_spawn_does_not_delay_existing_controls_or_reaping ... ok
gate (ubuntu-24.04)	Run python3 scripts/gate.py	2026-09-08T15:20:12.7523508Z test scheduling::blocking::tests::shutdown_joins_all_workers_and_releases_worker_state ... ok
gate (ubuntu-24.04)	Run python3 scripts/gate.py	2026-09-08T15:20:12.7525164Z test scheduling::pool::tests::shutdown_joins_all_workers_and_releases_worker_state ... ok
gate (ubuntu-24.04)	Run python3 scripts/gate.py	2026-09-08T15:20:12.7526311Z test process::spawn_barrier_tests::immediate_shutdown_reaps_existing_child_before_stalled_launch_finishes ... ok
gate (ubuntu-24.04)	Run python3 scripts/gate.py	2026-09-08T15:20:12.7532701Z      Running tests/checkpoint_adversarial.rs (target/debug/deps/checkpoint_adversarial-9d765da7f9ed1652)
gate (ubuntu-24.04)	Run python3 scripts/gate.py	2026-09-08T15:20:12.7533453Z 
gate (ubuntu-24.04)	Run python3 scripts/gate.py	2026-09-08T15:20:12.7533949Z test result: ok. 8 passed; 0 failed; 0 ignored; 0 measured; 0 filtered out; finished in 0.01s
gate (ubuntu-24.04)	Run python3 scripts/gate.py	2026-09-08T15:20:12.7534504Z 
gate (ubuntu-24.04)	Run python3 scripts/gate.py	2026-09-08T15:20:12.7542683Z 
gate (ubuntu-24.04)	Run python3 scripts/gate.py	2026-09-08T15:20:12.7542983Z running 4 tests
gate (ubuntu-24.04)	Run python3 scripts/gate.py	2026-09-08T15:20:12.7559566Z test drop_does_not_remove_foreign_replacement_directory ... ok
gate (ubuntu-24.04)	Run python3 scripts/gate.py	2026-09-08T15:20:12.7568792Z test permission_or_hardlink_change_rejects_read_without_exposing_payload ... ok
gate (ubuntu-24.04)	Run python3 scripts/gate.py	2026-09-08T15:20:12.7569850Z test failed_namespace_construction_rolls_back_under_restrictive_umask ... ok
gate (ubuntu-24.04)	Run python3 scripts/gate.py	2026-09-08T15:20:12.7709318Z test repeated_protection_uses_distinct_nonces_and_remains_authentic ... ok
gate (ubuntu-24.04)	Run python3 scripts/gate.py	2026-09-08T15:20:12.7710827Z 
gate (ubuntu-24.04)	Run python3 scripts/gate.py	2026-09-08T15:20:12.7711374Z test result: ok. 4 passed; 0 failed; 0 ignored; 0 measured; 0 filtered out; finished in 0.02s
gate (ubuntu-24.04)	Run python3 scripts/gate.py	2026-09-08T15:20:12.7712759Z      Running tests/checkpoint_contract.rs (target/debug/deps/checkpoint_contract-6685eafe12dff84e)
gate (ubuntu-24.04)	Run python3 scripts/gate.py	2026-09-08T15:20:12.7713360Z 
gate (ubuntu-24.04)	Run python3 scripts/gate.py	2026-09-08T15:20:12.7725644Z 
gate (ubuntu-24.04)	Run python3 scripts/gate.py	2026-09-08T15:20:12.7725978Z running 5 tests
gate (ubuntu-24.04)	Run python3 scripts/gate.py	2026-09-08T15:20:12.7739462Z test existing_or_symlink_root_rejected_without_cleanup_of_foreign_content ... ok
gate (ubuntu-24.04)	Run python3 scripts/gate.py	2026-09-08T15:20:12.7740426Z test injected_provider_same_contract ... ok
gate (ubuntu-24.04)	Run python3 scripts/gate.py	2026-09-08T15:20:12.7741203Z test ciphertext_corruption_truncation_wrong_key_and_metadata_replay_rejected ... ok
gate (ubuntu-24.04)	Run python3 scripts/gate.py	2026-09-08T15:20:12.7756539Z test real_disk_quota_short_reads_symlinks_and_corrupt_files ... ok
gate (ubuntu-24.04)	Run python3 scripts/gate.py	2026-09-08T15:20:12.7762726Z test real_disk_contract_private_permissions_and_cleanup ... ok
gate (ubuntu-24.04)	Run python3 scripts/gate.py	2026-09-08T15:20:12.7763360Z 
gate (ubuntu-24.04)	Run python3 scripts/gate.py	2026-09-08T15:20:12.7763894Z test result: ok. 5 passed; 0 failed; 0 ignored; 0 measured; 0 filtered out; finished in 0.00s
gate (ubuntu-24.04)	Run python3 scripts/gate.py	2026-09-08T15:20:12.7764584Z 
gate (ubuntu-24.04)	Run python3 scripts/gate.py	2026-09-08T15:20:12.7765900Z      Running tests/checkpoint_opaque_envelope.rs (target/debug/deps/checkpoint_opaque_envelope-b5b8762c4458d4e8)
gate (ubuntu-24.04)	Run python3 scripts/gate.py	2026-09-08T15:20:12.7777794Z 
gate (ubuntu-24.04)	Run python3 scripts/gate.py	2026-09-08T15:20:12.7778094Z running 1 test
gate (ubuntu-24.04)	Run python3 scripts/gate.py	2026-09-08T15:20:12.7786697Z test storage_roundtrips_short_opaque_envelope_without_cipher_assumptions ... ok
gate (ubuntu-24.04)	Run python3 scripts/gate.py	2026-09-08T15:20:12.7787465Z 
gate (ubuntu-24.04)	Run python3 scripts/gate.py	2026-09-08T15:20:12.7788037Z test result: ok. 1 passed; 0 failed; 0 ignored; 0 measured; 0 filtered out; finished in 0.00s
gate (ubuntu-24.04)	Run python3 scripts/gate.py	2026-09-08T15:20:12.7788614Z 
gate (ubuntu-24.04)	Run python3 scripts/gate.py	2026-09-08T15:20:12.7789838Z      Running tests/process_adversarial.rs (target/debug/deps/process_adversarial-a903839a04628ead)
gate (ubuntu-24.04)	Run python3 scripts/gate.py	2026-09-08T15:20:12.7801273Z 
gate (ubuntu-24.04)	Run python3 scripts/gate.py	2026-09-08T15:20:12.7801930Z running 1 test
gate (ubuntu-24.04)	Run python3 scripts/gate.py	2026-09-08T15:20:12.7820634Z test failed_reader_terminates_long_lived_child_without_owner_shutdown ... ok
gate (ubuntu-24.04)	Run python3 scripts/gate.py	2026-09-08T15:20:12.7821326Z 
gate (ubuntu-24.04)	Run python3 scripts/gate.py	2026-09-08T15:20:12.7822155Z test result: ok. 1 passed; 0 failed; 0 ignored; 0 measured; 0 filtered out; finished in 0.00s
gate (ubuntu-24.04)	Run python3 scripts/gate.py	2026-09-08T15:20:12.7822748Z 
gate (ubuntu-24.04)	Run python3 scripts/gate.py	2026-09-08T15:20:12.7823888Z      Running tests/process_contract.rs (target/debug/deps/process_contract-b19347b008a8d2b1)
gate (ubuntu-24.04)	Run python3 scripts/gate.py	2026-09-08T15:20:12.7835560Z 
gate (ubuntu-24.04)	Run python3 scripts/gate.py	2026-09-08T15:20:12.7835871Z running 7 tests
gate (ubuntu-24.04)	Run python3 scripts/gate.py	2026-09-08T15:20:12.8289403Z test cancellation_bypasses_full_input_and_escalates_once ... ok
gate (ubuntu-24.04)	Run python3 scripts/gate.py	2026-09-08T15:20:12.8308762Z test controlling_terminal_echo_off_ordered_input_and_real_exit ... ok
gate (ubuntu-24.04)	Run python3 scripts/gate.py	2026-09-08T15:20:12.8728871Z test descendant_endpoint_has_bounded_drain_separate_from_exit ... ok
gate (ubuntu-24.04)	Run python3 scripts/gate.py	2026-09-08T15:20:12.8863468Z test failed_spawn_releases_admission_and_drop_reaps_child ... ok
gate (ubuntu-24.04)	Run python3 scripts/gate.py	2026-09-08T15:20:12.8887913Z test literal_arguments_empty_environment_overrides_and_canonical_roots ... ok
gate (ubuntu-24.04)	Run python3 scripts/gate.py	2026-09-08T15:20:12.8921817Z test resize_and_quiet_reader_shutdown_are_interruptible ... ok
gate (ubuntu-24.04)	Run python3 scripts/gate.py	2026-09-08T15:20:13.0483316Z test blocked_output_does_not_block_exit_or_shutdown ... ok
gate (ubuntu-24.04)	Run python3 scripts/gate.py	2026-09-08T15:20:13.0484827Z 
gate (ubuntu-24.04)	Run python3 scripts/gate.py	2026-09-08T15:20:13.0485550Z test result: ok. 7 passed; 0 failed; 0 ignored; 0 measured; 0 filtered out; finished in 0.26s
gate (ubuntu-24.04)	Run python3 scripts/gate.py	2026-09-08T15:20:13.0486252Z 
gate (ubuntu-24.04)	Run python3 scripts/gate.py	2026-09-08T15:20:13.0487232Z      Running tests/process_handle_teardown.rs (target/debug/deps/process_handle_teardown-bc3bad8a9e530b61)
gate (ubuntu-24.04)	Run python3 scripts/gate.py	2026-09-08T15:20:13.0502405Z 
gate (ubuntu-24.04)	Run python3 scripts/gate.py	2026-09-08T15:20:13.0502752Z running 1 test
gate (ubuntu-24.04)	Run python3 scripts/gate.py	2026-09-08T15:20:13.0790747Z test retained_closed_handles_release_all_wake_descriptors ... ok
gate (ubuntu-24.04)	Run python3 scripts/gate.py	2026-09-08T15:20:13.0792625Z 
gate (ubuntu-24.04)	Run python3 scripts/gate.py	2026-09-08T15:20:13.0793261Z test result: ok. 1 passed; 0 failed; 0 ignored; 0 measured; 0 filtered out; finished in 0.03s
gate (ubuntu-24.04)	Run python3 scripts/gate.py	2026-09-08T15:20:13.0794052Z 
gate (ubuntu-24.04)	Run python3 scripts/gate.py	2026-09-08T15:20:13.0800318Z      Running tests/process_host_contract.rs (target/debug/deps/process_host_contract-675ac9637c635f56)
gate (ubuntu-24.04)	Run python3 scripts/gate.py	2026-09-08T15:20:13.0809694Z 
gate (ubuntu-24.04)	Run python3 scripts/gate.py	2026-09-08T15:20:13.0810402Z running 4 tests
gate (ubuntu-24.04)	Run python3 scripts/gate.py	2026-09-08T15:20:13.0843058Z test backend_drop_ignores_twenty_four_hour_grace_and_reaps ... ok
gate (ubuntu-24.04)	Run python3 scripts/gate.py	2026-09-08T15:20:13.0844223Z test sigchld_policy_fixture ... ignored, runs only inside the isolated host-policy subprocess
gate (ubuntu-24.04)	Run python3 scripts/gate.py	2026-09-08T15:20:13.0866836Z test unexpected_reader_failure_kills_long_lived_child_without_grace_delay ... ok
gate (ubuntu-24.04)	Run python3 scripts/gate.py	2026-09-08T15:20:13.0870465Z test constructor_rejects_auto_reaping_policies_in_isolated_hosts ... ok
gate (ubuntu-24.04)	Run python3 scripts/gate.py	2026-09-08T15:20:13.0871349Z      Running tests/process_pressure.rs (target/debug/deps/process_pressure-d4d64f527c880e44)
gate (ubuntu-24.04)	Run python3 scripts/gate.py	2026-09-08T15:20:13.0873068Z 
gate (ubuntu-24.04)	Run python3 scripts/gate.py	2026-09-08T15:20:13.0873667Z test result: ok. 3 passed; 0 failed; 1 ignored; 0 measured; 0 filtered out; finished in 0.01s
gate (ubuntu-24.04)	Run python3 scripts/gate.py	2026-09-08T15:20:13.0874435Z 
gate (ubuntu-24.04)	Run python3 scripts/gate.py	2026-09-08T15:20:13.0886143Z 
gate (ubuntu-24.04)	Run python3 scripts/gate.py	2026-09-08T15:20:13.0886526Z running 4 tests
gate (ubuntu-24.04)	Run python3 scripts/gate.py	2026-09-08T15:20:13.0950224Z test callback_panics_do_not_orphan_children_or_break_other_sessions ... ok
gate (ubuntu-24.04)	Run python3 scripts/gate.py	2026-09-08T15:20:13.1455407Z test stalled_input_times_out_with_partial_ack_and_retains_no_admission ... ok
gate (ubuntu-24.04)	Run python3 scripts/gate.py	2026-09-08T15:20:13.1474585Z test symlinks_cannot_escape_allowed_launch_roots ... ok
gate (ubuntu-24.04)	Run python3 scripts/gate.py	2026-09-08T15:20:13.1516927Z test simultaneous_producers_deliver_complete_bytes_and_quiet_cancel_remains_live ... ok
gate (ubuntu-24.04)	Run python3 scripts/gate.py	2026-09-08T15:20:13.1517689Z 
gate (ubuntu-24.04)	Run python3 scripts/gate.py	2026-09-08T15:20:13.1518272Z test result: ok. 4 passed; 0 failed; 0 ignored; 0 measured; 0 filtered out; finished in 0.06s
gate (ubuntu-24.04)	Run python3 scripts/gate.py	2026-09-08T15:20:13.1519069Z 
gate (ubuntu-24.04)	Run python3 scripts/gate.py	2026-09-08T15:20:13.1524709Z      Running tests/scheduling_adversarial.rs (target/debug/deps/scheduling_adversarial-9fce39aa4e84e405)
gate (ubuntu-24.04)	Run python3 scripts/gate.py	2026-09-08T15:20:13.1537583Z 
gate (ubuntu-24.04)	Run python3 scripts/gate.py	2026-09-08T15:20:13.1537941Z running 4 tests
gate (ubuntu-24.04)	Run python3 scripts/gate.py	2026-09-08T15:20:13.1542393Z test excessive_worker_counts_are_rejected_before_thread_creation ... ok
gate (ubuntu-24.04)	Run python3 scripts/gate.py	2026-09-08T15:20:13.1543837Z test impossible_blocking_queue_bound_returns_error_without_panicking ... ok
gate (ubuntu-24.04)	Run python3 scripts/gate.py	2026-09-08T15:20:13.1548536Z test callback_owner_destructor_panic_does_not_destroy_worker_capacity ... ok
gate (ubuntu-24.04)	Run python3 scripts/gate.py	2026-09-08T15:20:13.1549589Z      Running tests/scheduling_blocking.rs (target/debug/deps/scheduling_blocking-29ec50788ca04d80)
gate (ubuntu-24.04)	Run python3 scripts/gate.py	2026-09-08T15:20:13.1562582Z test impossible_registration_bounds_return_errors_without_panicking ... ok
gate (ubuntu-24.04)	Run python3 scripts/gate.py	2026-09-08T15:20:13.1565946Z 
gate (ubuntu-24.04)	Run python3 scripts/gate.py	2026-09-08T15:20:13.1567215Z test result: ok. 4 passed; 0 failed; 0 ignored; 0 measured; 0 filtered out; finished in 0.00s
gate (ubuntu-24.04)	Run python3 scripts/gate.py	2026-09-08T15:20:13.1568858Z 
gate (ubuntu-24.04)	Run python3 scripts/gate.py	2026-09-08T15:20:13.1569070Z 
gate (ubuntu-24.04)	Run python3 scripts/gate.py	2026-09-08T15:20:13.1569382Z running 3 tests
gate (ubuntu-24.04)	Run python3 scripts/gate.py	2026-09-08T15:20:13.1570028Z test capacity_generation_preserves_early_notifications ... ok
gate (ubuntu-24.04)	Run python3 scripts/gate.py	2026-09-08T15:20:13.1570929Z test job_panic_does_not_kill_worker_and_drop_joins_work ... ok
gate (ubuntu-24.04)	Run python3 scripts/gate.py	2026-09-08T15:20:13.1572143Z test blocked_job_admission_is_bounded_and_shutdown_drains_accepted_jobs ... ok
gate (ubuntu-24.04)	Run python3 scripts/gate.py	2026-09-08T15:20:13.1573089Z      Running tests/scheduling_pool.rs (target/debug/deps/scheduling_pool-6395a90f0fc4a0ef)
gate (ubuntu-24.04)	Run python3 scripts/gate.py	2026-09-08T15:20:13.1573825Z 
gate (ubuntu-24.04)	Run python3 scripts/gate.py	2026-09-08T15:20:13.1574346Z test result: ok. 3 passed; 0 failed; 0 ignored; 0 measured; 0 filtered out; finished in 0.00s
gate (ubuntu-24.04)	Run python3 scripts/gate.py	2026-09-08T15:20:13.1575124Z 
gate (ubuntu-24.04)	Run python3 scripts/gate.py	2026-09-08T15:20:13.1584662Z 
gate (ubuntu-24.04)	Run python3 scripts/gate.py	2026-09-08T15:20:13.1585349Z running 5 tests
gate (ubuntu-24.04)	Run python3 scripts/gate.py	2026-09-08T15:20:13.1590806Z test callback_can_request_shutdown_without_self_join ... ok
gate (ubuntu-24.04)	Run python3 scripts/gate.py	2026-09-08T15:20:13.1592299Z test panic_reports_failure_and_other_work_continues ... ok
gate (ubuntu-24.04)	Run python3 scripts/gate.py	2026-09-08T15:20:13.1595734Z test registration_caps_handle_drop_and_weak_drop_reclaim_slots ... ok
gate (ubuntu-24.04)	Run python3 scripts/gate.py	2026-09-08T15:20:13.1597322Z test running_wakes_coalesce_without_overlap_and_close_releases_after_run ... ok
gate (ubuntu-24.04)	Run python3 scripts/gate.py	2026-09-08T15:20:13.1698438Z test timer_fires_without_external_wake_and_finished_closes_handle ... ok
gate (ubuntu-24.04)	Run python3 scripts/gate.py	2026-09-08T15:20:13.1700322Z 
gate (ubuntu-24.04)	Run python3 scripts/gate.py	2026-09-08T15:20:13.1700817Z test result: ok. 5 passed; 0 failed; 0 ignored; 0 measured; 0 filtered out; finished in 0.01s
gate (ubuntu-24.04)	Run python3 scripts/gate.py	2026-09-08T15:20:13.1701798Z 
gate (ubuntu-24.04)	Run python3 scripts/gate.py	2026-09-08T15:20:13.1702420Z      Running tests/terminal_bounds.rs (target/debug/deps/terminal_bounds-b822bd55afb95069)
gate (ubuntu-24.04)	Run python3 scripts/gate.py	2026-09-08T15:20:13.1715657Z 
gate (ubuntu-24.04)	Run python3 scripts/gate.py	2026-09-08T15:20:13.1716027Z running 5 tests
gate (ubuntu-24.04)	Run python3 scripts/gate.py	2026-09-08T15:20:13.1731968Z test chunk_admission_does_not_mutate_and_reply_overflow_invalidates_projection ... ok
gate (ubuntu-24.04)	Run python3 scripts/gate.py	2026-09-08T15:20:13.2521186Z test checkpoint_and_native_allocations_are_bounded ... ok
gate (ubuntu-24.04)	Run python3 scripts/gate.py	2026-09-08T15:20:13.2777778Z test corrupted_and_truncated_snapshots_never_complete_successfully ... ok
gate (ubuntu-24.04)	Run python3 scripts/gate.py	2026-09-08T15:20:13.3230177Z test rejects_invalid_dimensions_config_and_incompatible_checkpoints ... ok
gate (ubuntu-24.04)	Run python3 scripts/gate.py	2026-09-08T15:20:13.3462846Z test view_and_parser_continuation_have_explicit_budgets ... ok
gate (ubuntu-24.04)	Run python3 scripts/gate.py	2026-09-08T15:20:13.3463619Z 
gate (ubuntu-24.04)	Run python3 scripts/gate.py	2026-09-08T15:20:13.3464167Z test result: ok. 5 passed; 0 failed; 0 ignored; 0 measured; 0 filtered out; finished in 0.17s
gate (ubuntu-24.04)	Run python3 scripts/gate.py	2026-09-08T15:20:13.3464953Z 
gate (ubuntu-24.04)	Run python3 scripts/gate.py	2026-09-08T15:20:13.3473708Z      Running tests/terminal_contract.rs (target/debug/deps/terminal_contract-b74e8fe33f7d6417)
gate (ubuntu-24.04)	Run python3 scripts/gate.py	2026-09-08T15:20:13.3486988Z 
gate (ubuntu-24.04)	Run python3 scripts/gate.py	2026-09-08T15:20:13.3487353Z running 6 tests
gate (ubuntu-24.04)	Run python3 scripts/gate.py	2026-09-08T15:20:13.5633883Z test compression_preserves_wide_combining_text_and_full_history ... ok
gate (ubuntu-24.04)	Run python3 scripts/gate.py	2026-09-08T15:20:13.5662204Z test incremental_text_styles_modes_cursor_and_ordered_resize ... ok
gate (ubuntu-24.04)	Run python3 scripts/gate.py	2026-09-08T15:20:13.5682244Z test palette_and_default_color_overrides_are_domain_values ... ok
gate (ubuntu-24.04)	Run python3 scripts/gate.py	2026-09-08T15:20:17.2154712Z test checkpoints_preserve_parser_continuation_and_uninterrupted_state ... ok
gate (ubuntu-24.04)	Run python3 scripts/gate.py	2026-09-08T15:20:18.7541307Z test terminal_owner_can_move_threads_and_drop_with_pending_history ... ok
gate (ubuntu-24.04)	Run python3 scripts/gate.py	2026-09-08T15:20:18.7831912Z test ready_fences_mutations_to_preserve_one_hundred_thousand_history_lines ... ok
gate (ubuntu-24.04)	Run python3 scripts/gate.py	2026-09-08T15:20:18.7833057Z 
gate (ubuntu-24.04)	Run python3 scripts/gate.py	2026-09-08T15:20:18.7837680Z test result: ok. 6 passed; 0 failed; 0 ignored; 0 measured; 0 filtered out; finished in 5.43s
gate (ubuntu-24.04)	Run python3 scripts/gate.py	2026-09-08T15:20:18.7838351Z 
gate (ubuntu-24.04)	Run python3 scripts/gate.py	2026-09-08T15:20:18.7849532Z + cargo test --locked --workspace --no-default-features
gate (ubuntu-24.04)	Run python3 scripts/gate.py	2026-09-08T15:20:18.8241094Z    Compiling pty-runtime-infrastructure v0.1.0 (/home/runner/work/pty-runtime/pty-runtime/crates/infrastructure)
gate (ubuntu-24.04)	Run python3 scripts/gate.py	2026-09-08T15:20:21.7718158Z    Compiling pty-runtime v0.1.0 (/home/runner/work/pty-runtime/pty-runtime)
gate (ubuntu-24.04)	Run python3 scripts/gate.py	2026-09-08T15:20:29.1217986Z     Finished `test` profile [unoptimized + debuginfo] target(s) in 10.32s
gate (ubuntu-24.04)	Run python3 scripts/gate.py	2026-09-08T15:20:29.1275926Z      Running unittests src/lib.rs (target/debug/deps/pty_runtime-4206865980daa902)
gate (ubuntu-24.04)	Run python3 scripts/gate.py	2026-09-08T15:20:29.1288254Z 
gate (ubuntu-24.04)	Run python3 scripts/gate.py	2026-09-08T15:20:29.1288618Z running 0 tests
gate (ubuntu-24.04)	Run python3 scripts/gate.py	2026-09-08T15:20:29.1289235Z 
gate (ubuntu-24.04)	Run python3 scripts/gate.py	2026-09-08T15:20:29.1289881Z test result: ok. 0 passed; 0 failed; 0 ignored; 0 measured; 0 filtered out; finished in 0.00s
gate (ubuntu-24.04)	Run python3 scripts/gate.py	2026-09-08T15:20:29.1302627Z      Running tests/ddd_spawn_failure.rs (target/debug/deps/ddd_spawn_failure-fdecbb79e5b21b8c)
gate (ubuntu-24.04)	Run python3 scripts/gate.py	2026-09-08T15:20:29.1303230Z 
gate (ubuntu-24.04)	Run python3 scripts/gate.py	2026-09-08T15:20:29.1303569Z 
gate (ubuntu-24.04)	Run python3 scripts/gate.py	2026-09-08T15:20:29.1303920Z running 1 test
gate (ubuntu-24.04)	Run python3 scripts/gate.py	2026-09-08T15:20:29.1307052Z test lookup_handle_obtained_during_failed_spawn_reaches_terminal_state ... ok
gate (ubuntu-24.04)	Run python3 scripts/gate.py	2026-09-08T15:20:29.1307826Z 
gate (ubuntu-24.04)	Run python3 scripts/gate.py	2026-09-08T15:20:29.1308412Z test result: ok. 1 passed; 0 failed; 0 ignored; 0 measured; 0 filtered out; finished in 0.00s
gate (ubuntu-24.04)	Run python3 scripts/gate.py	2026-09-08T15:20:29.1309150Z 
gate (ubuntu-24.04)	Run python3 scripts/gate.py	2026-09-08T15:20:29.1309750Z      Running tests/default_parking.rs (target/debug/deps/default_parking-e550ad4bdb7f7fbd)
gate (ubuntu-24.04)	Run python3 scripts/gate.py	2026-09-08T15:20:29.1320740Z 
gate (ubuntu-24.04)	Run python3 scripts/gate.py	2026-09-08T15:20:29.1321118Z running 0 tests
gate (ubuntu-24.04)	Run python3 scripts/gate.py	2026-09-08T15:20:29.1321856Z 
gate (ubuntu-24.04)	Run python3 scripts/gate.py	2026-09-08T15:20:29.1322505Z test result: ok. 0 passed; 0 failed; 0 ignored; 0 measured; 0 filtered out; finished in 0.00s
gate (ubuntu-24.04)	Run python3 scripts/gate.py	2026-09-08T15:20:29.1323503Z      Running tests/input_reservation.rs (target/debug/deps/input_reservation-5385dfab10da6e3c)
gate (ubuntu-24.04)	Run python3 scripts/gate.py	2026-09-08T15:20:29.1324729Z 
gate (ubuntu-24.04)	Run python3 scripts/gate.py	2026-09-08T15:20:29.1335221Z 
gate (ubuntu-24.04)	Run python3 scripts/gate.py	2026-09-08T15:20:29.1335584Z running 1 test
gate (ubuntu-24.04)	Run python3 scripts/gate.py	2026-09-08T15:20:29.1338358Z test global_bytes_and_slots_survive_abandoned_wait_and_release_on_adapter_completion ... ok
gate (ubuntu-24.04)	Run python3 scripts/gate.py	2026-09-08T15:20:29.1339237Z 
gate (ubuntu-24.04)	Run python3 scripts/gate.py	2026-09-08T15:20:29.1339841Z test result: ok. 1 passed; 0 failed; 0 ignored; 0 measured; 0 filtered out; finished in 0.00s
gate (ubuntu-24.04)	Run python3 scripts/gate.py	2026-09-08T15:20:29.1341115Z      Running tests/process_handle_resources.rs (target/debug/deps/process_handle_resources-d30a5560dd56674d)
gate (ubuntu-24.04)	Run python3 scripts/gate.py	2026-09-08T15:20:29.1342293Z 
gate (ubuntu-24.04)	Run python3 scripts/gate.py	2026-09-08T15:20:29.1353132Z 
gate (ubuntu-24.04)	Run python3 scripts/gate.py	2026-09-08T15:20:29.1353490Z running 1 test
gate (ubuntu-24.04)	Run python3 scripts/gate.py	2026-09-08T15:20:29.1560675Z test completed_old_handles_do_not_keep_process_wake_descriptors ... ok
gate (ubuntu-24.04)	Run python3 scripts/gate.py	2026-09-08T15:20:29.1562280Z      Running tests/projected_runtime.rs (target/debug/deps/projected_runtime-df85c8b5d5903779)
gate (ubuntu-24.04)	Run python3 scripts/gate.py	2026-09-08T15:20:29.1568071Z 
gate (ubuntu-24.04)	Run python3 scripts/gate.py	2026-09-08T15:20:29.1568690Z test result: ok. 1 passed; 0 failed; 0 ignored; 0 measured; 0 filtered out; finished in 0.02s
gate (ubuntu-24.04)	Run python3 scripts/gate.py	2026-09-08T15:20:29.1569573Z 
gate (ubuntu-24.04)	Run python3 scripts/gate.py	2026-09-08T15:20:29.1572705Z 
gate (ubuntu-24.04)	Run python3 scripts/gate.py	2026-09-08T15:20:29.1573428Z running 0 tests
gate (ubuntu-24.04)	Run python3 scripts/gate.py	2026-09-08T15:20:29.1573862Z 
gate (ubuntu-24.04)	Run python3 scripts/gate.py	2026-09-08T15:20:29.1574451Z test result: ok. 0 passed; 0 failed; 0 ignored; 0 measured; 0 filtered out; finished in 0.00s
gate (ubuntu-24.04)	Run python3 scripts/gate.py	2026-09-08T15:20:29.1583081Z      Running tests/projection_cleanup_outcome.rs (target/debug/deps/projection_cleanup_outcome-f26e108a9ce11457)
gate (ubuntu-24.04)	Run python3 scripts/gate.py	2026-09-08T15:20:29.1583798Z 
gate (ubuntu-24.04)	Run python3 scripts/gate.py	2026-09-08T15:20:29.1588011Z 
gate (ubuntu-24.04)	Run python3 scripts/gate.py	2026-09-08T15:20:29.1588407Z running 2 tests
gate (ubuntu-24.04)	Run python3 scripts/gate.py	2026-09-08T15:20:29.1591022Z test domain_session_validation_rejects_incompatible_projection_admission ... ok
gate (ubuntu-24.04)	Run python3 scripts/gate.py	2026-09-08T15:20:29.1633332Z test forget_preserves_delete_and_uncertain_commit_failures_including_repeated_calls ... ok
gate (ubuntu-24.04)	Run python3 scripts/gate.py	2026-09-08T15:20:29.1634348Z 
gate (ubuntu-24.04)	Run python3 scripts/gate.py	2026-09-08T15:20:29.1634937Z test result: ok. 2 passed; 0 failed; 0 ignored; 0 measured; 0 filtered out; finished in 0.00s
gate (ubuntu-24.04)	Run python3 scripts/gate.py	2026-09-08T15:20:29.1635706Z 
gate (ubuntu-24.04)	Run python3 scripts/gate.py	2026-09-08T15:20:29.1643866Z      Running tests/projection_correctness.rs (target/debug/deps/projection_correctness-2325c9b4a07d1791)
gate (ubuntu-24.04)	Run python3 scripts/gate.py	2026-09-08T15:20:29.1647243Z 
gate (ubuntu-24.04)	Run python3 scripts/gate.py	2026-09-08T15:20:29.1647627Z running 4 tests
gate (ubuntu-24.04)	Run python3 scripts/gate.py	2026-09-08T15:20:29.1660848Z test impossible_global_parser_budgets_reject_before_child_launch ... ok
gate (ubuntu-24.04)	Run python3 scripts/gate.py	2026-09-08T15:20:29.1669317Z test process_future_panic_does_not_strand_runtime_shutdown ... ok
gate (ubuntu-24.04)	Run python3 scripts/gate.py	2026-09-08T15:20:29.1674734Z test resize_panic_during_close_keeps_cleanup_scheduled ... ok
gate (ubuntu-24.04)	Run python3 scripts/gate.py	2026-09-08T15:20:29.1686828Z test shutdown_closes_model_with_completed_request_wait_retained ... ok
gate (ubuntu-24.04)	Run python3 scripts/gate.py	2026-09-08T15:20:29.1687746Z      Running tests/raw_adversarial.rs (target/debug/deps/raw_adversarial-95fcbdbebac2e8b2)
gate (ubuntu-24.04)	Run python3 scripts/gate.py	2026-09-08T15:20:29.1688314Z 
gate (ubuntu-24.04)	Run python3 scripts/gate.py	2026-09-08T15:20:29.1688919Z test result: ok. 4 passed; 0 failed; 0 ignored; 0 measured; 0 filtered out; finished in 0.00s
gate (ubuntu-24.04)	Run python3 scripts/gate.py	2026-09-08T15:20:29.1689662Z 
gate (ubuntu-24.04)	Run python3 scripts/gate.py	2026-09-08T15:20:29.1699581Z 
gate (ubuntu-24.04)	Run python3 scripts/gate.py	2026-09-08T15:20:29.1699935Z running 1 test
gate (ubuntu-24.04)	Run python3 scripts/gate.py	2026-09-08T15:20:29.1728728Z test dropping_polled_pending_waits_releases_admission_and_preserves_cursor ... ok
gate (ubuntu-24.04)	Run python3 scripts/gate.py	2026-09-08T15:20:29.1729544Z 
gate (ubuntu-24.04)	Run python3 scripts/gate.py	2026-09-08T15:20:29.1730207Z test result: ok. 1 passed; 0 failed; 0 ignored; 0 measured; 0 filtered out; finished in 0.00s
gate (ubuntu-24.04)	Run python3 scripts/gate.py	2026-09-08T15:20:29.1731359Z      Running tests/raw_child_contract.rs (target/debug/deps/raw_child_contract-da27d10f8525b13e)
gate (ubuntu-24.04)	Run python3 scripts/gate.py	2026-09-08T15:20:29.1732301Z 
gate (ubuntu-24.04)	Run python3 scripts/gate.py	2026-09-08T15:20:29.1742610Z 
gate (ubuntu-24.04)	Run python3 scripts/gate.py	2026-09-08T15:20:29.1743310Z running 2 tests
gate (ubuntu-24.04)	Run python3 scripts/gate.py	2026-09-08T15:20:29.1782361Z test merged_stdout_stderr_preserves_binary_bytes_through_public_observer ... ok
gate (ubuntu-24.04)	Run python3 scripts/gate.py	2026-09-08T15:20:29.1830564Z test explicit_environment_literal_args_canonical_cwd_and_ordered_resize_reach_real_child ... ok
gate (ubuntu-24.04)	Run python3 scripts/gate.py	2026-09-08T15:20:29.1831669Z 
gate (ubuntu-24.04)	Run python3 scripts/gate.py	2026-09-08T15:20:29.1832292Z test result: ok. 2 passed; 0 failed; 0 ignored; 0 measured; 0 filtered out; finished in 0.01s
gate (ubuntu-24.04)	Run python3 scripts/gate.py	2026-09-08T15:20:29.1833057Z 
gate (ubuntu-24.04)	Run python3 scripts/gate.py	2026-09-08T15:20:29.1833704Z      Running tests/raw_completion.rs (target/debug/deps/raw_completion-6e12af9f9ef3fdff)
gate (ubuntu-24.04)	Run python3 scripts/gate.py	2026-09-08T15:20:29.1845539Z 
gate (ubuntu-24.04)	Run python3 scripts/gate.py	2026-09-08T15:20:29.1846255Z running 1 test
gate (ubuntu-24.04)	Run python3 scripts/gate.py	2026-09-08T15:20:29.2294291Z test signal_death_and_descendant_drain_never_become_fabricated_success ... ok
gate (ubuntu-24.04)	Run python3 scripts/gate.py	2026-09-08T15:20:29.2295772Z 
gate (ubuntu-24.04)	Run python3 scripts/gate.py	2026-09-08T15:20:29.2297604Z      Running tests/raw_registration.rs (target/debug/deps/raw_registration-170d3e5be63857d3)
gate (ubuntu-24.04)	Run python3 scripts/gate.py	2026-09-08T15:20:29.2312499Z test result: ok. 1 passed; 0 failed; 0 ignored; 0 measured; 0 filtered out; finished in 0.04s
gate (ubuntu-24.04)	Run python3 scripts/gate.py	2026-09-08T15:20:29.2313840Z 
gate (ubuntu-24.04)	Run python3 scripts/gate.py	2026-09-08T15:20:29.2314161Z 
gate (ubuntu-24.04)	Run python3 scripts/gate.py	2026-09-08T15:20:29.2314679Z running 1 test
gate (ubuntu-24.04)	Run python3 scripts/gate.py	2026-09-08T15:20:29.2386385Z test simultaneous_duplicate_calls_launch_once_even_after_completion_until_forgetting ... ok
gate (ubuntu-24.04)	Run python3 scripts/gate.py	2026-09-08T15:20:29.2387411Z      Running tests/raw_runtime.rs (target/debug/deps/raw_runtime-c992fc91ef61b576)
gate (ubuntu-24.04)	Run python3 scripts/gate.py	2026-09-08T15:20:29.2392598Z 
gate (ubuntu-24.04)	Run python3 scripts/gate.py	2026-09-08T15:20:29.2397358Z test result: ok. 1 passed; 0 failed; 0 ignored; 0 measured; 0 filtered out; finished in 0.01s
gate (ubuntu-24.04)	Run python3 scripts/gate.py	2026-09-08T15:20:29.2398048Z 
gate (ubuntu-24.04)	Run python3 scripts/gate.py	2026-09-08T15:20:29.2399736Z 
gate (ubuntu-24.04)	Run python3 scripts/gate.py	2026-09-08T15:20:29.2400000Z running 4 tests
gate (ubuntu-24.04)	Run python3 scripts/gate.py	2026-09-08T15:20:29.2428334Z test admission_bounds_and_owner_drop_preserve_explicit_completion ... ok
gate (ubuntu-24.04)	Run python3 scripts/gate.py	2026-09-08T15:20:29.2443478Z test detach_and_cancelled_observation_preserve_live_process_and_cursor ... ok
gate (ubuntu-24.04)	Run python3 scripts/gate.py	2026-09-08T15:20:29.2469464Z test synthetic_input_is_not_echoed_or_exposed_in_debug ... ok
gate (ubuntu-24.04)	Run python3 scripts/gate.py	2026-09-08T15:20:29.2490405Z test raw_suffix_gap_completion_and_completed_id_are_stable ... ok
gate (ubuntu-24.04)	Run python3 scripts/gate.py	2026-09-08T15:20:29.2491037Z 
gate (ubuntu-24.04)	Run python3 scripts/gate.py	2026-09-08T15:20:29.2491782Z test result: ok. 4 passed; 0 failed; 0 ignored; 0 measured; 0 filtered out; finished in 0.01s
gate (ubuntu-24.04)	Run python3 scripts/gate.py	2026-09-08T15:20:29.2492501Z 
gate (ubuntu-24.04)	Run python3 scripts/gate.py	2026-09-08T15:20:29.2493977Z      Running tests/runtime_performance.rs (target/debug/deps/runtime_performance-f72c15fee1f94c07)
gate (ubuntu-24.04)	Run python3 scripts/gate.py	2026-09-08T15:20:29.2504309Z 
gate (ubuntu-24.04)	Run python3 scripts/gate.py	2026-09-08T15:20:29.2504619Z running 0 tests
gate (ubuntu-24.04)	Run python3 scripts/gate.py	2026-09-08T15:20:29.2504952Z 
gate (ubuntu-24.04)	Run python3 scripts/gate.py	2026-09-08T15:20:29.2505465Z test result: ok. 0 passed; 0 failed; 0 ignored; 0 measured; 0 filtered out; finished in 0.00s
gate (ubuntu-24.04)	Run python3 scripts/gate.py	2026-09-08T15:20:29.2506114Z 
gate (ubuntu-24.04)	Run python3 scripts/gate.py	2026-09-08T15:20:29.2507170Z      Running unittests src/lib.rs (target/debug/deps/pty_runtime_application-4b2b7ce6301a0b93)
gate (ubuntu-24.04)	Run python3 scripts/gate.py	2026-09-08T15:20:29.2517406Z 
gate (ubuntu-24.04)	Run python3 scripts/gate.py	2026-09-08T15:20:29.2517724Z running 21 tests
gate (ubuntu-24.04)	Run python3 scripts/gate.py	2026-09-08T15:20:29.2524126Z test projection::tests::cleanup::authentication_failure_retains_only_source_and_close_releases_pool_handles ... ok
gate (ubuntu-24.04)	Run python3 scripts/gate.py	2026-09-08T15:20:29.2530753Z test projection::tests::cleanup::close_during_pending_commit_deletes_late_result_and_releases_services ... ok
gate (ubuntu-24.04)	Run python3 scripts/gate.py	2026-09-08T15:20:29.2532452Z test projection::tests::cleanup::close_progresses_with_every_normal_request_slot_held ... ok
gate (ubuntu-24.04)	Run python3 scripts/gate.py	2026-09-08T15:20:29.2533827Z test projection::tests::cleanup::failed_restore_retains_source_and_bounded_unprocessed_output_without_empty_model ... ok
gate (ubuntu-24.04)	Run python3 scripts/gate.py	2026-09-08T15:20:29.2535191Z test projection::tests::cleanup::failed_storage_has_finite_retries_and_retains_original_live_model ... ok
gate (ubuntu-24.04)	Run python3 scripts/gate.py	2026-09-08T15:20:29.2536592Z test projection::tests::cleanup::permanent_delete_failure_closes_truthfully_and_stays_charged_in_bounded_ledger ... ok
gate (ubuntu-24.04)	Run python3 scripts/gate.py	2026-09-08T15:20:29.2539835Z test projection::tests::cleanup::rejected_blocking_admission_schedules_bounded_retry_without_losing_model ... ok
gate (ubuntu-24.04)	Run python3 scripts/gate.py	2026-09-08T15:20:29.2541345Z test projection::tests::cleanup::scheduler_shutdown_fallback_finishes_late_commit_without_retaining_services ... ok
gate (ubuntu-24.04)	Run python3 scripts/gate.py	2026-09-08T15:20:29.2543094Z test projection::tests::cleanup::uncertain_commits_stay_charged_and_report_failure_on_every_close ... ok
gate (ubuntu-24.04)	Run python3 scripts/gate.py	2026-09-08T15:20:29.2544425Z test projection::tests::parking::idle_park_restore_orders_bytes_resize_history_and_single_authoritative_reply ... ok
gate (ubuntu-24.04)	Run python3 scripts/gate.py	2026-09-08T15:20:29.2545809Z test projection::tests::parking::output_during_commit_retains_model_and_cleanup_does_not_block_feed ... ok
gate (ubuntu-24.04)	Run python3 scripts/gate.py	2026-09-08T15:20:29.2547128Z test projection::tests::parking::output_during_encode_is_bounded_and_stale_commit_never_releases_live_model ... ok
gate (ubuntu-24.04)	Run python3 scripts/gate.py	2026-09-08T15:20:29.2548483Z test projection::tests::parking::parked_transfer_pin_uses_saved_source_without_native_restore ... ok
gate (ubuntu-24.04)	Run python3 scripts/gate.py	2026-09-08T15:20:29.2549681Z test projection::tests::parking::ready_view_captures_its_own_history_and_exact_order_boundary ... ok
gate (ubuntu-24.04)	Run python3 scripts/gate.py	2026-09-08T15:20:29.2550938Z test projection::tests::pressure::copied_views_retain_global_memory_admission_until_consumer_drop ... ok
gate (ubuntu-24.04)	Run python3 scripts/gate.py	2026-09-08T15:20:29.2553095Z test projection::tests::pressure::generated_reply_waits_for_single_writer_admission_without_refeeding_or_duplicate_send ... ok
gate (ubuntu-24.04)	Run python3 scripts/gate.py	2026-09-08T15:20:29.2554700Z test projection::tests::pressure::global_parser_capacity_released_by_another_session_wakes_waiter ... ok
gate (ubuntu-24.04)	Run python3 scripts/gate.py	2026-09-08T15:20:29.2555760Z      Running unittests src/lib.rs (target/debug/deps/pty_runtime_domain-74f7f9dee138c564)
gate (ubuntu-24.04)	Run python3 scripts/gate.py	2026-09-08T15:20:29.2557100Z test projection::tests::pressure::independent_parser_admission_is_all_or_none_and_early_capacity_notice_survives ... ok
gate (ubuntu-24.04)	Run python3 scripts/gate.py	2026-09-08T15:20:29.2558680Z test projection::tests::pressure::native_feed_panic_preserves_unprocessed_staging_and_rejects_projection_operations ... ok
gate (ubuntu-24.04)	Run python3 scripts/gate.py	2026-09-08T15:20:29.2560021Z test projection::tests::pressure::partial_generated_reply_fails_projection_and_is_never_resent ... ok
gate (ubuntu-24.04)	Run python3 scripts/gate.py	2026-09-08T15:20:29.2561326Z test projection::tests::pressure::resident_checkpoint_pin_reserves_plaintext_even_when_protection_bound_is_smaller ... ok
gate (ubuntu-24.04)	Run python3 scripts/gate.py	2026-09-08T15:20:29.2562787Z 
gate (ubuntu-24.04)	Run python3 scripts/gate.py	2026-09-08T15:20:29.2563281Z test result: ok. 21 passed; 0 failed; 0 ignored; 0 measured; 0 filtered out; finished in 0.00s
gate (ubuntu-24.04)	Run python3 scripts/gate.py	2026-09-08T15:20:29.2564216Z 
gate (ubuntu-24.04)	Run python3 scripts/gate.py	2026-09-08T15:20:29.2566763Z 
gate (ubuntu-24.04)	Run python3 scripts/gate.py	2026-09-08T15:20:29.2567043Z running 17 tests
gate (ubuntu-24.04)	Run python3 scripts/gate.py	2026-09-08T15:20:29.2570697Z test identity::tests::accepted_identity_discards_excess_owned_capacity_and_redacts ... ok
gate (ubuntu-24.04)	Run python3 scripts/gate.py	2026-09-08T15:20:29.2572218Z test identity::tests::identity_equality_is_literal_and_lifetimes_include_both_parts ... ok
gate (ubuntu-24.04)	Run python3 scripts/gate.py	2026-09-08T15:20:29.2573323Z test identity::tests::identity_enforces_byte_limit_and_control_policy ... ok
gate (ubuntu-24.04)	Run python3 scripts/gate.py	2026-09-08T15:20:29.2574251Z test process::tests::commands_are_literal_bounded_and_redacted ... ok
gate (ubuntu-24.04)	Run python3 scripts/gate.py	2026-09-08T15:20:29.2575163Z test process::tests::deadline_and_allocation_extremes_are_rejected ... ok
gate (ubuntu-24.04)	Run python3 scripts/gate.py	2026-09-08T15:20:29.2576091Z test process::tests::environment_keys_validate_and_overrides_remain_last ... ok
gate (ubuntu-24.04)	Run python3 scripts/gate.py	2026-09-08T15:20:29.2577151Z test projection::tests::close_rejects_late_commit_and_usable_completion_cannot_revive ... ok
gate (ubuntu-24.04)	Run python3 scripts/gate.py	2026-09-08T15:20:29.2578257Z test projection::tests::failed_retries_are_bounded_until_real_mutation ... ok
gate (ubuntu-24.04)	Run python3 scripts/gate.py	2026-09-08T15:20:29.2579362Z test projection::tests::invalid_policy_and_out_of_order_processed_controls_are_rejected ... ok
gate (ubuntu-24.04)	Run python3 scripts/gate.py	2026-09-08T15:20:29.2580545Z test projection::tests::mutation_invalidates_parking_without_advancing_unprocessed_position ... ok
gate (ubuntu-24.04)	Run python3 scripts/gate.py	2026-09-08T15:20:29.2582003Z test projection::tests::restoration_rejects_unadmitted_sources_and_preserves_failures ... ok
gate (ubuntu-24.04)	Run python3 scripts/gate.py	2026-09-08T15:20:29.2583108Z test projection::tests::successful_parking_does_not_consume_failed_retry_budget ... ok
gate (ubuntu-24.04)	Run python3 scripts/gate.py	2026-09-08T15:20:29.2584218Z test replay::tests::eviction_reports_gap_before_exact_suffix_and_reads_do_not_advance ... ok
gate (ubuntu-24.04)	Run python3 scripts/gate.py	2026-09-08T15:20:29.2585293Z test replay::tests::identities_and_future_positions_are_validated_even_when_empty ... ok
gate (ubuntu-24.04)	Run python3 scripts/gate.py	2026-09-08T15:20:29.2586376Z test replay::tests::offset_overflow_is_atomic_and_debug_redacts_content ... ok
gate (ubuntu-24.04)	Run python3 scripts/gate.py	2026-09-08T15:20:29.2587367Z test replay::tests::zero_retention_and_global_eviction_keep_stream_position ... ok
gate (ubuntu-24.04)	Run python3 scripts/gate.py	2026-09-08T15:20:29.2638526Z test replay::tests::chunking_matches_reference_suffix_across_capacities ... ok
gate (ubuntu-24.04)	Run python3 scripts/gate.py	2026-09-08T15:20:29.2639309Z 
gate (ubuntu-24.04)	Run python3 scripts/gate.py	2026-09-08T15:20:29.2639832Z test result: ok. 17 passed; 0 failed; 0 ignored; 0 measured; 0 filtered out; finished in 0.01s
gate (ubuntu-24.04)	Run python3 scripts/gate.py	2026-09-08T15:20:29.2640942Z      Running tests/replay_model.rs (target/debug/deps/replay_model-eafe28ce43f53de0)
gate (ubuntu-24.04)	Run python3 scripts/gate.py	2026-09-08T15:20:29.2641926Z 
gate (ubuntu-24.04)	Run python3 scripts/gate.py	2026-09-08T15:20:29.2651109Z 
gate (ubuntu-24.04)	Run python3 scripts/gate.py	2026-09-08T15:20:29.2651301Z running 1 test
gate (ubuntu-24.04)	Run python3 scripts/gate.py	2026-09-08T15:20:29.4424360Z test seeded_interleavings_match_an_append_only_ledger ... ok
gate (ubuntu-24.04)	Run python3 scripts/gate.py	2026-09-08T15:20:29.4425529Z 
gate (ubuntu-24.04)	Run python3 scripts/gate.py	2026-09-08T15:20:29.4426274Z test result: ok. 1 passed; 0 failed; 0 ignored; 0 measured; 0 filtered out; finished in 0.18s
gate (ubuntu-24.04)	Run python3 scripts/gate.py	2026-09-08T15:20:29.4427306Z      Running unittests src/lib.rs (target/debug/deps/pty_runtime_infrastructure-2622b3c06e76e7a5)
gate (ubuntu-24.04)	Run python3 scripts/gate.py	2026-09-08T15:20:29.4428013Z 
gate (ubuntu-24.04)	Run python3 scripts/gate.py	2026-09-08T15:20:29.4440286Z 
gate (ubuntu-24.04)	Run python3 scripts/gate.py	2026-09-08T15:20:29.4441083Z running 8 tests
gate (ubuntu-24.04)	Run python3 scripts/gate.py	2026-09-08T15:20:29.4448086Z test checkpoint::file::tests::failed_orphan_cleanup_retains_a_distinct_quota_charge ... ok
gate (ubuntu-24.04)	Run python3 scripts/gate.py	2026-09-08T15:20:29.4475992Z test checkpoint::file::tests::concurrent_commit_reservation_cannot_exceed_quota ... ok
gate (ubuntu-24.04)	Run python3 scripts/gate.py	2026-09-08T15:20:29.4479002Z test checkpoint::file::tests::partial_failed_writes_full_disk_and_zero_writes_clean_temporary_state ... ok
gate (ubuntu-24.04)	Run python3 scripts/gate.py	2026-09-08T15:20:29.4495614Z test checkpoint::file::tests::renamed_namespace_drop_does_not_remove_unrelated_replacement ... ok
gate (ubuntu-24.04)	Run python3 scripts/gate.py	2026-09-08T15:20:29.4523080Z test process::spawn_barrier_tests::blocked_and_failed_spawn_does_not_delay_existing_controls_or_reaping ... ok
gate (ubuntu-24.04)	Run python3 scripts/gate.py	2026-09-08T15:20:29.4531162Z test scheduling::blocking::tests::shutdown_joins_all_workers_and_releases_worker_state ... ok
gate (ubuntu-24.04)	Run python3 scripts/gate.py	2026-09-08T15:20:29.4536908Z test process::spawn_barrier_tests::immediate_shutdown_reaps_existing_child_before_stalled_launch_finishes ... ok
gate (ubuntu-24.04)	Run python3 scripts/gate.py	2026-09-08T15:20:29.4538151Z test scheduling::pool::tests::shutdown_joins_all_workers_and_releases_worker_state ... ok
gate (ubuntu-24.04)	Run python3 scripts/gate.py	2026-09-08T15:20:29.4539551Z 
gate (ubuntu-24.04)	Run python3 scripts/gate.py	2026-09-08T15:20:29.4539929Z test result: ok. 8 passed; 0 failed; 0 ignored; 0 measured; 0 filtered out; finished in 0.01s
gate (ubuntu-24.04)	Run python3 scripts/gate.py	2026-09-08T15:20:29.4540947Z 
gate (ubuntu-24.04)	Run python3 scripts/gate.py	2026-09-08T15:20:29.4541746Z      Running tests/checkpoint_adversarial.rs (target/debug/deps/checkpoint_adversarial-32b612c990fbad78)
gate (ubuntu-24.04)	Run python3 scripts/gate.py	2026-09-08T15:20:29.4552217Z 
gate (ubuntu-24.04)	Run python3 scripts/gate.py	2026-09-08T15:20:29.4553775Z running 4 tests
gate (ubuntu-24.04)	Run python3 scripts/gate.py	2026-09-08T15:20:29.4568796Z test drop_does_not_remove_foreign_replacement_directory ... ok
gate (ubuntu-24.04)	Run python3 scripts/gate.py	2026-09-08T15:20:29.4579550Z test failed_namespace_construction_rolls_back_under_restrictive_umask ... ok
gate (ubuntu-24.04)	Run python3 scripts/gate.py	2026-09-08T15:20:29.4580584Z test permission_or_hardlink_change_rejects_read_without_exposing_payload ... ok
gate (ubuntu-24.04)	Run python3 scripts/gate.py	2026-09-08T15:20:29.4720187Z test repeated_protection_uses_distinct_nonces_and_remains_authentic ... ok
gate (ubuntu-24.04)	Run python3 scripts/gate.py	2026-09-08T15:20:29.4720875Z 
gate (ubuntu-24.04)	Run python3 scripts/gate.py	2026-09-08T15:20:29.4721616Z test result: ok. 4 passed; 0 failed; 0 ignored; 0 measured; 0 filtered out; finished in 0.02s
gate (ubuntu-24.04)	Run python3 scripts/gate.py	2026-09-08T15:20:29.4722165Z 
gate (ubuntu-24.04)	Run python3 scripts/gate.py	2026-09-08T15:20:29.4723510Z      Running tests/checkpoint_contract.rs (target/debug/deps/checkpoint_contract-a66b6bc3db3e8fda)
gate (ubuntu-24.04)	Run python3 scripts/gate.py	2026-09-08T15:20:29.4734183Z 
gate (ubuntu-24.04)	Run python3 scripts/gate.py	2026-09-08T15:20:29.4734501Z running 5 tests
gate (ubuntu-24.04)	Run python3 scripts/gate.py	2026-09-08T15:20:29.4745181Z test existing_or_symlink_root_rejected_without_cleanup_of_foreign_content ... ok
gate (ubuntu-24.04)	Run python3 scripts/gate.py	2026-09-08T15:20:29.4749968Z test injected_provider_same_contract ... ok
gate (ubuntu-24.04)	Run python3 scripts/gate.py	2026-09-08T15:20:29.4751054Z test ciphertext_corruption_truncation_wrong_key_and_metadata_replay_rejected ... ok
gate (ubuntu-24.04)	Run python3 scripts/gate.py	2026-09-08T15:20:29.4764300Z test real_disk_quota_short_reads_symlinks_and_corrupt_files ... ok
gate (ubuntu-24.04)	Run python3 scripts/gate.py	2026-09-08T15:20:29.4771295Z test real_disk_contract_private_permissions_and_cleanup ... ok
gate (ubuntu-24.04)	Run python3 scripts/gate.py	2026-09-08T15:20:29.4772349Z 
gate (ubuntu-24.04)	Run python3 scripts/gate.py	2026-09-08T15:20:29.4772906Z test result: ok. 5 passed; 0 failed; 0 ignored; 0 measured; 0 filtered out; finished in 0.00s
gate (ubuntu-24.04)	Run python3 scripts/gate.py	2026-09-08T15:20:29.4774171Z      Running tests/checkpoint_opaque_envelope.rs (target/debug/deps/checkpoint_opaque_envelope-62c967055c1a6f92)
gate (ubuntu-24.04)	Run python3 scripts/gate.py	2026-09-08T15:20:29.4775039Z 
gate (ubuntu-24.04)	Run python3 scripts/gate.py	2026-09-08T15:20:29.4783933Z 
gate (ubuntu-24.04)	Run python3 scripts/gate.py	2026-09-08T15:20:29.4784240Z running 1 test
gate (ubuntu-24.04)	Run python3 scripts/gate.py	2026-09-08T15:20:29.4793090Z test storage_roundtrips_short_opaque_envelope_without_cipher_assumptions ... ok
gate (ubuntu-24.04)	Run python3 scripts/gate.py	2026-09-08T15:20:29.4793871Z 
gate (ubuntu-24.04)	Run python3 scripts/gate.py	2026-09-08T15:20:29.4794374Z test result: ok. 1 passed; 0 failed; 0 ignored; 0 measured; 0 filtered out; finished in 0.00s
gate (ubuntu-24.04)	Run python3 scripts/gate.py	2026-09-08T15:20:29.4795575Z      Running tests/process_adversarial.rs (target/debug/deps/process_adversarial-b79cb0ab2a1cfe67)
gate (ubuntu-24.04)	Run python3 scripts/gate.py	2026-09-08T15:20:29.4796180Z 
gate (ubuntu-24.04)	Run python3 scripts/gate.py	2026-09-08T15:20:29.4805427Z 
gate (ubuntu-24.04)	Run python3 scripts/gate.py	2026-09-08T15:20:29.4805722Z running 1 test
gate (ubuntu-24.04)	Run python3 scripts/gate.py	2026-09-08T15:20:29.4824568Z test failed_reader_terminates_long_lived_child_without_owner_shutdown ... ok
gate (ubuntu-24.04)	Run python3 scripts/gate.py	2026-09-08T15:20:29.4825345Z 
gate (ubuntu-24.04)	Run python3 scripts/gate.py	2026-09-08T15:20:29.4825877Z test result: ok. 1 passed; 0 failed; 0 ignored; 0 measured; 0 filtered out; finished in 0.00s
gate (ubuntu-24.04)	Run python3 scripts/gate.py	2026-09-08T15:20:29.4827023Z      Running tests/process_contract.rs (target/debug/deps/process_contract-058485e4d9bd8ff7)
gate (ubuntu-24.04)	Run python3 scripts/gate.py	2026-09-08T15:20:29.4827581Z 
gate (ubuntu-24.04)	Run python3 scripts/gate.py	2026-09-08T15:20:29.4837064Z 
gate (ubuntu-24.04)	Run python3 scripts/gate.py	2026-09-08T15:20:29.4837358Z running 7 tests
gate (ubuntu-24.04)	Run python3 scripts/gate.py	2026-09-08T15:20:29.5290785Z test cancellation_bypasses_full_input_and_escalates_once ... ok
gate (ubuntu-24.04)	Run python3 scripts/gate.py	2026-09-08T15:20:29.5310374Z test controlling_terminal_echo_off_ordered_input_and_real_exit ... ok
gate (ubuntu-24.04)	Run python3 scripts/gate.py	2026-09-08T15:20:29.5729930Z test descendant_endpoint_has_bounded_drain_separate_from_exit ... ok
gate (ubuntu-24.04)	Run python3 scripts/gate.py	2026-09-08T15:20:29.5870344Z test failed_spawn_releases_admission_and_drop_reaps_child ... ok
gate (ubuntu-24.04)	Run python3 scripts/gate.py	2026-09-08T15:20:29.5888075Z test literal_arguments_empty_environment_overrides_and_canonical_roots ... ok
gate (ubuntu-24.04)	Run python3 scripts/gate.py	2026-09-08T15:20:29.5909597Z test resize_and_quiet_reader_shutdown_are_interruptible ... ok
gate (ubuntu-24.04)	Run python3 scripts/gate.py	2026-09-08T15:20:29.7474944Z test blocked_output_does_not_block_exit_or_shutdown ... ok
gate (ubuntu-24.04)	Run python3 scripts/gate.py	2026-09-08T15:20:29.7475653Z 
gate (ubuntu-24.04)	Run python3 scripts/gate.py	2026-09-08T15:20:29.7476194Z test result: ok. 7 passed; 0 failed; 0 ignored; 0 measured; 0 filtered out; finished in 0.26s
gate (ubuntu-24.04)	Run python3 scripts/gate.py	2026-09-08T15:20:29.7477047Z 
gate (ubuntu-24.04)	Run python3 scripts/gate.py	2026-09-08T15:20:29.7478565Z      Running tests/process_handle_teardown.rs (target/debug/deps/process_handle_teardown-ac4116537e6e9338)
gate (ubuntu-24.04)	Run python3 scripts/gate.py	2026-09-08T15:20:29.7491727Z 
gate (ubuntu-24.04)	Run python3 scripts/gate.py	2026-09-08T15:20:29.7492083Z running 1 test
gate (ubuntu-24.04)	Run python3 scripts/gate.py	2026-09-08T15:20:29.7769310Z test retained_closed_handles_release_all_wake_descriptors ... ok
gate (ubuntu-24.04)	Run python3 scripts/gate.py	2026-09-08T15:20:29.7770688Z 
gate (ubuntu-24.04)	Run python3 scripts/gate.py	2026-09-08T15:20:29.7771247Z test result: ok. 1 passed; 0 failed; 0 ignored; 0 measured; 0 filtered out; finished in 0.03s
gate (ubuntu-24.04)	Run python3 scripts/gate.py	2026-09-08T15:20:29.7779051Z      Running tests/process_host_contract.rs (target/debug/deps/process_host_contract-2e8845973d0d2ecc)
gate (ubuntu-24.04)	Run python3 scripts/gate.py	2026-09-08T15:20:29.7779686Z 
gate (ubuntu-24.04)	Run python3 scripts/gate.py	2026-09-08T15:20:29.7786555Z 
gate (ubuntu-24.04)	Run python3 scripts/gate.py	2026-09-08T15:20:29.7786873Z running 4 tests
gate (ubuntu-24.04)	Run python3 scripts/gate.py	2026-09-08T15:20:29.7827455Z test backend_drop_ignores_twenty_four_hour_grace_and_reaps ... ok
gate (ubuntu-24.04)	Run python3 scripts/gate.py	2026-09-08T15:20:29.7828522Z test sigchld_policy_fixture ... ignored, runs only inside the isolated host-policy subprocess
gate (ubuntu-24.04)	Run python3 scripts/gate.py	2026-09-08T15:20:29.7842486Z test constructor_rejects_auto_reaping_policies_in_isolated_hosts ... ok
gate (ubuntu-24.04)	Run python3 scripts/gate.py	2026-09-08T15:20:29.7847565Z test unexpected_reader_failure_kills_long_lived_child_without_grace_delay ... ok
gate (ubuntu-24.04)	Run python3 scripts/gate.py	2026-09-08T15:20:29.7848775Z      Running tests/process_pressure.rs (target/debug/deps/process_pressure-40b806f4a63d4ff6)
gate (ubuntu-24.04)	Run python3 scripts/gate.py	2026-09-08T15:20:29.7849408Z 
gate (ubuntu-24.04)	Run python3 scripts/gate.py	2026-09-08T15:20:29.7850062Z test result: ok. 3 passed; 0 failed; 1 ignored; 0 measured; 0 filtered out; finished in 0.01s
gate (ubuntu-24.04)	Run python3 scripts/gate.py	2026-09-08T15:20:29.7850787Z 
gate (ubuntu-24.04)	Run python3 scripts/gate.py	2026-09-08T15:20:29.7859078Z 
gate (ubuntu-24.04)	Run python3 scripts/gate.py	2026-09-08T15:20:29.7859372Z running 4 tests
gate (ubuntu-24.04)	Run python3 scripts/gate.py	2026-09-08T15:20:29.7916563Z test callback_panics_do_not_orphan_children_or_break_other_sessions ... ok
gate (ubuntu-24.04)	Run python3 scripts/gate.py	2026-09-08T15:20:29.8425549Z test stalled_input_times_out_with_partial_ack_and_retains_no_admission ... ok
gate (ubuntu-24.04)	Run python3 scripts/gate.py	2026-09-08T15:20:29.8427082Z test simultaneous_producers_deliver_complete_bytes_and_quiet_cancel_remains_live ... ok
gate (ubuntu-24.04)	Run python3 scripts/gate.py	2026-09-08T15:20:29.8432262Z test symlinks_cannot_escape_allowed_launch_roots ... ok
gate (ubuntu-24.04)	Run python3 scripts/gate.py	2026-09-08T15:20:29.8432966Z 
gate (ubuntu-24.04)	Run python3 scripts/gate.py	2026-09-08T15:20:29.8433509Z test result: ok. 4 passed; 0 failed; 0 ignored; 0 measured; 0 filtered out; finished in 0.06s
gate (ubuntu-24.04)	Run python3 scripts/gate.py	2026-09-08T15:20:29.8434146Z 
gate (ubuntu-24.04)	Run python3 scripts/gate.py	2026-09-08T15:20:29.8435113Z      Running tests/scheduling_adversarial.rs (target/debug/deps/scheduling_adversarial-f022d94417795615)
gate (ubuntu-24.04)	Run python3 scripts/gate.py	2026-09-08T15:20:29.8447023Z 
gate (ubuntu-24.04)	Run python3 scripts/gate.py	2026-09-08T15:20:29.8447378Z running 4 tests
gate (ubuntu-24.04)	Run python3 scripts/gate.py	2026-09-08T15:20:29.8452598Z test excessive_worker_counts_are_rejected_before_thread_creation ... ok
gate (ubuntu-24.04)	Run python3 scripts/gate.py	2026-09-08T15:20:29.8453435Z test impossible_blocking_queue_bound_returns_error_without_panicking ... ok
gate (ubuntu-24.04)	Run python3 scripts/gate.py	2026-09-08T15:20:29.8454342Z test callback_owner_destructor_panic_does_not_destroy_worker_capacity ... ok
gate (ubuntu-24.04)	Run python3 scripts/gate.py	2026-09-08T15:20:29.8455246Z test impossible_registration_bounds_return_errors_without_panicking ... ok
gate (ubuntu-24.04)	Run python3 scripts/gate.py	2026-09-08T15:20:29.8456239Z      Running tests/scheduling_blocking.rs (target/debug/deps/scheduling_blocking-9d5ee08262a065ed)
gate (ubuntu-24.04)	Run python3 scripts/gate.py	2026-09-08T15:20:29.8462724Z 
gate (ubuntu-24.04)	Run python3 scripts/gate.py	2026-09-08T15:20:29.8463364Z test result: ok. 4 passed; 0 failed; 0 ignored; 0 measured; 0 filtered out; finished in 0.00s
gate (ubuntu-24.04)	Run python3 scripts/gate.py	2026-09-08T15:20:29.8464208Z 
gate (ubuntu-24.04)	Run python3 scripts/gate.py	2026-09-08T15:20:29.8467928Z 
gate (ubuntu-24.04)	Run python3 scripts/gate.py	2026-09-08T15:20:29.8468269Z running 3 tests
gate (ubuntu-24.04)	Run python3 scripts/gate.py	2026-09-08T15:20:29.8473049Z test capacity_generation_preserves_early_notifications ... ok
gate (ubuntu-24.04)	Run python3 scripts/gate.py	2026-09-08T15:20:29.8476414Z test blocked_job_admission_is_bounded_and_shutdown_drains_accepted_jobs ... ok
gate (ubuntu-24.04)	Run python3 scripts/gate.py	2026-09-08T15:20:29.8477798Z test job_panic_does_not_kill_worker_and_drop_joins_work ... ok
gate (ubuntu-24.04)	Run python3 scripts/gate.py	2026-09-08T15:20:29.8478395Z 
gate (ubuntu-24.04)	Run python3 scripts/gate.py	2026-09-08T15:20:29.8478958Z test result: ok. 3 passed; 0 failed; 0 ignored; 0 measured; 0 filtered out; finished in 0.00s
gate (ubuntu-24.04)	Run python3 scripts/gate.py	2026-09-08T15:20:29.8479672Z 
gate (ubuntu-24.04)	Run python3 scripts/gate.py	2026-09-08T15:20:29.8485660Z      Running tests/scheduling_pool.rs (target/debug/deps/scheduling_pool-13a288101367e19a)
gate (ubuntu-24.04)	Run python3 scripts/gate.py	2026-09-08T15:20:29.8490799Z 
gate (ubuntu-24.04)	Run python3 scripts/gate.py	2026-09-08T15:20:29.8491825Z running 5 tests
gate (ubuntu-24.04)	Run python3 scripts/gate.py	2026-09-08T15:20:29.8497983Z test callback_can_request_shutdown_without_self_join ... ok
gate (ubuntu-24.04)	Run python3 scripts/gate.py	2026-09-08T15:20:29.8502318Z test panic_reports_failure_and_other_work_continues ... ok
gate (ubuntu-24.04)	Run python3 scripts/gate.py	2026-09-08T15:20:29.8503584Z test registration_caps_handle_drop_and_weak_drop_reclaim_slots ... ok
gate (ubuntu-24.04)	Run python3 scripts/gate.py	2026-09-08T15:20:29.8504913Z test running_wakes_coalesce_without_overlap_and_close_releases_after_run ... ok
gate (ubuntu-24.04)	Run python3 scripts/gate.py	2026-09-08T15:20:29.8605533Z test timer_fires_without_external_wake_and_finished_closes_handle ... ok
gate (ubuntu-24.04)	Run python3 scripts/gate.py	2026-09-08T15:20:29.8606281Z 
gate (ubuntu-24.04)	Run python3 scripts/gate.py	2026-09-08T15:20:29.8606918Z test result: ok. 5 passed; 0 failed; 0 ignored; 0 measured; 0 filtered out; finished in 0.01s
gate (ubuntu-24.04)	Run python3 scripts/gate.py	2026-09-08T15:20:29.8608372Z      Running tests/terminal_bounds.rs (target/debug/deps/terminal_bounds-d75eb0eec41bb024)
gate (ubuntu-24.04)	Run python3 scripts/gate.py	2026-09-08T15:20:29.8609150Z 
gate (ubuntu-24.04)	Run python3 scripts/gate.py	2026-09-08T15:20:29.8620070Z 
gate (ubuntu-24.04)	Run python3 scripts/gate.py	2026-09-08T15:20:29.8620429Z running 0 tests
gate (ubuntu-24.04)	Run python3 scripts/gate.py	2026-09-08T15:20:29.8620876Z 
gate (ubuntu-24.04)	Run python3 scripts/gate.py	2026-09-08T15:20:29.8621676Z test result: ok. 0 passed; 0 failed; 0 ignored; 0 measured; 0 filtered out; finished in 0.00s
gate (ubuntu-24.04)	Run python3 scripts/gate.py	2026-09-08T15:20:29.8622913Z      Running tests/terminal_contract.rs (target/debug/deps/terminal_contract-e05e8059dd3932bd)
gate (ubuntu-24.04)	Run python3 scripts/gate.py	2026-09-08T15:20:29.8623679Z 
gate (ubuntu-24.04)	Run python3 scripts/gate.py	2026-09-08T15:20:29.8633942Z 
gate (ubuntu-24.04)	Run python3 scripts/gate.py	2026-09-08T15:20:29.8634635Z running 0 tests
gate (ubuntu-24.04)	Run python3 scripts/gate.py	2026-09-08T15:20:29.8635124Z 
gate (ubuntu-24.04)	Run python3 scripts/gate.py	2026-09-08T15:20:29.8635709Z test result: ok. 0 passed; 0 failed; 0 ignored; 0 measured; 0 filtered out; finished in 0.00s
gate (ubuntu-24.04)	Run python3 scripts/gate.py	2026-09-08T15:20:29.8638168Z    Doc-tests pty_runtime
gate (ubuntu-24.04)	Run python3 scripts/gate.py	2026-09-08T15:20:29.8652117Z 
gate (ubuntu-24.04)	Run python3 scripts/gate.py	2026-09-08T15:20:29.8824334Z 
gate (ubuntu-24.04)	Run python3 scripts/gate.py	2026-09-08T15:20:29.8824738Z running 0 tests
gate (ubuntu-24.04)	Run python3 scripts/gate.py	2026-09-08T15:20:29.8825155Z 
gate (ubuntu-24.04)	Run python3 scripts/gate.py	2026-09-08T15:20:29.8825686Z test result: ok. 0 passed; 0 failed; 0 ignored; 0 measured; 0 filtered out; finished in 0.00s
gate (ubuntu-24.04)	Run python3 scripts/gate.py	2026-09-08T15:20:29.8826421Z 
gate (ubuntu-24.04)	Run python3 scripts/gate.py	2026-09-08T15:20:29.8838967Z    Doc-tests pty_runtime_application
gate (ubuntu-24.04)	Run python3 scripts/gate.py	2026-09-08T15:20:29.9189418Z 
gate (ubuntu-24.04)	Run python3 scripts/gate.py	2026-09-08T15:20:29.9190391Z running 0 tests
gate (ubuntu-24.04)	Run python3 scripts/gate.py	2026-09-08T15:20:29.9190929Z 
gate (ubuntu-24.04)	Run python3 scripts/gate.py	2026-09-08T15:20:29.9191715Z test result: ok. 0 passed; 0 failed; 0 ignored; 0 measured; 0 filtered out; finished in 0.00s
gate (ubuntu-24.04)	Run python3 scripts/gate.py	2026-09-08T15:20:29.9192477Z 
gate (ubuntu-24.04)	Run python3 scripts/gate.py	2026-09-08T15:20:29.9204275Z    Doc-tests pty_runtime_domain
gate (ubuntu-24.04)	Run python3 scripts/gate.py	2026-09-08T15:20:29.9514095Z 
gate (ubuntu-24.04)	Run python3 scripts/gate.py	2026-09-08T15:20:29.9514961Z running 0 tests
gate (ubuntu-24.04)	Run python3 scripts/gate.py	2026-09-08T15:20:29.9515537Z 
gate (ubuntu-24.04)	Run python3 scripts/gate.py	2026-09-08T15:20:29.9516177Z test result: ok. 0 passed; 0 failed; 0 ignored; 0 measured; 0 filtered out; finished in 0.00s
gate (ubuntu-24.04)	Run python3 scripts/gate.py	2026-09-08T15:20:29.9516877Z 
gate (ubuntu-24.04)	Run python3 scripts/gate.py	2026-09-08T15:20:29.9528291Z    Doc-tests pty_runtime_infrastructure
gate (ubuntu-24.04)	Run python3 scripts/gate.py	2026-09-08T15:20:29.9880068Z 
gate (ubuntu-24.04)	Run python3 scripts/gate.py	2026-09-08T15:20:29.9880824Z running 0 tests
gate (ubuntu-24.04)	Run python3 scripts/gate.py	2026-09-08T15:20:29.9881817Z 
gate (ubuntu-24.04)	Run python3 scripts/gate.py	2026-09-08T15:20:29.9882498Z test result: ok. 0 passed; 0 failed; 0 ignored; 0 measured; 0 filtered out; finished in 0.00s
gate (ubuntu-24.04)	Run python3 scripts/gate.py	2026-09-08T15:20:29.9883260Z 
gate (ubuntu-24.04)	Run python3 scripts/gate.py	2026-09-08T15:20:29.9918650Z + cargo doc --locked --workspace --no-deps --all-features
gate (ubuntu-24.04)	Run python3 scripts/gate.py	2026-09-08T15:20:30.0312109Z     Checking pty-runtime-domain v0.1.0 (/home/runner/work/pty-runtime/pty-runtime/crates/domain)
gate (ubuntu-24.04)	Run python3 scripts/gate.py	2026-09-08T15:20:30.0325502Z  Documenting pty-runtime-domain v0.1.0 (/home/runner/work/pty-runtime/pty-runtime/crates/domain)
gate (ubuntu-24.04)	Run python3 scripts/gate.py	2026-09-08T15:20:30.2574116Z     Checking pty-runtime-application v0.1.0 (/home/runner/work/pty-runtime/pty-runtime/crates/application)
gate (ubuntu-24.04)	Run python3 scripts/gate.py	2026-09-08T15:20:30.5419479Z  Documenting pty-runtime-application v0.1.0 (/home/runner/work/pty-runtime/pty-runtime/crates/application)
gate (ubuntu-24.04)	Run python3 scripts/gate.py	2026-09-08T15:20:30.6152958Z     Checking pty-runtime-infrastructure v0.1.0 (/home/runner/work/pty-runtime/pty-runtime/crates/infrastructure)
gate (ubuntu-24.04)	Run python3 scripts/gate.py	2026-09-08T15:20:30.9712923Z     Checking pty-runtime v0.1.0 (/home/runner/work/pty-runtime/pty-runtime)
gate (ubuntu-24.04)	Run python3 scripts/gate.py	2026-09-08T15:20:31.0402820Z  Documenting pty-runtime v0.1.0 (/home/runner/work/pty-runtime/pty-runtime)
gate (ubuntu-24.04)	Run python3 scripts/gate.py	2026-09-08T15:20:31.0932942Z  Documenting pty-runtime-infrastructure v0.1.0 (/home/runner/work/pty-runtime/pty-runtime/crates/infrastructure)
gate (ubuntu-24.04)	Run python3 scripts/gate.py	2026-09-08T15:20:31.9009970Z     Finished `dev` profile [unoptimized + debuginfo] target(s) in 1.90s
gate (ubuntu-24.04)	Run python3 scripts/gate.py	2026-09-08T15:20:31.9022864Z    Generated /home/runner/work/pty-runtime/pty-runtime/target/doc/pty_runtime/index.html and 4 other files
gate (ubuntu-24.04)	Run python3 scripts/gate.py	2026-09-08T15:20:31.9043488Z + python3 scripts/performance.py
gate (ubuntu-24.04)	Run python3 scripts/gate.py	2026-09-08T15:20:31.9448496Z Evidence directory: /home/runner/work/pty-runtime/pty-runtime/work/runtime-performance/20260908T152031Z-8486478f
gate (ubuntu-24.04)	Run python3 scripts/gate.py	2026-09-08T15:20:43.2692878Z    Compiling libc v0.2.189
gate (ubuntu-24.04)	Run python3 scripts/gate.py	2026-09-08T15:20:43.2712223Z    Compiling version_check v0.9.5
gate (ubuntu-24.04)	Run python3 scripts/gate.py	2026-09-08T15:20:43.2732240Z    Compiling generic-array v0.14.7
gate (ubuntu-24.04)	Run python3 scripts/gate.py	2026-09-08T15:20:43.2752017Z    Compiling cfg-if v1.0.4
gate (ubuntu-24.04)	Run python3 scripts/gate.py	2026-09-08T15:20:43.2752629Z    Compiling typenum v1.20.1
gate (ubuntu-24.04)	Run python3 scripts/gate.py	2026-09-08T15:20:43.2772278Z    Compiling getrandom v0.2.16
gate (ubuntu-24.04)	Run python3 scripts/gate.py	2026-09-08T15:20:43.2788041Z    Compiling rand_core v0.6.4
gate (ubuntu-24.04)	Run python3 scripts/gate.py	2026-09-08T15:20:43.2802383Z    Compiling zeroize v1.9.0
gate (ubuntu-24.04)	Run python3 scripts/gate.py	2026-09-08T15:20:43.2822347Z    Compiling cpufeatures v0.2.17
gate (ubuntu-24.04)	Run python3 scripts/gate.py	2026-09-08T15:20:43.2842076Z    Compiling subtle v2.6.1
gate (ubuntu-24.04)	Run python3 scripts/gate.py	2026-09-08T15:20:43.2842715Z    Compiling crypto-common v0.1.7
gate (ubuntu-24.04)	Run python3 scripts/gate.py	2026-09-08T15:20:43.2862227Z    Compiling inout v0.1.4
gate (ubuntu-24.04)	Run python3 scripts/gate.py	2026-09-08T15:20:43.2882155Z    Compiling universal-hash v0.5.1
gate (ubuntu-24.04)	Run python3 scripts/gate.py	2026-09-08T15:20:43.2902094Z    Compiling opaque-debug v0.3.1
gate (ubuntu-24.04)	Run python3 scripts/gate.py	2026-09-08T15:20:43.2911994Z    Compiling cipher v0.4.4
gate (ubuntu-24.04)	Run python3 scripts/gate.py	2026-09-08T15:20:43.2931966Z    Compiling poly1305 v0.8.0
gate (ubuntu-24.04)	Run python3 scripts/gate.py	2026-09-08T15:20:43.2942155Z    Compiling chacha20 v0.9.1
gate (ubuntu-24.04)	Run python3 scripts/gate.py	2026-09-08T15:20:43.2962151Z    Compiling aead v0.5.2
gate (ubuntu-24.04)	Run python3 scripts/gate.py	2026-09-08T15:20:43.2972529Z    Compiling pty-runtime-domain v0.1.0 (/home/runner/work/pty-runtime/pty-runtime/crates/domain)
gate (ubuntu-24.04)	Run python3 scripts/gate.py	2026-09-08T15:20:43.2982676Z    Compiling pty-runtime-infrastructure v0.1.0 (/home/runner/work/pty-runtime/pty-runtime/crates/infrastructure)
gate (ubuntu-24.04)	Run python3 scripts/gate.py	2026-09-08T15:20:43.3002189Z    Compiling futures-core v0.3.34
gate (ubuntu-24.04)	Run python3 scripts/gate.py	2026-09-08T15:20:43.3022075Z    Compiling futures-channel v0.3.34
gate (ubuntu-24.04)	Run python3 scripts/gate.py	2026-09-08T15:20:43.3032330Z    Compiling pty-runtime-application v0.1.0 (/home/runner/work/pty-runtime/pty-runtime/crates/application)
gate (ubuntu-24.04)	Run python3 scripts/gate.py	2026-09-08T15:20:43.3042048Z    Compiling chacha20poly1305 v0.10.1
gate (ubuntu-24.04)	Run python3 scripts/gate.py	2026-09-08T15:20:43.3062418Z    Compiling pty-runtime v0.1.0 (/home/runner/work/pty-runtime/pty-runtime)
gate (ubuntu-24.04)	Run python3 scripts/gate.py	2026-09-08T15:20:43.3072071Z     Finished `release` profile [optimized] target(s) in 9.97s
gate (ubuntu-24.04)	Run python3 scripts/gate.py	2026-09-08T15:20:43.3092378Z      Running tests/runtime_performance.rs (target/release/deps/runtime_performance-e83d829a28675d9c)
gate (ubuntu-24.04)	Run python3 scripts/gate.py	2026-09-08T15:20:43.3101894Z 
gate (ubuntu-24.04)	Run python3 scripts/gate.py	2026-09-08T15:20:43.3122146Z running 1 test
gate (ubuntu-24.04)	Run python3 scripts/gate.py	2026-09-08T15:20:43.3135210Z test projected_real_pty_producers ... PERFORMANCE_JSON {"schema":1,"os":"linux","arch":"x86_64","build":"release","sessions":1,"payload_bytes_per_session":4194304,"raw_bytes_validated":4194326,"parser_processed_bytes":4194326,"startup_ns":2552695,"release_completion_skew_ns":0,"elapsed_ns":73774679,"payload_bytes_per_second":56852893.93126333,"cleanup_ns":452906,"rss_ready_bytes":5001216,"rss_after_processing_bytes":10579968,"open_fds_ready":14,"open_fds_after_shutdown":5,"descendant_processes_ready":1,"descendant_processes_after_shutdown":0,"peak_rss_bytes":null,"pss_bytes":null,"resident_budget_bytes":1073741824,"staging_budget_bytes":67108864,"replay_budget_bytes":4198400,"success":true}
gate (ubuntu-24.04)	Run python3 scripts/gate.py	2026-09-08T15:20:43.3165670Z PERFORMANCE_JSON {"schema":1,"os":"linux","arch":"x86_64","build":"release","sessions":16,"payload_bytes_per_session":4194304,"raw_bytes_validated":67109222,"parser_processed_bytes":67109222,"startup_ns":35898272,"release_completion_skew_ns":5079510,"elapsed_ns":1072583092,"payload_bytes_per_second":62567519.943713605,"cleanup_ns":3163700,"rss_ready_bytes":6479872,"rss_after_processing_bytes":186073088,"open_fds_ready":89,"open_fds_after_shutdown":5,"descendant_processes_ready":16,"descendant_processes_after_shutdown":0,"peak_rss_bytes":null,"pss_bytes":null,"resident_budget_bytes":1073741824,"staging_budget_bytes":67108864,"replay_budget_bytes":67174400,"success":true}
gate (ubuntu-24.04)	Run python3 scripts/gate.py	2026-09-08T15:20:43.3170276Z ok
gate (ubuntu-24.04)	Run python3 scripts/gate.py	2026-09-08T15:20:43.3181871Z 
gate (ubuntu-24.04)	Run python3 scripts/gate.py	2026-09-08T15:20:43.3182344Z test result: ok. 1 passed; 0 failed; 0 ignored; 0 measured; 0 filtered out; finished in 1.28s
gate (ubuntu-24.04)	Run python3 scripts/gate.py	2026-09-08T15:20:43.3182917Z 
gate (ubuntu-24.04)	Run python3 scripts/gate.py	2026-09-08T15:20:43.3183219Z + python3 -m unittest discover -s experiments/tests -v
gate (ubuntu-24.04)	Run python3 scripts/gate.py	2026-09-08T15:20:43.4072538Z test_descriptor_leak_is_rejected (test_gate.GateTests.test_descriptor_leak_is_rejected) ... ok
gate (ubuntu-24.04)	Run python3 scripts/gate.py	2026-09-08T15:20:43.4080682Z test_different_platform_is_rejected (test_gate.GateTests.test_different_platform_is_rejected) ... ok
gate (ubuntu-24.04)	Run python3 scripts/gate.py	2026-09-08T15:20:43.4091170Z test_different_workload_is_rejected (test_gate.GateTests.test_different_workload_is_rejected) ... ok
gate (ubuntu-24.04)	Run python3 scripts/gate.py	2026-09-08T15:20:43.4105795Z test_duplicate_result_is_rejected (test_gate.GateTests.test_duplicate_result_is_rejected) ... ok
gate (ubuntu-24.04)	Run python3 scripts/gate.py	2026-09-08T15:20:43.4107028Z test_extra_worker_is_rejected (test_gate.GateTests.test_extra_worker_is_rejected) ... ok
gate (ubuntu-24.04)	Run python3 scripts/gate.py	2026-09-08T15:20:43.4108194Z test_failed_result_cannot_be_omitted (test_gate.GateTests.test_failed_result_cannot_be_omitted) ... ok
gate (ubuntu-24.04)	Run python3 scripts/gate.py	2026-09-08T15:20:43.5131739Z test_fixture_timeout_is_reported_and_reaped (test_gate.GateTests.test_fixture_timeout_is_reported_and_reaped) ... ok
gate (ubuntu-24.04)	Run python3 scripts/gate.py	2026-09-08T15:20:43.5142517Z test_identical_baseline_passes (test_gate.GateTests.test_identical_baseline_passes) ... ok
gate (ubuntu-24.04)	Run python3 scripts/gate.py	2026-09-08T15:20:43.5148446Z test_memory_regression_fails (test_gate.GateTests.test_memory_regression_fails) ... ok
gate (ubuntu-24.04)	Run python3 scripts/gate.py	2026-09-08T15:20:43.5149791Z test_missing_latency_samples_are_rejected (test_gate.GateTests.test_missing_latency_samples_are_rejected) ... ok
gate (ubuntu-24.04)	Run python3 scripts/gate.py	2026-09-08T15:20:43.5156444Z test_missing_metric_cannot_pass_comparison (test_gate.GateTests.test_missing_metric_cannot_pass_comparison) ... ok
gate (ubuntu-24.04)	Run python3 scripts/gate.py	2026-09-08T15:20:43.5159988Z test_missing_repetition_is_rejected (test_gate.GateTests.test_missing_repetition_is_rejected) ... ok
gate (ubuntu-24.04)	Run python3 scripts/gate.py	2026-09-08T15:20:43.5163270Z test_nonfinite_measurement_is_rejected (test_gate.GateTests.test_nonfinite_measurement_is_rejected) ... ok
gate (ubuntu-24.04)	Run python3 scripts/gate.py	2026-09-08T15:20:43.5179633Z test_results_are_revalidated_from_raw_records (test_gate.GateTests.test_results_are_revalidated_from_raw_records) ... ok
gate (ubuntu-24.04)	Run python3 scripts/gate.py	2026-09-08T15:20:43.5184793Z test_small_noise_passes (test_gate.GateTests.test_small_noise_passes) ... ok
gate (ubuntu-24.04)	Run python3 scripts/gate.py	2026-09-08T15:20:43.5187667Z test_smoke_run_cannot_become_a_performance_baseline (test_gate.GateTests.test_smoke_run_cannot_become_a_performance_baseline) ... ok
gate (ubuntu-24.04)	Run python3 scripts/gate.py	2026-09-08T15:20:43.5193089Z test_throughput_regression_fails (test_gate.GateTests.test_throughput_regression_fails) ... ok
gate (ubuntu-24.04)	Run python3 scripts/gate.py	2026-09-08T15:20:43.5196035Z test_wrong_byte_total_is_rejected (test_gate.GateTests.test_wrong_byte_total_is_rejected) ... ok
gate (ubuntu-24.04)	Run python3 scripts/gate.py	2026-09-08T15:20:43.5199021Z test_wrong_os_memory_counter_is_rejected (test_gate.GateTests.test_wrong_os_memory_counter_is_rejected) ... ok
gate (ubuntu-24.04)	Run python3 scripts/gate.py	2026-09-08T15:20:43.5217371Z Building pinned libghostty-vt for x86_64-linux...
gate (ubuntu-24.04)	Run python3 scripts/gate.py	2026-09-08T15:20:43.5236487Z Building pinned libghostty-vt for x86_64-linux...
gate (ubuntu-24.04)	Run python3 scripts/gate.py	2026-09-08T15:20:43.5247764Z Building pinned libghostty-vt for x86_64-linux...
gate (ubuntu-24.04)	Run python3 scripts/gate.py	2026-09-08T15:20:43.5258651Z Building pinned libghostty-vt for x86_64-linux...
gate (ubuntu-24.04)	Run python3 scripts/gate.py	2026-09-08T15:20:43.5270816Z test_linux_build_and_cache_include_baseline_cpu_and_driver (test_native_build.NativeBuildContract.test_linux_build_and_cache_include_baseline_cpu_and_driver) ... ok
gate (ubuntu-24.04)	Run python3 scripts/gate.py	2026-09-08T15:20:43.5284690Z Building pinned libghostty-vt for aarch64-macos...
gate (ubuntu-24.04)	Run python3 scripts/gate.py	2026-09-08T15:20:43.5302070Z Building pinned libghostty-vt for aarch64-macos...
gate (ubuntu-24.04)	Run python3 scripts/gate.py	2026-09-08T15:20:43.5313984Z Building pinned libghostty-vt for aarch64-macos...
gate (ubuntu-24.04)	Run python3 scripts/gate.py	2026-09-08T15:20:43.5324920Z Building pinned libghostty-vt for aarch64-macos...
gate (ubuntu-24.04)	Run python3 scripts/gate.py	2026-09-08T15:20:43.5336965Z test_macos_build_and_cache_include_baseline_cpu_and_driver (test_native_build.NativeBuildContract.test_macos_build_and_cache_include_baseline_cpu_and_driver) ... ok
gate (ubuntu-24.04)	Run python3 scripts/gate.py	2026-09-08T15:20:43.5338226Z 
gate (ubuntu-24.04)	Run python3 scripts/gate.py	2026-09-08T15:20:43.5338795Z ----------------------------------------------------------------------
gate (ubuntu-24.04)	Run python3 scripts/gate.py	2026-09-08T15:20:43.5339501Z Ran 21 tests in 0.127s
gate (ubuntu-24.04)	Run python3 scripts/gate.py	2026-09-08T15:20:43.5340236Z 
gate (ubuntu-24.04)	Run python3 scripts/gate.py	2026-09-08T15:20:43.5340504Z OK
gate (ubuntu-24.04)	Run python3 scripts/gate.py	2026-09-08T15:20:43.5515563Z + cargo fmt --manifest-path experiments/pty/Cargo.toml --check
gate (ubuntu-24.04)	Run python3 scripts/gate.py	2026-09-08T15:20:43.6090107Z + cargo clippy --manifest-path experiments/pty/Cargo.toml --locked --all-targets -- -D warnings
gate (ubuntu-24.04)	Run python3 scripts/gate.py	2026-09-08T15:20:43.6702780Z     Updating crates.io index
gate (ubuntu-24.04)	Run python3 scripts/gate.py	2026-09-08T15:20:43.8857787Z  Downloading crates ...
gate (ubuntu-24.04)	Run python3 scripts/gate.py	2026-09-08T15:20:43.9473267Z   Downloaded itoa v1.0.18
gate (ubuntu-24.04)	Run python3 scripts/gate.py	2026-09-08T15:20:43.9756205Z   Downloaded serde_json v1.0.151
gate (ubuntu-24.04)	Run python3 scripts/gate.py	2026-09-08T15:20:43.9842259Z   Downloaded zmij v1.0.23
gate (ubuntu-24.04)	Run python3 scripts/gate.py	2026-09-08T15:20:43.9877874Z   Downloaded serde_core v1.0.229
gate (ubuntu-24.04)	Run python3 scripts/gate.py	2026-09-08T15:20:43.9909893Z   Downloaded memchr v2.8.3
gate (ubuntu-24.04)	Run python3 scripts/gate.py	2026-09-08T15:20:44.0107720Z    Compiling zmij v1.0.23
gate (ubuntu-24.04)	Run python3 scripts/gate.py	2026-09-08T15:20:44.0108725Z    Compiling serde_core v1.0.229
gate (ubuntu-24.04)	Run python3 scripts/gate.py	2026-09-08T15:20:44.1673787Z    Compiling libc v0.2.189
gate (ubuntu-24.04)	Run python3 scripts/gate.py	2026-09-08T15:20:44.2172792Z    Compiling serde_json v1.0.151
gate (ubuntu-24.04)	Run python3 scripts/gate.py	2026-09-08T15:20:44.6152761Z     Checking itoa v1.0.18
gate (ubuntu-24.04)	Run python3 scripts/gate.py	2026-09-08T15:20:44.6902513Z     Checking memchr v2.8.3
gate (ubuntu-24.04)	Run python3 scripts/gate.py	2026-09-08T15:20:46.5069262Z     Checking pty-experiment-harness v0.1.0 (/home/runner/work/pty-runtime/pty-runtime/experiments/pty)
gate (ubuntu-24.04)	Run python3 scripts/gate.py	2026-09-08T15:20:46.7098931Z     Finished `dev` profile [unoptimized + debuginfo] target(s) in 3.06s
gate (ubuntu-24.04)	Run python3 scripts/gate.py	2026-09-08T15:20:46.7205938Z Mechanical gate passed. Specialist reviews and milestone proof remain required.
gate (ubuntu-24.04)	Post Run actions/cache@v4	﻿2026-09-08T15:20:46.7967914Z Node 20 is being deprecated. This workflow is running with Node 24 by default. If you need to temporarily use Node 20, you can set the ACTIONS_ALLOW_USE_UNSECURE_NODE_VERSION=true environment variable. For more information see: https://github.blog/changelog/2025-09-19-deprecation-of-node-20-on-github-actions-runners/
gate (ubuntu-24.04)	Post Run actions/cache@v4	2026-09-08T15:20:46.7969133Z Post job cleanup.
gate (ubuntu-24.04)	Post Run actions/cache@v4	2026-09-08T15:20:46.9155538Z (node:10210) [DEP0040] DeprecationWarning: The `punycode` module is deprecated. Please use a userland alternative instead.
gate (ubuntu-24.04)	Post Run actions/cache@v4	2026-09-08T15:20:46.9156650Z (Use `node --trace-deprecation ...` to show where the warning was created)
gate (ubuntu-24.04)	Post Run actions/cache@v4	2026-09-08T15:20:46.9343389Z [command]/usr/bin/tar --posix -cf cache.tzst --exclude cache.tzst -P -C /home/runner/work/pty-runtime/pty-runtime --files-from manifest.txt --use-compress-program zstdmt
gate (ubuntu-24.04)	Post Run actions/cache@v4	2026-09-08T15:20:51.6950841Z (node:10210) [DEP0169] DeprecationWarning: `url.parse()` behavior is not standardized and prone to errors that have security implications. Use the WHATWG URL API instead. CVEs are not issued for `url.parse()` vulnerabilities.
gate (ubuntu-24.04)	Post Run actions/cache@v4	2026-09-08T15:20:52.6794381Z Sent 24203487 of 359747807 (6.7%), 23.1 MBs/sec
gate (ubuntu-24.04)	Post Run actions/cache@v4	2026-09-08T15:20:53.6757015Z Sent 292638943 of 359747807 (81.3%), 139.5 MBs/sec
gate (ubuntu-24.04)	Post Run actions/cache@v4	2026-09-08T15:20:53.8852256Z Sent 359747807 of 359747807 (100.0%), 155.2 MBs/sec
gate (ubuntu-24.04)	Post Run actions/cache@v4	2026-09-08T15:20:54.0078280Z Cache saved with key: native-baseline-v2-Linux-X64-4159ce70eab311e023a97dc54988244068bc7daa2753c2b79070cfa6cb02643b
gate (ubuntu-24.04)	Post Run actions/setup-python@v5	﻿2026-09-08T15:20:54.0249360Z Node 20 is being deprecated. This workflow is running with Node 24 by default. If you need to temporarily use Node 20, you can set the ACTIONS_ALLOW_USE_UNSECURE_NODE_VERSION=true environment variable. For more information see: https://github.blog/changelog/2025-09-19-deprecation-of-node-20-on-github-actions-runners/
gate (ubuntu-24.04)	Post Run actions/setup-python@v5	2026-09-08T15:20:54.0250615Z Post job cleanup.
gate (ubuntu-24.04)	Post Run actions/setup-python@v5	2026-09-08T15:20:54.1556918Z (node:10231) [DEP0040] DeprecationWarning: The `punycode` module is deprecated. Please use a userland alternative instead.
gate (ubuntu-24.04)	Post Run actions/setup-python@v5	2026-09-08T15:20:54.1558414Z (Use `node --trace-deprecation ...` to show where the warning was created)
gate (ubuntu-24.04)	Post Run actions/checkout@v4	﻿2026-09-08T15:20:54.1800247Z Node 20 is being deprecated. This workflow is running with Node 24 by default. If you need to temporarily use Node 20, you can set the ACTIONS_ALLOW_USE_UNSECURE_NODE_VERSION=true environment variable. For more information see: https://github.blog/changelog/2025-09-19-deprecation-of-node-20-on-github-actions-runners/
gate (ubuntu-24.04)	Post Run actions/checkout@v4	2026-09-08T15:20:54.1802647Z Post job cleanup.
gate (ubuntu-24.04)	Post Run actions/checkout@v4	2026-09-08T15:20:54.2882547Z [command]/usr/bin/git version
gate (ubuntu-24.04)	Post Run actions/checkout@v4	2026-09-08T15:20:54.2970526Z git version 2.55.0
gate (ubuntu-24.04)	Post Run actions/checkout@v4	2026-09-08T15:20:54.3035268Z Temporarily overriding HOME='/home/runner/work/_temp/ddd8c8d8-d5cb-4b10-976a-5d65f250bcac' before making global git config changes
gate (ubuntu-24.04)	Post Run actions/checkout@v4	2026-09-08T15:20:54.3037358Z Adding repository directory to the temporary git global config as a safe directory
gate (ubuntu-24.04)	Post Run actions/checkout@v4	2026-09-08T15:20:54.3038750Z [command]/usr/bin/git config --global --add safe.directory /home/runner/work/pty-runtime/pty-runtime
gate (ubuntu-24.04)	Post Run actions/checkout@v4	2026-09-08T15:20:54.3092767Z [command]/usr/bin/git config --local --name-only --get-regexp core\.sshCommand
gate (ubuntu-24.04)	Post Run actions/checkout@v4	2026-09-08T15:20:54.3194173Z [command]/usr/bin/git submodule foreach --recursive sh -c "git config --local --name-only --get-regexp 'core\.sshCommand' && git config --local --unset-all 'core.sshCommand' || :"
gate (ubuntu-24.04)	Post Run actions/checkout@v4	2026-09-08T15:20:54.4028418Z [command]/usr/bin/git config --local --name-only --get-regexp http\.https\:\/\/github\.com\/\.extraheader
gate (ubuntu-24.04)	Post Run actions/checkout@v4	2026-09-08T15:20:54.4107881Z http.https://github.com/.extraheader
gate (ubuntu-24.04)	Post Run actions/checkout@v4	2026-09-08T15:20:54.4192796Z [command]/usr/bin/git config --local --unset-all http.https://github.com/.extraheader
gate (ubuntu-24.04)	Post Run actions/checkout@v4	2026-09-08T15:20:54.4323516Z [command]/usr/bin/git submodule foreach --recursive sh -c "git config --local --name-only --get-regexp 'http\.https\:\/\/github\.com\/\.extraheader' && git config --local --unset-all 'http.https://github.com/.extraheader' || :"
gate (ubuntu-24.04)	Post Run actions/checkout@v4	2026-09-08T15:20:54.5075775Z [command]/usr/bin/git config --local --name-only --get-regexp ^includeIf\.gitdir:
gate (ubuntu-24.04)	Post Run actions/checkout@v4	2026-09-08T15:20:54.5165240Z [command]/usr/bin/git submodule foreach --recursive git config --local --show-origin --name-only --get-regexp remote.origin.url
gate (ubuntu-24.04)	Complete job	﻿2026-09-08T15:20:54.5615362Z Cleaning up orphan processes
gate (ubuntu-24.04)	Complete job	2026-09-08T15:20:54.5929006Z ##[warning]Node.js 20 is deprecated. The following actions target Node.js 20 but are being forced to run on Node.js 24: actions/cache@v4, actions/checkout@v4, actions/setup-python@v5. For more information see: https://github.blog/changelog/2025-09-19-deprecation-of-node-20-on-github-actions-runners/
